id,name,Result
2505,Keith Haring,✅ Found to fetch entity
109,street art,is added movements table
109,street art,is found in movements table
109,2505,is added in human_movement table
109,2505,is found in human_movement table
48,contemporary art,is found in movements table
48,2505,is added in human_movement table
48,2505,is found in human_movement table
3821,André Masson,✅ Found to fetch entity
3,Surrealism,is found in movements table
3,3821,is added in human_movement table
3,3821,is found in human_movement table
4095,Berthe Morisot,✅ Found to fetch entity
13,Impressionism,is found in movements table
13,4095,is added in human_movement table
13,4095,is found in human_movement table
5623,Edward Steichen,✅ Found to fetch entity
110,pictorialism,is added movements table
110,pictorialism,is found in movements table
110,5623,is added in human_movement table
110,5623,is found in human_movement table
434,Max Beerbohm,✅ Found to fetch entity
559,Max Bill,✅ Found to fetch entity
111,geometric abstraction,is added movements table
111,geometric abstraction,is found in movements table
111,559,is added in human_movement table
111,559,is found in human_movement table
64,abstract art,is found in movements table
64,559,is added in human_movement table
64,559,is found in human_movement table
112,Art Concret,is added movements table
112,Art Concret,is found in movements table
112,559,is added in human_movement table
112,559,is found in human_movement table
708,Émile-Antoine Bourdelle,✅ Found to fetch entity
1114,Christo,✅ Found to fetch entity
113,land art,is added movements table
113,land art,is found in movements table
113,1114,is added in human_movement table
113,1114,is found in human_movement table
3086,Anselm Kiefer,✅ Found to fetch entity
96,neo-expressionism,is found in movements table
96,3086,is added in human_movement table
96,3086,is found in human_movement table
3213,Willem de Kooning,✅ Found to fetch entity
87,abstract expressionism,is found in movements table
87,3213,is added in human_movement table
87,3213,is found in human_movement table
88,action painting,is found in movements table
88,3213,is added in human_movement table
88,3213,is found in human_movement table
3528,Sol LeWitt,✅ Found to fetch entity
23,conceptual art,is found in movements table
23,3528,is added in human_movement table
23,3528,is found in human_movement table
104,Minimalism,is found in movements table
104,3528,is added in human_movement table
104,3528,is found in human_movement table
6584,Anders Zorn,✅ Found to fetch entity
13,Impressionism,is found in movements table
13,6584,is added in human_movement table
13,6584,is found in human_movement table
203,Karel Appel,✅ Found to fetch entity
114,COBRA,is added movements table
114,COBRA,is found in movements table
114,203,is added in human_movement table
114,203,is found in human_movement table
87,abstract expressionism,is found in movements table
87,203,is added in human_movement table
87,203,is found in human_movement table
932,Julia Margaret Cameron,✅ Found to fetch entity
110,pictorialism,is found in movements table
110,932,is added in human_movement table
110,932,is found in human_movement table
5538,Pierre Soulages,✅ Found to fetch entity
60,Informalism,is found in movements table
60,5538,is added in human_movement table
60,5538,is found in human_movement table
64,abstract art,is found in movements table
64,5538,is added in human_movement table
64,5538,is found in human_movement table
80,School of Paris,is found in movements table
80,5538,is added in human_movement table
80,5538,is found in human_movement table
8200,David Byrne,✅ Found to fetch entity
66197,Peter Greenaway,✅ Found to fetch entity
452,Hans Bellmer,✅ Found to fetch entity
3,Surrealism,is found in movements table
3,452,is added in human_movement table
3,452,is found in human_movement table
693,Fernando Botero,✅ Found to fetch entity
48,contemporary art,is found in movements table
48,693,is added in human_movement table
48,693,is found in human_movement table
3302,František Kupka,✅ Found to fetch entity
99,Orphism,is found in movements table
99,3302,is added in human_movement table
99,3302,is found in human_movement table
11,Symbolism,is found in movements table
11,3302,is added in human_movement table
11,3302,is found in human_movement table
64,abstract art,is found in movements table
64,3302,is added in human_movement table
64,3302,is found in human_movement table
6068,Henry Clemens van de Velde,✅ Found to fetch entity
41,Art Nouveau,is found in movements table
41,6068,is added in human_movement table
41,6068,is found in human_movement table
6,modernism,is found in movements table
6,6068,is added in human_movement table
6,6068,is found in human_movement table
3772,Marino Marini,✅ Found to fetch entity
10,modern art,is found in movements table
10,3772,is added in human_movement table
10,3772,is found in human_movement table
6177,Maurice de Vlaminck,✅ Found to fetch entity
2,Fauvism,is found in movements table
2,6177,is added in human_movement table
2,6177,is found in human_movement table
1,Cubism,is found in movements table
1,6177,is added in human_movement table
1,6177,is found in human_movement table
8443,Merce Cunningham,✅ Found to fetch entity
32231,Carl Theodor Dreyer,✅ Found to fetch entity
1800,Henri Fantin-Latour,✅ Found to fetch entity
39,Realism,is found in movements table
39,1800,is added in human_movement table
39,1800,is found in human_movement table
11,Symbolism,is found in movements table
11,1800,is added in human_movement table
11,1800,is found in human_movement table
13,Impressionism,is found in movements table
13,1800,is added in human_movement table
13,1800,is found in human_movement table
2423,Renato Guttuso,✅ Found to fetch entity
7,Expressionism,is found in movements table
7,2423,is added in human_movement table
7,2423,is found in human_movement table
4397,Claes Oldenburg,✅ Found to fetch entity
8,pop art,is found in movements table
8,4397,is added in human_movement table
8,4397,is found in human_movement table
5664,Alfred Stieglitz,✅ Found to fetch entity
115,Photo-Secession,is added movements table
115,Photo-Secession,is found in movements table
115,5664,is added in human_movement table
115,5664,is found in human_movement table
116,straight photography,is added movements table
116,straight photography,is found in movements table
116,5664,is added in human_movement table
116,5664,is found in human_movement table
5882,Jean Tinguely,✅ Found to fetch entity
81,kinetic art,is found in movements table
81,5882,is added in human_movement table
81,5882,is found in human_movement table
22,Dada,is found in movements table
22,5882,is added in human_movement table
22,5882,is found in human_movement table
55,Nouveau réalisme,is found in movements table
55,5882,is added in human_movement table
55,5882,is found in human_movement table
8349,Shirin Neshat,✅ Found to fetch entity
48,contemporary art,is found in movements table
48,8349,is added in human_movement table
48,8349,is found in human_movement table
41,Berenice Abbott,✅ Found to fetch entity
116,straight photography,is found in movements table
116,41,is added in human_movement table
116,41,is found in human_movement table
53,Vito Acconci,✅ Found to fetch entity
48,contemporary art,is found in movements table
48,53,is added in human_movement table
48,53,is found in human_movement table
317,Balthus (Baltusz Klossowski de Rola),✅ Found to fetch entity
3,Surrealism,is found in movements table
3,317,is added in human_movement table
3,317,is found in human_movement table
42,New Objectivity,is found in movements table
42,317,is added in human_movement table
42,317,is found in human_movement table
335,Ernst Barlach,✅ Found to fetch entity
7,Expressionism,is found in movements table
7,335,is added in human_movement table
7,335,is found in human_movement table
3072,André Kertész,✅ Found to fetch entity
3149,Max Klinger,✅ Found to fetch entity
11,Symbolism,is found in movements table
11,3149,is added in human_movement table
11,3149,is found in human_movement table
3563,Jacques Lipchitz,✅ Found to fetch entity
64,abstract art,is found in movements table
64,3563,is added in human_movement table
64,3563,is found in human_movement table
3782,Albert Marquet,✅ Found to fetch entity
2,Fauvism,is found in movements table
2,3782,is added in human_movement table
2,3782,is found in human_movement table
7532,Nan Goldin,✅ Found to fetch entity
117,Five of Boston,is added movements table
117,Five of Boston,is found in movements table
117,7532,is added in human_movement table
117,7532,is found in human_movement table
7898,Bill Viola,✅ Found to fetch entity
118,new media art,is added movements table
118,new media art,is found in movements table
118,7898,is added in human_movement table
118,7898,is found in human_movement table
3569,El Lissitzky,✅ Found to fetch entity
50,Constructivism,is found in movements table
50,3569,is added in human_movement table
50,3569,is found in human_movement table
89,Suprematism,is found in movements table
89,3569,is added in human_movement table
89,3569,is found in human_movement table
3748,Franz Marc,✅ Found to fetch entity
7,Expressionism,is found in movements table
7,3748,is added in human_movement table
7,3748,is found in human_movement table
3918,Georges Méliès,✅ Found to fetch entity
4293,Ben Nicholson,✅ Found to fetch entity
64,abstract art,is found in movements table
64,4293,is added in human_movement table
64,4293,is found in human_movement table
5640,Frank Stella,✅ Found to fetch entity
119,Post-painterly Abstraction,is added movements table
119,Post-painterly Abstraction,is found in movements table
119,5640,is added in human_movement table
119,5640,is found in human_movement table
104,Minimalism,is found in movements table
104,5640,is added in human_movement table
104,5640,is found in human_movement table
6953,Zaha Hadid,✅ Found to fetch entity
120,deconstructivism,is added movements table
120,deconstructivism,is found in movements table
120,6953,is added in human_movement table
120,6953,is found in human_movement table
32041,Robert Altman,✅ Found to fetch entity
208,Diane Arbus,✅ Found to fetch entity
4278,Louise Nevelson,✅ Found to fetch entity
87,abstract expressionism,is found in movements table
87,4278,is added in human_movement table
87,4278,is found in human_movement table
6533,Ossip Zadkine,✅ Found to fetch entity
1,Cubism,is found in movements table
1,6533,is added in human_movement table
1,6533,is found in human_movement table
121776,Shel Silverstein,✅ Found to fetch entity
649,Christian Boltanski,✅ Found to fetch entity
48,contemporary art,is found in movements table
48,649,is added in human_movement table
48,649,is found in human_movement table
1104,Eduardo Chillida,✅ Found to fetch entity
64,abstract art,is found in movements table
64,1104,is added in human_movement table
64,1104,is found in human_movement table
2349,Juan Gris,✅ Found to fetch entity
1,Cubism,is found in movements table
1,2349,is added in human_movement table
1,2349,is found in human_movement table
3408,Marie Laurencin,✅ Found to fetch entity
2,Fauvism,is found in movements table
2,3408,is added in human_movement table
2,3408,is found in human_movement table
1,Cubism,is found in movements table
1,3408,is added in human_movement table
1,3408,is found in human_movement table
3742,Giacomo Manzù,✅ Found to fetch entity
4305,Vaslav Nijinsky,✅ Found to fetch entity
5366,Ben Shahn,✅ Found to fetch entity
65,social realism,is found in movements table
65,5366,is added in human_movement table
65,5366,is found in human_movement table
46487,Roger Waters,✅ Found to fetch entity
624,Umberto Boccioni,✅ Found to fetch entity
44,Futurism,is found in movements table
44,624,is added in human_movement table
44,624,is found in human_movement table
855,Bernard Buffet,✅ Found to fetch entity
7,Expressionism,is found in movements table
7,855,is added in human_movement table
7,855,is found in human_movement table
1741,Jacob Epstein,✅ Found to fetch entity
1973,Robert Frank,✅ Found to fetch entity
1993,Lucian Freud,✅ Found to fetch entity
7,Expressionism,is found in movements table
7,1993,is added in human_movement table
7,1993,is found in human_movement table
121,School of London,is added movements table
121,School of London,is found in movements table
121,1993,is added in human_movement table
121,1993,is found in human_movement table
2681,Ferdinand Hodler,✅ Found to fetch entity
41,Art Nouveau,is found in movements table
41,2681,is added in human_movement table
41,2681,is found in human_movement table
11,Symbolism,is found in movements table
11,2681,is added in human_movement table
11,2681,is found in human_movement table
4908,Hans Richter,✅ Found to fetch entity
22,Dada,is found in movements table
22,4908,is added in human_movement table
22,4908,is found in human_movement table
1,Cubism,is found in movements table
1,4908,is added in human_movement table
1,4908,is found in human_movement table
12594,Paul Bowles,✅ Found to fetch entity
32,Beat Generation,is found in movements table
32,12594,is added in human_movement table
32,12594,is found in human_movement table
90865,D. W. Griffith,✅ Found to fetch entity
1573,Robert Doisneau,✅ Found to fetch entity
5804,Yves Tanguy,✅ Found to fetch entity
3,Surrealism,is found in movements table
3,5804,is added in human_movement table
3,5804,is found in human_movement table
3,Surrealism,is found in movements table
5804,Surrealism,"UNIQUE constraint failed: human_movement.human_id, human_movement.movement_id"
8233,John Heartfield (Helmut Herzfeld),✅ Found to fetch entity
22,Dada,is found in movements table
22,8233,is added in human_movement table
22,8233,is found in human_movement table
35439,Derek Jarman,✅ Found to fetch entity
370,Jean-Michel Basquiat,✅ Found to fetch entity
96,neo-expressionism,is found in movements table
96,370,is added in human_movement table
96,370,is found in human_movement table
31,primitivism,is found in movements table
31,370,is added in human_movement table
31,370,is found in human_movement table
1485,Paul Delvaux,✅ Found to fetch entity
1935,Jean-Louis Forain,✅ Found to fetch entity
2525,Hans Hartung,✅ Found to fetch entity
87,abstract expressionism,is found in movements table
87,2525,is added in human_movement table
87,2525,is found in human_movement table
6077,Kees van Dongen,✅ Found to fetch entity
2,Fauvism,is found in movements table
2,6077,is added in human_movement table
2,6077,is found in human_movement table
122,Die Brücke,is added movements table
122,Die Brücke,is found in movements table
122,6077,is added in human_movement table
122,6077,is found in human_movement table
28875,Chris Marker,✅ Found to fetch entity
34418,Louis-Jacques-Mandé Daguerre,✅ Found to fetch entity
34722,Ai Weiwei,✅ Found to fetch entity
23,conceptual art,is found in movements table
23,34722,is added in human_movement table
23,34722,is found in human_movement table
769,Marcel Breuer,✅ Found to fetch entity
19,brutalist architecture,is found in movements table
19,769,is added in human_movement table
19,769,is found in human_movement table
3525,Wyndham Lewis,✅ Found to fetch entity
123,vorticism,is added movements table
123,vorticism,is found in movements table
123,3525,is added in human_movement table
123,3525,is found in human_movement table
6,modernism,is found in movements table
6,3525,is added in human_movement table
6,3525,is found in human_movement table
3842,Roberto Matta,✅ Found to fetch entity
3,Surrealism,is found in movements table
3,3842,is added in human_movement table
3,3842,is found in human_movement table
4762,Pierre Puvis de Chavannes,✅ Found to fetch entity
11,Symbolism,is found in movements table
11,4762,is added in human_movement table
11,4762,is found in human_movement table
5219,Oskar Schlemmer,✅ Found to fetch entity
25,Bauhaus,is found in movements table
25,5219,is added in human_movement table
25,5219,is found in human_movement table
5543,Chaim Soutine,✅ Found to fetch entity
7,Expressionism,is found in movements table
7,5543,is added in human_movement table
7,5543,is found in human_movement table
6809,John Ashbery,✅ Found to fetch entity
124,New York School,is added movements table
124,New York School,is found in movements table
124,6809,is added in human_movement table
124,6809,is found in human_movement table
3,Surrealism,is found in movements table
3,6809,is added in human_movement table
3,6809,is found in human_movement table
78,Postmodernism,is found in movements table
78,6809,is added in human_movement table
78,6809,is found in human_movement table
36259,Paul Gavarni,✅ Found to fetch entity
300,Léon Bakst,✅ Found to fetch entity
366,Georg Baselitz,✅ Found to fetch entity
2569,Erich Heckel,✅ Found to fetch entity
7,Expressionism,is found in movements table
7,2569,is added in human_movement table
7,2569,is found in human_movement table
12613,William Carlos Williams,✅ Found to fetch entity
125,modernist poetry,is added movements table
125,modernist poetry,is found in movements table
125,12613,is added in human_movement table
125,12613,is found in human_movement table
126,Imagism,is added movements table
126,Imagism,is found in movements table
126,12613,is added in human_movement table
126,12613,is found in human_movement table
32,Beat Generation,is found in movements table
32,12613,is added in human_movement table
32,12613,is found in human_movement table
127,objectivist poets,is added movements table
127,objectivist poets,is found in movements table
127,12613,is added in human_movement table
127,12613,is found in human_movement table
24575,Dziga Vertov,✅ Found to fetch entity
69618,Jerry Lewis,✅ Found to fetch entity
743,Frank Brangwyn,✅ Found to fetch entity
34,Arts and Crafts movement,is found in movements table
34,743,is added in human_movement table
34,743,is found in human_movement table
993,Leonora Carrington,✅ Found to fetch entity
3,Surrealism,is found in movements table
3,993,is added in human_movement table
3,993,is found in human_movement table
1629,Maxime Du Camp,✅ Found to fetch entity
128,literary realism,is added movements table
128,literary realism,is found in movements table
128,1629,is added in human_movement table
128,1629,is found in human_movement table
4848,Steve Reich,✅ Found to fetch entity
5902,Roland Topor,✅ Found to fetch entity
6076,Theo van Doesburg,✅ Found to fetch entity
7,Expressionism,is found in movements table
7,6076,is added in human_movement table
7,6076,is found in human_movement table
46,De Stijl,is found in movements table
46,6076,is added in human_movement table
46,6076,is found in human_movement table
23894,Carlo Gozzi,✅ Found to fetch entity
31408,Roberto Rossellini,✅ Found to fetch entity
42017,Mike Nichols,✅ Found to fetch entity
44706,Robert Bresson,✅ Found to fetch entity
84063,Alexandre Benois,✅ Found to fetch entity
107,Pierre Alechinsky,✅ Found to fetch entity
7,Expressionism,is found in movements table
7,107,is added in human_movement table
7,107,is found in human_movement table
114,COBRA,is found in movements table
114,107,is added in human_movement table
114,107,is found in human_movement table
129,Tachisme,is added movements table
129,Tachisme,is found in movements table
129,107,is added in human_movement table
129,107,is found in human_movement table
87,abstract expressionism,is found in movements table
87,107,is added in human_movement table
87,107,is found in human_movement table
130,lyrical abstraction,is added movements table
130,lyrical abstraction,is found in movements table
130,107,is added in human_movement table
130,107,is found in human_movement table
745,Brassaï (Gyula Halász),✅ Found to fetch entity
2726,Edward Hopper,✅ Found to fetch entity
131,neorealism,is added movements table
131,neorealism,is found in movements table
131,2726,is added in human_movement table
131,2726,is found in human_movement table
132,American realism,is added movements table
132,American realism,is found in movements table
132,2726,is added in human_movement table
132,2726,is found in human_movement table
133,American scene painting,is added movements table
133,American scene painting,is found in movements table
133,2726,is added in human_movement table
133,2726,is found in human_movement table
2995,Anish Kapoor,✅ Found to fetch entity
48,contemporary art,is found in movements table
48,2995,is added in human_movement table
48,2995,is found in human_movement table
3048,Ellsworth Kelly,✅ Found to fetch entity
104,Minimalism,is found in movements table
104,3048,is added in human_movement table
104,3048,is found in human_movement table
64,abstract art,is found in movements table
64,3048,is added in human_movement table
64,3048,is found in human_movement table
134,hard-edge painting,is added movements table
134,hard-edge painting,is found in movements table
134,3048,is added in human_movement table
134,3048,is found in human_movement table
3349,Wifredo Lam,✅ Found to fetch entity
3,Surrealism,is found in movements table
3,3349,is added in human_movement table
3,3349,is found in human_movement table
3671,Charles Rennie Mackintosh,✅ Found to fetch entity
34,Arts and Crafts movement,is found in movements table
34,3671,is added in human_movement table
34,3671,is found in human_movement table
4488,Eduardo Paolozzi,✅ Found to fetch entity
8,pop art,is found in movements table
8,4488,is added in human_movement table
8,4488,is found in human_movement table
48,contemporary art,is found in movements table
48,4488,is added in human_movement table
48,4488,is found in human_movement table
4975,Aleksandr Rodchenko,✅ Found to fetch entity
50,Constructivism,is found in movements table
50,4975,is added in human_movement table
50,4975,is found in human_movement table
1,Cubism,is found in movements table
1,4975,is added in human_movement table
1,4975,is found in human_movement table
89,Suprematism,is found in movements table
89,4975,is added in human_movement table
89,4975,is found in human_movement table
5685,Paul Strand,✅ Found to fetch entity
32280,Jim Jarmusch,✅ Found to fetch entity
135,No Wave Cinema,is added movements table
135,No Wave Cinema,is found in movements table
135,32280,is added in human_movement table
135,32280,is found in human_movement table
112602,F. W. Murnau,✅ Found to fetch entity
712,Margaret Bourke-White,✅ Found to fetch entity
136,unknown,is added movements table
136,unknown,is found in movements table
136,712,is added in human_movement table
136,712,is found in human_movement table
2108,Frank O. Gehry,✅ Found to fetch entity
137,postmodern architecture,is added movements table
137,postmodern architecture,is found in movements table
137,2108,is added in human_movement table
137,2108,is found in human_movement table
2948,Donald Judd,✅ Found to fetch entity
104,Minimalism,is found in movements table
104,2948,is added in human_movement table
104,2948,is found in human_movement table
5086,Edward Ruscha,✅ Found to fetch entity
8,pop art,is found in movements table
8,5086,is added in human_movement table
8,5086,is found in human_movement table
23,conceptual art,is found in movements table
23,5086,is added in human_movement table
23,5086,is found in human_movement table
5739,Graham Sutherland,✅ Found to fetch entity
6905,Damien Hirst,✅ Found to fetch entity
138,Young British Artists,is added movements table
138,Young British Artists,is found in movements table
138,6905,is added in human_movement table
138,6905,is found in human_movement table
2018,Roger Fry,✅ Found to fetch entity
139,Bloomsbury Group,is added movements table
139,Bloomsbury Group,is found in movements table
139,2018,is added in human_movement table
139,2018,is found in human_movement table
3373,Dorothea Lange,✅ Found to fetch entity
65,social realism,is found in movements table
65,3373,is added in human_movement table
65,3373,is found in human_movement table
3455,Russell Lee,✅ Found to fetch entity
65,social realism,is found in movements table
65,3455,is added in human_movement table
65,3455,is found in human_movement table
5988,Cy Twombly,✅ Found to fetch entity
87,abstract expressionism,is found in movements table
87,5988,is added in human_movement table
87,5988,is found in human_movement table
78,Postmodernism,is found in movements table
78,5988,is added in human_movement table
78,5988,is found in human_movement table
7023,Sebastião Salgado,✅ Found to fetch entity
24488,Ilya Repin,✅ Found to fetch entity
140,realism,is added movements table
140,realism,is found in movements table
140,24488,is added in human_movement table
140,24488,is found in human_movement table
25982,Olafur Eliasson,✅ Found to fetch entity
48,contemporary art,is found in movements table
48,25982,is added in human_movement table
48,25982,is found in human_movement table
311,Giacomo Balla,✅ Found to fetch entity
44,Futurism,is found in movements table
44,311,is added in human_movement table
44,311,is found in human_movement table
987,Carlo Carrà,✅ Found to fetch entity
35,metaphysical painting,is found in movements table
35,987,is added in human_movement table
35,987,is found in human_movement table
44,Futurism,is found in movements table
44,987,is added in human_movement table
44,987,is found in human_movement table
2158,Eric Gill,✅ Found to fetch entity
34,Arts and Crafts movement,is found in movements table
34,2158,is added in human_movement table
34,2158,is found in human_movement table
2694,Josef Hoffmann,✅ Found to fetch entity
2943,Asger Jorn,✅ Found to fetch entity
114,COBRA,is found in movements table
114,2943,is added in human_movement table
114,2943,is found in human_movement table
141,Situationist International,is added movements table
141,Situationist International,is found in movements table
141,2943,is added in human_movement table
141,2943,is found in human_movement table
4243,Bruce Nauman,✅ Found to fetch entity
142,postminimalism,is added movements table
142,postminimalism,is found in movements table
142,4243,is added in human_movement table
142,4243,is found in human_movement table
23,conceptual art,is found in movements table
23,4243,is added in human_movement table
23,4243,is found in human_movement table
6329,Edward Weston,✅ Found to fetch entity
6655,Sophie Calle,✅ Found to fetch entity
7915,Stanisław Ignacy Witkiewicz,✅ Found to fetch entity
7,Expressionism,is found in movements table
7,7915,is added in human_movement table
7,7915,is found in human_movement table
8103,Oscar Niemeyer,✅ Found to fetch entity
229,Eugène Atget,✅ Found to fetch entity
2843,Johannes Itten,✅ Found to fetch entity
7,Expressionism,is found in movements table
7,2843,is added in human_movement table
7,2843,is found in human_movement table
3136,William Klein,✅ Found to fetch entity
3230,Jannis Kounellis,✅ Found to fetch entity
143,Arte Povera,is added movements table
143,Arte Povera,is found in movements table
143,3230,is added in human_movement table
143,3230,is found in human_movement table
4126,Robert Motherwell,✅ Found to fetch entity
87,abstract expressionism,is found in movements table
87,4126,is added in human_movement table
87,4126,is found in human_movement table
6055,Suzanne Valadon,✅ Found to fetch entity
4,Post-impressionism,is found in movements table
4,6055,is added in human_movement table
4,6055,is found in human_movement table
11,Symbolism,is found in movements table
11,6055,is added in human_movement table
11,6055,is found in human_movement table
6464,Andrew Wyeth,✅ Found to fetch entity
39,Realism,is found in movements table
39,6464,is added in human_movement table
39,6464,is found in human_movement table
392,Willi Baumeister,✅ Found to fetch entity
982,Anthony Caro,✅ Found to fetch entity
64,abstract art,is found in movements table
64,982,is added in human_movement table
64,982,is found in human_movement table
48,contemporary art,is found in movements table
48,982,is added in human_movement table
48,982,is found in human_movement table
1777,Walker Evans,✅ Found to fetch entity
65,social realism,is found in movements table
65,1777,is added in human_movement table
65,1777,is found in human_movement table
2714,Jenny Holzer,✅ Found to fetch entity
23,conceptual art,is found in movements table
23,2714,is added in human_movement table
23,2714,is found in human_movement table
2920,Augustus John,✅ Found to fetch entity
4,Post-impressionism,is found in movements table
4,2920,is added in human_movement table
4,2920,is found in human_movement table
4285,Barnett Newman,✅ Found to fetch entity
87,abstract expressionism,is found in movements table
87,4285,is added in human_movement table
87,4285,is found in human_movement table
27,Color Field,is found in movements table
27,4285,is added in human_movement table
27,4285,is found in human_movement table
4324,Isamu Noguchi,✅ Found to fetch entity
87,abstract expressionism,is found in movements table
87,4324,is added in human_movement table
87,4324,is found in human_movement table
4546,A.R. Penck (Ralf Winkler),✅ Found to fetch entity
96,neo-expressionism,is found in movements table
96,4546,is added in human_movement table
96,4546,is found in human_movement table
6152,Maria Helena Vieira da Silva,✅ Found to fetch entity
80,School of Paris,is found in movements table
80,6152,is added in human_movement table
80,6152,is found in human_movement table
6622,Jeff Koons,✅ Found to fetch entity
8,pop art,is found in movements table
8,6622,is added in human_movement table
8,6622,is found in human_movement table
78,Postmodernism,is found in movements table
78,6622,is added in human_movement table
78,6622,is found in human_movement table
23,conceptual art,is found in movements table
23,6622,is added in human_movement table
23,6622,is found in human_movement table
104,Minimalism,is found in movements table
104,6622,is added in human_movement table
104,6622,is found in human_movement table
7569,Norman Foster,✅ Found to fetch entity
91,high-tech architecture,is found in movements table
91,7569,is added in human_movement table
91,7569,is found in human_movement table
26900,Josef von Sternberg,✅ Found to fetch entity
38,Magdalena Abakanowicz,✅ Found to fetch entity
48,contemporary art,is found in movements table
48,38,is added in human_movement table
48,38,is found in human_movement table
209,Alexander Archipenko,✅ Found to fetch entity
144,Salon Cubism,is added movements table
144,Salon Cubism,is found in movements table
144,209,is added in human_movement table
144,209,is found in human_movement table
44,Futurism,is found in movements table
44,209,is added in human_movement table
44,209,is found in human_movement table
1,Cubism,is found in movements table
1,209,is added in human_movement table
1,209,is found in human_movement table
873,Daniel Buren,✅ Found to fetch entity
1341,Edward Curtis,✅ Found to fetch entity
4551,Roland Penrose,✅ Found to fetch entity
3,Surrealism,is found in movements table
3,4551,is added in human_movement table
3,4551,is found in human_movement table
5242,Karl Schmidt-Rottluff,✅ Found to fetch entity
7,Expressionism,is found in movements table
7,5242,is added in human_movement table
7,5242,is found in human_movement table
13,Impressionism,is found in movements table
13,5242,is added in human_movement table
13,5242,is found in human_movement table
8988,Renzo Piano,✅ Found to fetch entity
28982,Steve McQueen,✅ Found to fetch entity
48,contemporary art,is found in movements table
48,28982,is added in human_movement table
48,28982,is found in human_movement table
248,Richard Avedon,✅ Found to fetch entity
511,Émile Bernard,✅ Found to fetch entity
28,Pont-Aven School,is found in movements table
28,511,is added in human_movement table
28,511,is found in human_movement table
47,Les Nabis,is found in movements table
47,511,is added in human_movement table
47,511,is found in human_movement table
26,pointillism,is found in movements table
26,511,is added in human_movement table
26,511,is found in human_movement table
30,cloisonnism,is found in movements table
30,511,is added in human_movement table
30,511,is found in human_movement table
145,Orientalism,is added movements table
145,Orientalism,is found in movements table
145,511,is added in human_movement table
145,511,is found in human_movement table
29,synthetism,is found in movements table
29,511,is added in human_movement table
29,511,is found in human_movement table
11,Symbolism,is found in movements table
11,511,is added in human_movement table
11,511,is found in human_movement table
2191,Albert Gleizes,✅ Found to fetch entity
144,Salon Cubism,is found in movements table
144,2191,is added in human_movement table
144,2191,is found in human_movement table
146,Section d'Or,is added movements table
146,Section d'Or,is found in movements table
146,2191,is added in human_movement table
146,2191,is found in human_movement table
2481,Richard Hamilton,✅ Found to fetch entity
8,pop art,is found in movements table
8,2481,is added in human_movement table
8,2481,is found in human_movement table
48,contemporary art,is found in movements table
48,2481,is added in human_movement table
48,2481,is found in human_movement table
3641,Jean Lurçat,✅ Found to fetch entity
4416,Meret Oppenheim,✅ Found to fetch entity
3,Surrealism,is found in movements table
3,4416,is added in human_movement table
3,4416,is found in human_movement table
6642,Art Spiegelman,✅ Found to fetch entity
15558,Francis Carco,✅ Found to fetch entity
136,unknown,is found in movements table
136,15558,is added in human_movement table
136,15558,is found in human_movement table
30959,Alexander Kluge,✅ Found to fetch entity
51,New German Cinema,is found in movements table
51,30959,is added in human_movement table
51,30959,is found in human_movement table
41512,Ousmane Sembène,✅ Found to fetch entity
44714,Sergio Leone,✅ Found to fetch entity
47165,Annie Leibovitz,✅ Found to fetch entity
48739,Guy Debord,✅ Found to fetch entity
141,Situationist International,is found in movements table
141,48739,is added in human_movement table
141,48739,is found in human_movement table
147,Letterist International,is added movements table
147,Letterist International,is found in movements table
147,48739,is added in human_movement table
147,48739,is found in human_movement table
990,Eugène Carrière,✅ Found to fetch entity
11,Symbolism,is found in movements table
11,990,is added in human_movement table
11,990,is found in human_movement table
3137,Yves Klein,✅ Found to fetch entity
55,Nouveau réalisme,is found in movements table
55,3137,is added in human_movement table
55,3137,is found in human_movement table
6191,Wolf Vostell,✅ Found to fetch entity
12,Fluxus,is found in movements table
12,6191,is added in human_movement table
12,6191,is found in human_movement table
8083,Gordon Parks,✅ Found to fetch entity
65,social realism,is found in movements table
65,8083,is added in human_movement table
65,8083,is found in human_movement table
438,Peter Behrens,✅ Found to fetch entity
533,Albert Besnard,✅ Found to fetch entity
11,Symbolism,is found in movements table
11,533,is added in human_movement table
11,533,is found in human_movement table
3534,André Lhote,✅ Found to fetch entity
6165,Jacques Villon,✅ Found to fetch entity
133872,Tom Clancy,✅ Found to fetch entity
174,Carl Andre,✅ Found to fetch entity
104,Minimalism,is found in movements table
104,174,is added in human_movement table
104,174,is found in human_movement table
2840,Jozef Israels,✅ Found to fetch entity
148,Hague School,is added movements table
148,Hague School,is found in movements table
148,2840,is added in human_movement table
148,2840,is found in human_movement table
2896,Alexei Jawlensky,✅ Found to fetch entity
7,Expressionism,is found in movements table
7,2896,is added in human_movement table
7,2896,is found in human_movement table
5569,Daniel Spoerri,✅ Found to fetch entity
12,Fluxus,is found in movements table
12,5569,is added in human_movement table
12,5569,is found in human_movement table
5777,Sophie Taeuber-Arp,✅ Found to fetch entity
22,Dada,is found in movements table
22,5777,is added in human_movement table
22,5777,is found in human_movement table
2964,Louis I. Kahn,✅ Found to fetch entity
3315,Yayoi Kusama,✅ Found to fetch entity
64,abstract art,is found in movements table
64,3315,is added in human_movement table
64,3315,is found in human_movement table
48,contemporary art,is found in movements table
48,3315,is added in human_movement table
48,3315,is found in human_movement table
56,feminist art,is found in movements table
56,3315,is added in human_movement table
56,3315,is found in human_movement table
8,pop art,is found in movements table
8,3315,is added in human_movement table
8,3315,is found in human_movement table
5853,Hans Thoma,✅ Found to fetch entity
11,Symbolism,is found in movements table
11,5853,is added in human_movement table
11,5853,is found in human_movement table
7838,Étienne-Jules Marey,✅ Found to fetch entity
7919,William Kentridge,✅ Found to fetch entity
46469,Clive Barker,✅ Found to fetch entity
1133,Larry Clark,✅ Found to fetch entity
1145,Francesco Clemente,✅ Found to fetch entity
48,contemporary art,is found in movements table
48,1145,is added in human_movement table
48,1145,is found in human_movement table
1247,Joseph Cornell,✅ Found to fetch entity
4037,Paula Modersohn-Becker,✅ Found to fetch entity
7,Expressionism,is found in movements table
7,4037,is added in human_movement table
7,4037,is found in human_movement table
4688,Gio Ponti,✅ Found to fetch entity
149,rationalism,is added movements table
149,rationalism,is found in movements table
149,4688,is added in human_movement table
149,4688,is found in human_movement table
150,Rationalism of Lake Como,is added movements table
150,Rationalism of Lake Como,is found in movements table
150,4688,is added in human_movement table
150,4688,is found in human_movement table
4929,Bridget Riley,✅ Found to fetch entity
63,op art,is found in movements table
63,4929,is added in human_movement table
63,4929,is found in human_movement table
48,contemporary art,is found in movements table
48,4929,is added in human_movement table
48,4929,is found in human_movement table
10,modern art,is found in movements table
10,4929,is added in human_movement table
10,4929,is found in human_movement table
5318,André Dunoyer de Segonzac,✅ Found to fetch entity
5414,Walter Richard Sickert,✅ Found to fetch entity
4,Post-impressionism,is found in movements table
4,5414,is added in human_movement table
4,5414,is found in human_movement table
7113,Eduardo Galeano,✅ Found to fetch entity
7545,Tracey Emin,✅ Found to fetch entity
138,Young British Artists,is found in movements table
138,7545,is added in human_movement table
138,7545,is found in human_movement table
12340,Michel Leiris,✅ Found to fetch entity
3,Surrealism,is found in movements table
3,12340,is added in human_movement table
3,12340,is found in human_movement table
1052,César (César Baldaccini),✅ Found to fetch entity
55,Nouveau réalisme,is found in movements table
55,1052,is added in human_movement table
55,1052,is found in human_movement table
1671,Charles Eames,✅ Found to fetch entity
21,Catalan modernism,is found in movements table
21,1671,is added in human_movement table
21,1671,is found in human_movement table
1756,Elliott Erwitt,✅ Found to fetch entity
1974,Helen Frankenthaler,✅ Found to fetch entity
87,abstract expressionism,is found in movements table
87,1974,is added in human_movement table
87,1974,is found in human_movement table
27,Color Field,is found in movements table
27,1974,is added in human_movement table
27,1974,is found in human_movement table
3389,Mikhail Larionov,✅ Found to fetch entity
15,Neo-impressionism,is found in movements table
15,3389,is added in human_movement table
15,3389,is found in human_movement table
108,Rayonism,is found in movements table
108,3389,is added in human_movement table
108,3389,is found in human_movement table
4163,Bruno Munari,✅ Found to fetch entity
44,Futurism,is found in movements table
44,4163,is added in human_movement table
44,4163,is found in human_movement table
151,concrete art,is added movements table
151,concrete art,is found in movements table
151,4163,is added in human_movement table
151,4163,is found in human_movement table
5103,Eero Saarinen,✅ Found to fetch entity
6,modernism,is found in movements table
6,5103,is added in human_movement table
6,5103,is found in human_movement table
5469,Max Slevogt,✅ Found to fetch entity
13,Impressionism,is found in movements table
13,5469,is added in human_movement table
13,5469,is found in human_movement table
6432,Wols (A. O. Wolfgang Schulze),✅ Found to fetch entity
64,abstract art,is found in movements table
64,6432,is added in human_movement table
64,6432,is found in human_movement table
304,John Baldessari,✅ Found to fetch entity
48,contemporary art,is found in movements table
48,304,is added in human_movement table
48,304,is found in human_movement table
958,Josef Capek,✅ Found to fetch entity
7,Expressionism,is found in movements table
7,958,is added in human_movement table
7,958,is found in human_movement table
1,Cubism,is found in movements table
1,958,is added in human_movement table
1,958,is found in human_movement table
2059,Akseli Gallen-Kallela,✅ Found to fetch entity
16,Romanticism,is found in movements table
16,2059,is added in human_movement table
16,2059,is found in human_movement table
11,Symbolism,is found in movements table
11,2059,is added in human_movement table
11,2059,is found in human_movement table
152,romantic nationalism,is added movements table
152,romantic nationalism,is found in movements table
152,2059,is added in human_movement table
152,2059,is found in human_movement table
4533,Max Pechstein,✅ Found to fetch entity
7,Expressionism,is found in movements table
7,4533,is added in human_movement table
7,4533,is found in human_movement table
5715,Josef Sudek,✅ Found to fetch entity
5723,Louis Sullivan,✅ Found to fetch entity
153,Chicago School,is added movements table
153,Chicago School,is found in movements table
153,5723,is added in human_movement table
153,5723,is found in human_movement table
5889,Mark Tobey,✅ Found to fetch entity
87,abstract expressionism,is found in movements table
87,5889,is added in human_movement table
87,5889,is found in human_movement table
6633,Ilya Kabakov,✅ Found to fetch entity
64,abstract art,is found in movements table
64,6633,is added in human_movement table
64,6633,is found in human_movement table
6968,Santiago Calatrava,✅ Found to fetch entity
91,high-tech architecture,is found in movements table
91,6968,is added in human_movement table
91,6968,is found in human_movement table
1965,Sam Francis,✅ Found to fetch entity
87,abstract expressionism,is found in movements table
87,1965,is added in human_movement table
87,1965,is found in human_movement table
2544,Raoul Hausmann,✅ Found to fetch entity
22,Dada,is found in movements table
22,2544,is added in human_movement table
22,2544,is found in human_movement table
2623,Eva Hesse,✅ Found to fetch entity
142,postminimalism,is found in movements table
142,2623,is added in human_movement table
142,2623,is found in human_movement table
3670,August Macke,✅ Found to fetch entity
7,Expressionism,is found in movements table
7,3670,is added in human_movement table
7,3670,is found in human_movement table
4172,Gabriele Münter,✅ Found to fetch entity
7,Expressionism,is found in movements table
7,4172,is added in human_movement table
7,4172,is found in human_movement table
12605,Thomas Merton,✅ Found to fetch entity
35575,Michel Gondry,✅ Found to fetch entity
40462,John Cale,✅ Found to fetch entity
12,Fluxus,is found in movements table
12,40462,is added in human_movement table
12,40462,is found in human_movement table
220,Arman,✅ Found to fetch entity
55,Nouveau réalisme,is found in movements table
55,220,is added in human_movement table
55,220,is found in human_movement table
795,Marcel Broodthaers,✅ Found to fetch entity
23,conceptual art,is found in movements table
23,795,is added in human_movement table
23,795,is found in human_movement table
1547,Jim Dine,✅ Found to fetch entity
64,abstract art,is found in movements table
64,1547,is added in human_movement table
64,1547,is found in human_movement table
8,pop art,is found in movements table
8,1547,is added in human_movement table
8,1547,is found in human_movement table
3006,Yousuf Karsh,✅ Found to fetch entity
4228,Paul Nash,✅ Found to fetch entity
3,Surrealism,is found in movements table
3,4228,is added in human_movement table
3,4228,is found in human_movement table
4310,Hermann Nitsch,✅ Found to fetch entity
154,Viennese Actionism,is added movements table
154,Viennese Actionism,is found in movements table
154,4310,is added in human_movement table
154,4310,is found in human_movement table
4671,Sigmar Polke,✅ Found to fetch entity
8,pop art,is found in movements table
8,4671,is added in human_movement table
8,4671,is found in human_movement table
6288,Lawrence Weiner,✅ Found to fetch entity
23,conceptual art,is found in movements table
23,6288,is added in human_movement table
23,6288,is found in human_movement table
24885,John Waters,✅ Found to fetch entity
48,contemporary art,is found in movements table
48,24885,is added in human_movement table
48,24885,is found in human_movement table
445,Vanessa Bell,✅ Found to fetch entity
139,Bloomsbury Group,is found in movements table
139,445,is added in human_movement table
139,445,is found in human_movement table
542,Thomas Bewick,✅ Found to fetch entity
2231,Julio González,✅ Found to fetch entity
64,abstract art,is found in movements table
64,2231,is added in human_movement table
64,2231,is found in human_movement table
4277,Richard Neutra,✅ Found to fetch entity
4514,Jules Pascin,✅ Found to fetch entity
7,Expressionism,is found in movements table
7,4514,is added in human_movement table
7,4514,is found in human_movement table
4548,Irving Penn,✅ Found to fetch entity
5806,Dorothea Tanning,✅ Found to fetch entity
3,Surrealism,is found in movements table
3,5806,is added in human_movement table
3,5806,is found in human_movement table
8297,Pipilotti Rist,✅ Found to fetch entity
155,feminism,is added movements table
155,feminism,is found in movements table
155,8297,is added in human_movement table
155,8297,is found in human_movement table
48,contemporary art,is found in movements table
48,8297,is added in human_movement table
48,8297,is found in human_movement table
42889,Kate Greenaway,✅ Found to fetch entity
44496,Vivienne Westwood,✅ Found to fetch entity
156,punk subculture,is added movements table
156,punk subculture,is found in movements table
156,44496,is added in human_movement table
156,44496,is found in human_movement table
157,New Romantic,is added movements table
157,New Romantic,is found in movements table
157,44496,is added in human_movement table
157,44496,is found in human_movement table
2043,Naum Gabo,✅ Found to fetch entity
64,abstract art,is found in movements table
64,2043,is added in human_movement table
64,2043,is found in human_movement table
50,Constructivism,is found in movements table
50,2043,is added in human_movement table
50,2043,is found in human_movement table
2252,Arshile Gorky,✅ Found to fetch entity
87,abstract expressionism,is found in movements table
87,2252,is added in human_movement table
87,2252,is found in human_movement table
88,action painting,is found in movements table
88,2252,is added in human_movement table
88,2252,is found in human_movement table
10,modern art,is found in movements table
10,2252,is added in human_movement table
10,2252,is found in human_movement table
2657,Lewis Wickes Hine,✅ Found to fetch entity
3121,R. B. Kitaj,✅ Found to fetch entity
8,pop art,is found in movements table
8,3121,is added in human_movement table
8,3121,is found in human_movement table
3591,Richard Long,✅ Found to fetch entity
23,conceptual art,is found in movements table
23,3591,is added in human_movement table
23,3591,is found in human_movement table
4472,Mimmo Paladino,✅ Found to fetch entity
4641,Michelangelo Pistoletto,✅ Found to fetch entity
143,Arte Povera,is found in movements table
143,4641,is added in human_movement table
143,4641,is found in human_movement table
5145,August Sander,✅ Found to fetch entity
5486,Kiki Smith,✅ Found to fetch entity
93,abject art,is found in movements table
93,5486,is added in human_movement table
93,5486,is found in human_movement table
48,contemporary art,is found in movements table
48,5486,is added in human_movement table
48,5486,is found in human_movement table
5497,Robert Smithson,✅ Found to fetch entity
113,land art,is found in movements table
113,5497,is added in human_movement table
113,5497,is found in human_movement table
5535,Jesús Rafael Soto,✅ Found to fetch entity
81,kinetic art,is found in movements table
81,5535,is added in human_movement table
81,5535,is found in human_movement table
6545,Zao Wou-ki,✅ Found to fetch entity
136,unknown,is found in movements table
136,6545,is added in human_movement table
136,6545,is found in human_movement table
6956,Rem Koolhaas,✅ Found to fetch entity
120,deconstructivism,is found in movements table
120,6956,is added in human_movement table
120,6956,is found in human_movement table
36009,Ken Loach,✅ Found to fetch entity
135248,Alexandre Desplat,✅ Found to fetch entity
2058,Emile Gallé,✅ Found to fetch entity
158,École de Nancy,is added movements table
158,École de Nancy,is found in movements table
158,2058,is added in human_movement table
158,2058,is found in human_movement table
41,Art Nouveau,is found in movements table
41,2058,is added in human_movement table
41,2058,is found in human_movement table
2927,Philip Johnson,✅ Found to fetch entity
137,postmodern architecture,is found in movements table
137,2927,is added in human_movement table
137,2927,is found in human_movement table
4039,Tina Modotti,✅ Found to fetch entity
5562,Stanley Spencer,✅ Found to fetch entity
5627,Saul Steinberg,✅ Found to fetch entity
6210,Otto Wagner,✅ Found to fetch entity
41,Art Nouveau,is found in movements table
41,6210,is added in human_movement table
41,6210,is found in human_movement table
159,Vienna Secession,is added movements table
159,Vienna Secession,is found in movements table
159,6210,is added in human_movement table
159,6210,is found in human_movement table
7904,Henri-Victor Regnault,✅ Found to fetch entity
11663,Carl Van Vechten,✅ Found to fetch entity
38,Harlem Renaissance,is found in movements table
38,11663,is added in human_movement table
38,11663,is found in human_movement table
33445,Elmer Bernstein,✅ Found to fetch entity
48937,Hendrik Willem van Loon,✅ Found to fetch entity
75704,Jonathan Demme,✅ Found to fetch entity
135,Manuel Álvarez Bravo,✅ Found to fetch entity
399,Herbert Bayer,✅ Found to fetch entity
25,Bauhaus,is found in movements table
25,399,is added in human_movement table
25,399,is found in human_movement table
1332,Imogen Cunningham,✅ Found to fetch entity
116,straight photography,is found in movements table
116,1332,is added in human_movement table
116,1332,is found in human_movement table
1447,Nicolas de Staël,✅ Found to fetch entity
2675,Hannah Höch,✅ Found to fetch entity
22,Dada,is found in movements table
22,2675,is added in human_movement table
22,2675,is found in human_movement table
3118,Per Kirkeby,✅ Found to fetch entity
96,neo-expressionism,is found in movements table
96,3118,is added in human_movement table
96,3118,is found in human_movement table
3266,Barbara Kruger,✅ Found to fetch entity
56,feminist art,is found in movements table
56,3266,is added in human_movement table
56,3266,is found in human_movement table
23,conceptual art,is found in movements table
23,3266,is added in human_movement table
23,3266,is found in human_movement table
48,contemporary art,is found in movements table
48,3266,is added in human_movement table
48,3266,is found in human_movement table
3409,Henri Laurens,✅ Found to fetch entity
64,abstract art,is found in movements table
64,3409,is added in human_movement table
64,3409,is found in human_movement table
3941,Mario Merz,✅ Found to fetch entity
143,Arte Povera,is found in movements table
143,3941,is added in human_movement table
143,3941,is found in human_movement table
34944,Gus Van Sant,✅ Found to fetch entity
592,Peter Blake,✅ Found to fetch entity
8,pop art,is found in movements table
8,592,is added in human_movement table
8,592,is found in human_movement table
48,contemporary art,is found in movements table
48,592,is added in human_movement table
48,592,is found in human_movement table
2558,Stanley William Hayter,✅ Found to fetch entity
3394,Jacques-Henri Lartigue,✅ Found to fetch entity
4325,Sidney Nolan,✅ Found to fetch entity
160,Angry Penguins,is added movements table
160,Angry Penguins,is found in movements table
160,4325,is added in human_movement table
160,4325,is found in human_movement table
4458,Amédée Ozenfant,✅ Found to fetch entity
1,Cubism,is found in movements table
1,4458,is added in human_movement table
1,4458,is found in human_movement table
20,purism,is found in movements table
20,4458,is added in human_movement table
20,4458,is found in human_movement table
8219,Erich Mendelsohn,✅ Found to fetch entity
42,New Objectivity,is found in movements table
42,8219,is added in human_movement table
42,8219,is found in human_movement table
8455,Ford Madox Brown,✅ Found to fetch entity
76,Pre-Raphaelite Brotherhood,is found in movements table
76,8455,is added in human_movement table
76,8455,is found in human_movement table
28725,Meredith Monk,✅ Found to fetch entity
30968,Hans Küng,✅ Found to fetch entity
31303,Bruno Latour,✅ Found to fetch entity
35422,Alasdair Gray,✅ Found to fetch entity
1911,Dan Flavin,✅ Found to fetch entity
104,Minimalism,is found in movements table
104,1911,is added in human_movement table
104,1911,is found in human_movement table
2281,Dan Graham,✅ Found to fetch entity
64,abstract art,is found in movements table
64,2281,is added in human_movement table
64,2281,is found in human_movement table
23,conceptual art,is found in movements table
23,2281,is added in human_movement table
23,2281,is found in human_movement table
3464,Wilhelm Lehmbruck,✅ Found to fetch entity
7,Expressionism,is found in movements table
7,3464,is added in human_movement table
7,3464,is found in human_movement table
4430,José Clemente Orozco,✅ Found to fetch entity
4922,Gerrit Rietveld,✅ Found to fetch entity
46,De Stijl,is found in movements table
46,4922,is added in human_movement table
46,4922,is found in human_movement table
161,neoplasticism,is added movements table
161,neoplasticism,is found in movements table
161,4922,is added in human_movement table
161,4922,is found in human_movement table
4945,Larry Rivers,✅ Found to fetch entity
8,pop art,is found in movements table
8,4945,is added in human_movement table
8,4945,is found in human_movement table
5316,George Segal,✅ Found to fetch entity
8,pop art,is found in movements table
8,5316,is added in human_movement table
8,5316,is found in human_movement table
5536,Ettore Sottsass,✅ Found to fetch entity
5876,Louis Comfort Tiffany,✅ Found to fetch entity
41,Art Nouveau,is found in movements table
41,5876,is added in human_movement table
41,5876,is found in human_movement table
6179,Heinrich Vogeler,✅ Found to fetch entity
11,Symbolism,is found in movements table
11,6179,is added in human_movement table
11,6179,is found in human_movement table
6278,Josiah Wedgwood,✅ Found to fetch entity
6390,Robert Wilson,✅ Found to fetch entity
7661,Aldo Rossi,✅ Found to fetch entity
137,postmodern architecture,is found in movements table
137,7661,is added in human_movement table
137,7661,is found in human_movement table
23753,Ivan Bilibin,✅ Found to fetch entity
292,Enrico Baj,✅ Found to fetch entity
696,Mario Botta,✅ Found to fetch entity
78,Postmodernism,is found in movements table
78,696,is added in human_movement table
78,696,is found in human_movement table
1286,Tony Cragg,✅ Found to fetch entity
64,abstract art,is found in movements table
64,1286,is added in human_movement table
64,1286,is found in human_movement table
48,contemporary art,is found in movements table
48,1286,is added in human_movement table
48,1286,is found in human_movement table
3065,Rockwell Kent,✅ Found to fetch entity
3229,Josef Koudelka,✅ Found to fetch entity
4189,Zoran Mušič,✅ Found to fetch entity
80,School of Paris,is found in movements table
80,4189,is added in human_movement table
80,4189,is found in human_movement table
4506,Martin Parr,✅ Found to fetch entity
48,contemporary art,is found in movements table
48,4506,is added in human_movement table
48,4506,is found in human_movement table
5795,Rufino Tamayo,✅ Found to fetch entity
6,modernism,is found in movements table
6,5795,is added in human_movement table
6,5795,is found in human_movement table
5901,Jan Toorop,✅ Found to fetch entity
7,Expressionism,is found in movements table
7,5901,is added in human_movement table
7,5901,is found in human_movement table
11,Symbolism,is found in movements table
11,5901,is added in human_movement table
11,5901,is found in human_movement table
26,pointillism,is found in movements table
26,5901,is added in human_movement table
26,5901,is found in human_movement table
7550,Sam Taylor-Wood,✅ Found to fetch entity
48,contemporary art,is found in movements table
48,7550,is added in human_movement table
48,7550,is found in human_movement table
21348,Dave Eggers,✅ Found to fetch entity
162,postmodern literature,is added movements table
162,postmodern literature,is found in movements table
162,21348,is added in human_movement table
162,21348,is found in human_movement table
884,Alberto Burri,✅ Found to fetch entity
12,Fluxus,is found in movements table
12,884,is added in human_movement table
12,884,is found in human_movement table
55,Nouveau réalisme,is found in movements table
55,884,is added in human_movement table
55,884,is found in human_movement table
143,Arte Povera,is found in movements table
143,884,is added in human_movement table
143,884,is found in human_movement table
3199,Georg Kolbe,✅ Found to fetch entity
4108,Robert Morris,✅ Found to fetch entity
104,Minimalism,is found in movements table
104,4108,is added in human_movement table
104,4108,is found in human_movement table
103,process art,is found in movements table
103,4108,is added in human_movement table
103,4108,is found in human_movement table
113,land art,is found in movements table
113,4108,is added in human_movement table
113,4108,is found in human_movement table
4633,John Piper,✅ Found to fetch entity
5455,Mario Sironi,✅ Found to fetch entity
7,Expressionism,is found in movements table
7,5455,is added in human_movement table
7,5455,is found in human_movement table
14,divisionism,is found in movements table
14,5455,is added in human_movement table
14,5455,is found in human_movement table
44,Futurism,is found in movements table
44,5455,is added in human_movement table
44,5455,is found in human_movement table
35,metaphysical painting,is found in movements table
35,5455,is added in human_movement table
35,5455,is found in human_movement table
5907,Joaquín Torres-García,✅ Found to fetch entity
64,abstract art,is found in movements table
64,5907,is added in human_movement table
64,5907,is found in human_movement table
163,Universal Constructivism,is added movements table
163,Universal Constructivism,is found in movements table
163,5907,is added in human_movement table
163,5907,is found in human_movement table
164,Noucentisme,is added movements table
164,Noucentisme,is found in movements table
164,5907,is added in human_movement table
164,5907,is found in human_movement table
50,Constructivism,is found in movements table
50,5907,is added in human_movement table
50,5907,is found in human_movement table
8480,Takashi Murakami,✅ Found to fetch entity
165,Superflat,is added movements table
165,Superflat,is found in movements table
165,8480,is added in human_movement table
165,8480,is found in human_movement table
166,PopArt - The Videos,is added movements table
166,PopArt - The Videos,is found in movements table
166,8480,is added in human_movement table
166,8480,is found in human_movement table
8,pop art,is found in movements table
8,8480,is added in human_movement table
8,8480,is found in human_movement table
24280,Valentin Kataev,✅ Found to fetch entity
24515,Lee Miller,✅ Found to fetch entity
3,Surrealism,is found in movements table
3,24515,is added in human_movement table
3,24515,is found in human_movement table
44715,Jean-Pierre Melville,✅ Found to fetch entity
75575,Sun Ra,✅ Found to fetch entity
1097,Sandro Chia,✅ Found to fetch entity
167,Transavantgarde,is added movements table
167,Transavantgarde,is found in movements table
167,1097,is added in human_movement table
167,1097,is found in human_movement table
1164,Alvin Langdon Coburn,✅ Found to fetch entity
1300,Robert Creeley,✅ Found to fetch entity
32,Beat Generation,is found in movements table
32,1300,is added in human_movement table
32,1300,is found in human_movement table
1498,Fortunato Depero,✅ Found to fetch entity
1842,Weegee (Arthur Fellig),✅ Found to fetch entity
3656,Dora Maar,✅ Found to fetch entity
3,Surrealism,is found in movements table
3,3656,is added in human_movement table
3,3656,is found in human_movement table
3787,Agnes Martin,✅ Found to fetch entity
87,abstract expressionism,is found in movements table
87,3787,is added in human_movement table
87,3787,is found in human_movement table
104,Minimalism,is found in movements table
104,3787,is added in human_movement table
104,3787,is found in human_movement table
4856,Ad Reinhardt,✅ Found to fetch entity
87,abstract expressionism,is found in movements table
87,4856,is added in human_movement table
87,4856,is found in human_movement table
5021,James Rosenquist,✅ Found to fetch entity
8,pop art,is found in movements table
8,5021,is added in human_movement table
8,5021,is found in human_movement table
87,abstract expressionism,is found in movements table
87,5021,is added in human_movement table
87,5021,is found in human_movement table
5181,Antonio Saura,✅ Found to fetch entity
60,Informalism,is found in movements table
60,5181,is added in human_movement table
60,5181,is found in human_movement table
5480,David Smith,✅ Found to fetch entity
87,abstract expressionism,is found in movements table
87,5480,is added in human_movement table
87,5480,is found in human_movement table
5721,Hiroshi Sugimoto,✅ Found to fetch entity
48,contemporary art,is found in movements table
48,5721,is added in human_movement table
48,5721,is found in human_movement table
6912,Maya Deren,✅ Found to fetch entity
7502,Rebecca Horn,✅ Found to fetch entity
8879,"Massachusetts Institute of Technology, Cambridge, MA",✅ Found to fetch entity
31069,Peter Weibel,✅ Found to fetch entity
31379,Michel Onfray,✅ Found to fetch entity
168,atheism,is added movements table
168,atheism,is found in movements table
168,31379,is added in human_movement table
168,31379,is found in human_movement table
169,hedonism,is added movements table
169,hedonism,is found in movements table
169,31379,is added in human_movement table
169,31379,is found in human_movement table
72,materialism,is found in movements table
72,31379,is added in human_movement table
72,31379,is found in human_movement table
67,continental philosophy,is found in movements table
67,31379,is added in human_movement table
67,31379,is found in human_movement table
170,libertarianism,is added movements table
170,libertarianism,is found in movements table
170,31379,is added in human_movement table
170,31379,is found in human_movement table
171,euroscepticism,is added movements table
171,euroscepticism,is found in movements table
171,31379,is added in human_movement table
171,31379,is found in human_movement table
32434,Raoul Walsh,✅ Found to fetch entity
69702,Lawrence Ferlinghetti,✅ Found to fetch entity
32,Beat Generation,is found in movements table
32,69702,is added in human_movement table
32,69702,is found in human_movement table
404,Jean Bazaine,✅ Found to fetch entity
64,abstract art,is found in movements table
64,404,is added in human_movement table
64,404,is found in human_movement table
455,George Bellows,✅ Found to fetch entity
172,Ashcan School,is added movements table
172,Ashcan School,is found in movements table
172,455,is added in human_movement table
172,455,is found in human_movement table
132,American realism,is found in movements table
132,455,is added in human_movement table
132,455,is found in human_movement table
1080,Theodore Chassériau,✅ Found to fetch entity
16,Romanticism,is found in movements table
16,1080,is added in human_movement table
16,1080,is found in human_movement table
145,Orientalism,is found in movements table
145,1080,is added in human_movement table
145,1080,is found in human_movement table
2188,Milton Glaser,✅ Found to fetch entity
2698,Hans Hofmann,✅ Found to fetch entity
87,abstract expressionism,is found in movements table
87,2698,is added in human_movement table
87,2698,is found in human_movement table
3198,Jirí Kolár,✅ Found to fetch entity
5200,Christian Schad,✅ Found to fetch entity
22,Dada,is found in movements table
22,5200,is added in human_movement table
22,5200,is found in human_movement table
42,New Objectivity,is found in movements table
42,5200,is added in human_movement table
42,5200,is found in human_movement table
5916,Toyen (Marie Čermínová),✅ Found to fetch entity
3,Surrealism,is found in movements table
3,5916,is added in human_movement table
3,5916,is found in human_movement table
6124,Bram van Velde,✅ Found to fetch entity
80,School of Paris,is found in movements table
80,6124,is added in human_movement table
80,6124,is found in human_movement table
7447,Mona Hatoum,✅ Found to fetch entity
48,contemporary art,is found in movements table
48,7447,is added in human_movement table
48,7447,is found in human_movement table
7712,Carolee Schneemann,✅ Found to fetch entity
12,Fluxus,is found in movements table
12,7712,is added in human_movement table
12,7712,is found in human_movement table
56,feminist art,is found in movements table
56,7712,is added in human_movement table
56,7712,is found in human_movement table
93,abject art,is found in movements table
93,7712,is added in human_movement table
93,7712,is found in human_movement table
77,Neo-Dada,is found in movements table
77,7712,is added in human_movement table
77,7712,is found in human_movement table
87,abstract expressionism,is found in movements table
87,7712,is added in human_movement table
87,7712,is found in human_movement table
7930,Jonas Mekas,✅ Found to fetch entity
26654,Vincente Minnelli,✅ Found to fetch entity
751,Victor Brauner,✅ Found to fetch entity
3,Surrealism,is found in movements table
3,751,is added in human_movement table
3,751,is found in human_movement table
7,Expressionism,is found in movements table
7,751,is added in human_movement table
7,751,is found in human_movement table
44,Futurism,is found in movements table
44,751,is added in human_movement table
44,751,is found in human_movement table
1,Cubism,is found in movements table
1,751,is added in human_movement table
1,751,is found in human_movement table
11,Symbolism,is found in movements table
11,751,is added in human_movement table
11,751,is found in human_movement table
106,Official Salon of Painting and Sculpture,is found in movements table
106,751,is added in human_movement table
106,751,is found in human_movement table
1089,Jules Chéret,✅ Found to fetch entity
41,Art Nouveau,is found in movements table
41,1089,is added in human_movement table
41,1089,is found in human_movement table
1441,Filippo De Pisis,✅ Found to fetch entity
35,metaphysical painting,is found in movements table
35,1441,is added in human_movement table
35,1441,is found in human_movement table
2097,Henri Gaudier-Brzeska,✅ Found to fetch entity
123,vorticism,is found in movements table
123,2097,is added in human_movement table
123,2097,is found in human_movement table
2869,Arne Jacobsen,✅ Found to fetch entity
3010,Lajos Kassák,✅ Found to fetch entity
173,Európai Iskola,is added movements table
173,Európai Iskola,is found in movements table
173,3010,is added in human_movement table
173,3010,is found in human_movement table
3088,Edward Kienholz,✅ Found to fetch entity
174,Funk art,is added movements table
174,Funk art,is found in movements table
174,3088,is added in human_movement table
174,3088,is found in human_movement table
3690,Alberto Magnelli,✅ Found to fetch entity
151,concrete art,is found in movements table
151,3690,is added in human_movement table
151,3690,is found in human_movement table
95,Movimento Arte Concreta,is found in movements table
95,3690,is added in human_movement table
95,3690,is found in human_movement table
3756,Gerhard Marcks,✅ Found to fetch entity
3947,Jean Metzinger,✅ Found to fetch entity
144,Salon Cubism,is found in movements table
144,3947,is added in human_movement table
144,3947,is found in human_movement table
1,Cubism,is found in movements table
1,3947,is added in human_movement table
1,3947,is found in human_movement table
4670,Serge Poliakoff,✅ Found to fetch entity
87,abstract expressionism,is found in movements table
87,4670,is added in human_movement table
87,4670,is found in human_movement table
5454,David Alfaro Siqueiros,✅ Found to fetch entity
6813,R. Crumb,✅ Found to fetch entity
7521,Marlene Dumas,✅ Found to fetch entity
48,contemporary art,is found in movements table
48,7521,is added in human_movement table
48,7521,is found in human_movement table
7665,Eduardo Arroyo,✅ Found to fetch entity
175,Figuration narrative,is added movements table
175,Figuration narrative,is found in movements table
175,7665,is added in human_movement table
175,7665,is found in human_movement table
8,pop art,is found in movements table
8,7665,is added in human_movement table
8,7665,is found in human_movement table
7816,VALIE EXPORT,✅ Found to fetch entity
118,new media art,is found in movements table
118,7816,is added in human_movement table
118,7816,is found in human_movement table
56,feminist art,is found in movements table
56,7816,is added in human_movement table
56,7816,is found in human_movement table
154,Viennese Actionism,is found in movements table
154,7816,is added in human_movement table
154,7816,is found in human_movement table
58,performance art,is found in movements table
58,7816,is added in human_movement table
58,7816,is found in human_movement table
48,contemporary art,is found in movements table
48,7816,is added in human_movement table
48,7816,is found in human_movement table
47462,Etel Adnan,✅ Found to fetch entity
176,Hurufiyya movement,is added movements table
176,Hurufiyya movement,is found in movements table
176,47462,is added in human_movement table
176,47462,is found in human_movement table
96,Anni Albers,✅ Found to fetch entity
240,Frank Auerbach,✅ Found to fetch entity
48,contemporary art,is found in movements table
48,240,is added in human_movement table
48,240,is found in human_movement table
734,Mathew B. Brady (studio of),✅ Found to fetch entity
740,Bill Brandt,✅ Found to fetch entity
11,Symbolism,is found in movements table
11,740,is added in human_movement table
11,740,is found in human_movement table
3,Surrealism,is found in movements table
3,740,is added in human_movement table
3,740,is found in human_movement table
1401,Alan Davie,✅ Found to fetch entity
1707,Alfred Eisenstaedt,✅ Found to fetch entity
2002,Lee Friedlander,✅ Found to fetch entity
3067,György Kepes,✅ Found to fetch entity
3520,Helen Levitt,✅ Found to fetch entity
3562,Leo Lionni,✅ Found to fetch entity
3720,Alfred Manessier,✅ Found to fetch entity
4415,Dennis Oppenheim,✅ Found to fetch entity
23,conceptual art,is found in movements table
23,4415,is added in human_movement table
23,4415,is found in human_movement table
154,Viennese Actionism,is found in movements table
154,4415,is added in human_movement table
154,4415,is found in human_movement table
5305,Sean Scully,✅ Found to fetch entity
5933,Rosemarie Trockel,✅ Found to fetch entity
23,conceptual art,is found in movements table
23,5933,is added in human_movement table
23,5933,is found in human_movement table
7527,Daniel Libeskind,✅ Found to fetch entity
137,postmodern architecture,is found in movements table
137,7527,is added in human_movement table
137,7527,is found in human_movement table
75676,Vsevolod Meyerhold,✅ Found to fetch entity
11,Symbolism,is found in movements table
11,75676,is added in human_movement table
11,75676,is found in human_movement table
1784,Alexandra Exter,✅ Found to fetch entity
90,Russian avant-garde,is found in movements table
90,1784,is added in human_movement table
90,1784,is found in human_movement table
1831,Andreas Feininger,✅ Found to fetch entity
2294,Duncan Grant,✅ Found to fetch entity
139,Bloomsbury Group,is found in movements table
139,2294,is added in human_movement table
139,2294,is found in human_movement table
2837,Arata Isozaki,✅ Found to fetch entity
177,Metabolism,is added movements table
177,Metabolism,is found in movements table
177,2837,is added in human_movement table
177,2837,is found in human_movement table
78,Postmodernism,is found in movements table
78,2837,is added in human_movement table
78,2837,is found in human_movement table
3016,Alex Katz,✅ Found to fetch entity
8,pop art,is found in movements table
8,3016,is added in human_movement table
8,3016,is found in human_movement table
3909,Ludwig Meidner,✅ Found to fetch entity
7,Expressionism,is found in movements table
7,3909,is added in human_movement table
7,3909,is found in human_movement table
4550,Giuseppe Penone,✅ Found to fetch entity
5409,Stephen Shore,✅ Found to fetch entity
6671,Annette Messager,✅ Found to fetch entity
7005,Matthew Barney,✅ Found to fetch entity
48,contemporary art,is found in movements table
48,7005,is added in human_movement table
48,7005,is found in human_movement table
8044,Wolfgang Tillmans,✅ Found to fetch entity
48,contemporary art,is found in movements table
48,8044,is added in human_movement table
48,8044,is found in human_movement table
32230,Alexander Dovzhenko,✅ Found to fetch entity
34220,Candida Höfer,✅ Found to fetch entity
34911,Spike Jonze,✅ Found to fetch entity
38842,Friedrich Froebel,✅ Found to fetch entity
369,Leonard Baskin,✅ Found to fetch entity
1054,Lynn Chadwick,✅ Found to fetch entity
64,abstract art,is found in movements table
64,1054,is added in human_movement table
64,1054,is found in human_movement table
1815,Jean Fautrier,✅ Found to fetch entity
60,Informalism,is found in movements table
60,1815,is added in human_movement table
60,1815,is found in human_movement table
2012,Othon Friesz,✅ Found to fetch entity
4,Post-impressionism,is found in movements table
4,2012,is added in human_movement table
4,2012,is found in human_movement table
2686,Karl Hofer,✅ Found to fetch entity
7,Expressionism,is found in movements table
7,2686,is added in human_movement table
7,2686,is found in human_movement table
3228,Joseph Kosuth,✅ Found to fetch entity
23,conceptual art,is found in movements table
23,3228,is added in human_movement table
23,3228,is found in human_movement table
178,Art & Language,is added movements table
178,Art & Language,is found in movements table
178,3228,is added in human_movement table
178,3228,is found in human_movement table
3240,Lee Krasner,✅ Found to fetch entity
87,abstract expressionism,is found in movements table
87,3240,is added in human_movement table
87,3240,is found in human_movement table
3640,Markus Lüpertz,✅ Found to fetch entity
4083,François Morellet,✅ Found to fetch entity
64,abstract art,is found in movements table
64,4083,is added in human_movement table
64,4083,is found in human_movement table
179,Nouvelle tendance,is added movements table
179,Nouvelle tendance,is found in movements table
179,4083,is added in human_movement table
179,4083,is found in human_movement table
23,conceptual art,is found in movements table
23,4083,is added in human_movement table
23,4083,is found in human_movement table
4564,Charlotte Perriand,✅ Found to fetch entity
6119,Emilio Vedova,✅ Found to fetch entity
11900,Velimir Khlebnikov,✅ Found to fetch entity
43,Russian Futurism,is found in movements table
43,11900,is added in human_movement table
43,11900,is found in human_movement table
44,Futurism,is found in movements table
44,11900,is added in human_movement table
44,11900,is found in human_movement table
12508,Benjamin Péret,✅ Found to fetch entity
22,Dada,is found in movements table
22,12508,is added in human_movement table
22,12508,is found in human_movement table
3,Surrealism,is found in movements table
3,12508,is added in human_movement table
3,12508,is found in human_movement table
36991,Kathy Acker,✅ Found to fetch entity
573,Julius Bissier,✅ Found to fetch entity
1388,Hanne Darboven,✅ Found to fetch entity
1690,William Eggleston,✅ Found to fetch entity
1847,Roger Fenton,✅ Found to fetch entity
1927,Jean-Michel Folon,✅ Found to fetch entity
2356,Marcel Gromaire,✅ Found to fetch entity
28,Pont-Aven School,is found in movements table
28,2356,is added in human_movement table
28,2356,is found in human_movement table
7,Expressionism,is found in movements table
7,2356,is added in human_movement table
7,2356,is found in human_movement table
2470,Philippe Halsman,✅ Found to fetch entity
4119,Koloman Moser,✅ Found to fetch entity
159,Vienna Secession,is found in movements table
159,4119,is added in human_movement table
159,4119,is found in human_movement table
4792,Arnulf Rainer,✅ Found to fetch entity
154,Viennese Actionism,is found in movements table
154,4792,is added in human_movement table
154,4792,is found in human_movement table
4934,Jean Paul Riopelle,✅ Found to fetch entity
180,Les Automatistes,is added movements table
180,Les Automatistes,is found in movements table
180,4934,is added in human_movement table
180,4934,is found in human_movement table
3,Surrealism,is found in movements table
3,4934,is added in human_movement table
3,4934,is found in human_movement table
5036,Medardo Rosso,✅ Found to fetch entity
22938,Jørn Utzon,✅ Found to fetch entity
35603,Dr. Dre,✅ Found to fetch entity
44705,Danny Boyle,✅ Found to fetch entity
1099,Judy Chicago,✅ Found to fetch entity
56,feminist art,is found in movements table
56,1099,is added in human_movement table
56,1099,is found in human_movement table
48,contemporary art,is found in movements table
48,1099,is added in human_movement table
48,1099,is found in human_movement table
1156,Chuck Close,✅ Found to fetch entity
48,contemporary art,is found in movements table
48,1156,is added in human_movement table
48,1156,is found in human_movement table
1878,Ian Hamilton Finlay,✅ Found to fetch entity
48,contemporary art,is found in movements table
48,1878,is added in human_movement table
48,1878,is found in human_movement table
2407,Hector Guimard,✅ Found to fetch entity
41,Art Nouveau,is found in movements table
41,2407,is added in human_movement table
41,2407,is found in human_movement table
2419,Philip Guston,✅ Found to fetch entity
87,abstract expressionism,is found in movements table
87,2419,is added in human_movement table
87,2419,is found in human_movement table
96,neo-expressionism,is found in movements table
96,2419,is added in human_movement table
96,2419,is found in human_movement table
2648,David Octavius Hill,✅ Found to fetch entity
2807,Jörg Immendorff,✅ Found to fetch entity
96,neo-expressionism,is found in movements table
96,2807,is added in human_movement table
96,2807,is found in human_movement table
4294,William Newzam Prior Nicholson,✅ Found to fetch entity
4326,Kenneth Noland,✅ Found to fetch entity
64,abstract art,is found in movements table
64,4326,is added in human_movement table
64,4326,is found in human_movement table
87,abstract expressionism,is found in movements table
87,4326,is added in human_movement table
87,4326,is found in human_movement table
5197,Carlo Scarpa,✅ Found to fetch entity
6,modernism,is found in movements table
6,5197,is added in human_movement table
6,5197,is found in human_movement table
5471,John Sloan,✅ Found to fetch entity
172,Ashcan School,is found in movements table
172,5471,is added in human_movement table
172,5471,is found in human_movement table
5496,W. Eugene Smith,✅ Found to fetch entity
6568,Heinrich Zille,✅ Found to fetch entity
8195,Claude Cahun (Lucy Schwob),✅ Found to fetch entity
3,Surrealism,is found in movements table
3,8195,is added in human_movement table
3,8195,is found in human_movement table
372,Saul Bass,✅ Found to fetch entity
483,Thomas Hart Benton,✅ Found to fetch entity
181,Regionalism,is added movements table
181,Regionalism,is found in movements table
181,483,is added in human_movement table
181,483,is found in human_movement table
657,Muirhead Bone,✅ Found to fetch entity
1511,Charles Despiau,✅ Found to fetch entity
2429,Hans Haacke,✅ Found to fetch entity
3148,Franz Kline,✅ Found to fetch entity
87,abstract expressionism,is found in movements table
87,3148,is added in human_movement table
87,3148,is found in human_movement table
88,action painting,is found in movements table
88,3148,is added in human_movement table
88,3148,is found in human_movement table
3592,Robert Longo,✅ Found to fetch entity
4676,Arnaldo Pomodoro,✅ Found to fetch entity
4866,Albert Renger-Patzsch,✅ Found to fetch entity
4928,Jacob August Riis,✅ Found to fetch entity
5126,Erich Salomon,✅ Found to fetch entity
5383,Charles Sheeler,✅ Found to fetch entity
182,Precisionism,is added movements table
182,Precisionism,is found in movements table
182,5383,is added in human_movement table
182,5383,is found in human_movement table
5456,Aaron Siskind,✅ Found to fetch entity
6192,Andrei Voznesensky,✅ Found to fetch entity
6456,Fritz Wotruba,✅ Found to fetch entity
30905,Harun Farocki,✅ Found to fetch entity
38512,Inge Morath,✅ Found to fetch entity
38788,Fatboy Slim,✅ Found to fetch entity
59,Valerio Adami,✅ Found to fetch entity
8,pop art,is found in movements table
8,59,is added in human_movement table
8,59,is found in human_movement table
422,Bernd Becher,✅ Found to fetch entity
1456,Richard Deacon,✅ Found to fetch entity
64,abstract art,is found in movements table
64,1456,is added in human_movement table
64,1456,is found in human_movement table
48,contemporary art,is found in movements table
48,1456,is added in human_movement table
48,1456,is found in human_movement table
3045,Mike Kelley,✅ Found to fetch entity
48,contemporary art,is found in movements table
48,3045,is added in human_movement table
48,3045,is found in human_movement table
4905,Germaine Richier,✅ Found to fetch entity
5500,Michael Snow,✅ Found to fetch entity
6115,Ben Vautier,✅ Found to fetch entity
12,Fluxus,is found in movements table
12,6115,is added in human_movement table
12,6115,is found in human_movement table
183,Mail-Art,is added movements table
183,Mail-Art,is found in movements table
183,6115,is added in human_movement table
183,6115,is found in human_movement table
6910,Rachel Whiteread,✅ Found to fetch entity
48,contemporary art,is found in movements table
48,6910,is added in human_movement table
48,6910,is found in human_movement table
26275,J. J. Pieter Oud,✅ Found to fetch entity
64766,Eliel Saarinen,✅ Found to fetch entity
41,Art Nouveau,is found in movements table
41,64766,is added in human_movement table
41,64766,is found in human_movement table
184,Art Deco,is added movements table
184,Art Deco,is found in movements table
184,64766,is added in human_movement table
184,64766,is found in human_movement table
53,International Style,is found in movements table
53,64766,is added in human_movement table
53,64766,is found in human_movement table
185,Jugendstil,is added movements table
185,Jugendstil,is found in movements table
185,64766,is added in human_movement table
185,64766,is found in human_movement table
79,Agam (Yaacov Agam),✅ Found to fetch entity
81,kinetic art,is found in movements table
81,79,is added in human_movement table
81,79,is found in human_movement table
942,Massimo Campigli,✅ Found to fetch entity
1138,Antoni Clavé,✅ Found to fetch entity
1672,Ray Eames,✅ Found to fetch entity
1889,Eric Fischl,✅ Found to fetch entity
3432,Julio Le Parc,✅ Found to fetch entity
63,op art,is found in movements table
63,3432,is added in human_movement table
63,3432,is found in human_movement table
81,kinetic art,is found in movements table
81,3432,is added in human_movement table
81,3432,is found in human_movement table
3758,Brice Marden,✅ Found to fetch entity
104,Minimalism,is found in movements table
104,3758,is added in human_movement table
104,3758,is found in human_movement table
4515,Victor Pasmore,✅ Found to fetch entity
4720,Enrico Prampolini,✅ Found to fetch entity
95,Movimento Arte Concreta,is found in movements table
95,4720,is added in human_movement table
95,4720,is found in human_movement table
5000,Christian Rohlfs,✅ Found to fetch entity
7,Expressionism,is found in movements table
7,5000,is added in human_movement table
7,5000,is found in human_movement table
5099,Théo van Rysselberghe,✅ Found to fetch entity
15,Neo-impressionism,is found in movements table
15,5099,is added in human_movement table
15,5099,is found in human_movement table
6399,Garry Winogrand,✅ Found to fetch entity
7416,Gary Hill,✅ Found to fetch entity
7450,Jean Nouvel,✅ Found to fetch entity
8210,John Ross,✅ Found to fetch entity
8527,Francesca Woodman,✅ Found to fetch entity
56,feminist art,is found in movements table
56,8527,is added in human_movement table
56,8527,is found in human_movement table
16790,Anton Giulio Bragaglia,✅ Found to fetch entity
216,Avigdor Arikha,✅ Found to fetch entity
833,Günter Brus,✅ Found to fetch entity
154,Viennese Actionism,is found in movements table
154,833,is added in human_movement table
154,833,is found in human_movement table
1940,Günther Förg,✅ Found to fetch entity
2146,Ralph Gibson,✅ Found to fetch entity
3924,Ana Mendieta,✅ Found to fetch entity
56,feminist art,is found in movements table
56,3924,is added in human_movement table
56,3924,is found in human_movement table
4279,Christopher Richard Wynne Nevinson,✅ Found to fetch entity
44,Futurism,is found in movements table
44,4279,is added in human_movement table
44,4279,is found in human_movement table
4394,Joseph Maria Olbrich,✅ Found to fetch entity
5124,David Salle,✅ Found to fetch entity
48,contemporary art,is found in movements table
48,5124,is added in human_movement table
48,5124,is found in human_movement table
6636,Gordon Matta-Clark,✅ Found to fetch entity
7055,Tadao Ando,✅ Found to fetch entity
8418,Philippe Starck,✅ Found to fetch entity
22983,Tacita Dean,✅ Found to fetch entity
48,contemporary art,is found in movements table
48,22983,is added in human_movement table
48,22983,is found in human_movement table
49352,Emilio Greco,✅ Found to fetch entity
258,Michael Ayrton,✅ Found to fetch entity
890,Pol Bury,✅ Found to fetch entity
3,Surrealism,is found in movements table
3,890,is added in human_movement table
3,890,is found in human_movement table
1221,Pietro Consagra,✅ Found to fetch entity
1323,Enzo Cucchi,✅ Found to fetch entity
2233,Felix Gonzalez-Torres,✅ Found to fetch entity
104,Minimalism,is found in movements table
104,2233,is added in human_movement table
104,2233,is found in human_movement table
23,conceptual art,is found in movements table
23,2233,is added in human_movement table
23,2233,is found in human_movement table
2774,Frank Hurley,✅ Found to fetch entity
2997,Allan Kaprow,✅ Found to fetch entity
12,Fluxus,is found in movements table
12,2997,is added in human_movement table
12,2997,is found in human_movement table
3111,Martin Kippenberger,✅ Found to fetch entity
64,abstract art,is found in movements table
64,3111,is added in human_movement table
64,3111,is found in human_movement table
183,Mail-Art,is found in movements table
183,3111,is added in human_movement table
183,3111,is found in human_movement table
3559,Richard Lindner,✅ Found to fetch entity
8,pop art,is found in movements table
8,3559,is added in human_movement table
8,3559,is found in human_movement table
3741,Piero Manzoni,✅ Found to fetch entity
143,Arte Povera,is found in movements table
143,3741,is added in human_movement table
143,3741,is found in human_movement table
4026,Joan Mitchell,✅ Found to fetch entity
87,abstract expressionism,is found in movements table
87,4026,is added in human_movement table
87,4026,is found in human_movement table
4284,Arnold Newman,✅ Found to fetch entity
4707,José Guadalupe Posada,✅ Found to fetch entity
6275,Max Weber,✅ Found to fetch entity
7,Expressionism,is found in movements table
7,6275,is added in human_movement table
7,6275,is found in human_movement table
1,Cubism,is found in movements table
1,6275,is added in human_movement table
1,6275,is found in human_movement table
7982,Jean Prouvé,✅ Found to fetch entity
31051,Bruce Sterling,✅ Found to fetch entity
35467,Aphex Twin,✅ Found to fetch entity
75619,Hervé Guibert,✅ Found to fetch entity
19,Richard Artschwager,✅ Found to fetch entity
64,abstract art,is found in movements table
64,19,is added in human_movement table
64,19,is found in human_movement table
632,Ricardo Bofill,❌ Failed to fetch entity
1412,Stuart Davis,✅ Found to fetch entity
92,American modernism,is found in movements table
92,1412,is added in human_movement table
92,1412,is found in human_movement table
1750,Hans Erni,✅ Found to fetch entity
1790,Öyvind Fahlström,✅ Found to fetch entity
12,Fluxus,is found in movements table
12,1790,is added in human_movement table
12,1790,is found in human_movement table
2162,Françoise Gilot,✅ Found to fetch entity
2532,Childe Hassam,✅ Found to fetch entity
13,Impressionism,is found in movements table
13,2532,is added in human_movement table
13,2532,is found in human_movement table
2577,Thomas Theodor Heine,✅ Found to fetch entity
2921,Gwen John,✅ Found to fetch entity
3910,Richard Meier,✅ Found to fetch entity
5811,Vladimir Tatlin,✅ Found to fetch entity
50,Constructivism,is found in movements table
50,5811,is added in human_movement table
50,5811,is found in human_movement table
8100,Hans Poelzig,✅ Found to fetch entity
186,expressionist architecture,is added movements table
186,expressionist architecture,is found in movements table
186,8100,is added in human_movement table
186,8100,is found in human_movement table
224,Kenneth Armitage,✅ Found to fetch entity
64,abstract art,is found in movements table
64,224,is added in human_movement table
64,224,is found in human_movement table
1433,Walter De Maria,✅ Found to fetch entity
104,Minimalism,is found in movements table
104,1433,is added in human_movement table
104,1433,is found in human_movement table
113,land art,is found in movements table
113,1433,is added in human_movement table
113,1433,is found in human_movement table
1681,Harold Eugene Edgerton,✅ Found to fetch entity
1907,Barry Flanagan,✅ Found to fetch entity
2015,Francis Frith,✅ Found to fetch entity
145,Orientalism,is found in movements table
145,2015,is added in human_movement table
145,2015,is found in human_movement table
4140,Otto Mueller,✅ Found to fetch entity
7,Expressionism,is found in movements table
7,4140,is added in human_movement table
7,4140,is found in human_movement table
6318,Tom Wesselmann,✅ Found to fetch entity
8,pop art,is found in movements table
8,6318,is added in human_movement table
8,6318,is found in human_movement table
7806,Andreas Gursky,✅ Found to fetch entity
9768,Raymond Loewy,✅ Found to fetch entity
12172,Iurii Annenkov,✅ Found to fetch entity
7,Expressionism,is found in movements table
7,12172,is added in human_movement table
7,12172,is found in human_movement table
32427,Captain Beefheart (Don Van Vliet),✅ Found to fetch entity
87,abstract expressionism,is found in movements table
87,32427,is added in human_movement table
87,32427,is found in human_movement table
33969,Andy Goldsworthy,✅ Found to fetch entity
187,environmental art,is added movements table
187,environmental art,is found in movements table
187,33969,is added in human_movement table
187,33969,is found in human_movement table
940,Heinrich Campendonk,✅ Found to fetch entity
7,Expressionism,is found in movements table
7,940,is added in human_movement table
7,940,is found in human_movement table
1246,Corneille (Guillaume van Beverloo),✅ Found to fetch entity
114,COBRA,is found in movements table
114,1246,is added in human_movement table
114,1246,is found in human_movement table
2313,Eileen Gray,✅ Found to fetch entity
2812,Robert Indiana,✅ Found to fetch entity
8,pop art,is found in movements table
8,2812,is added in human_movement table
8,2812,is found in human_movement table
134,hard-edge painting,is found in movements table
134,2812,is added in human_movement table
134,2812,is found in human_movement table
2887,Horst Janssen,✅ Found to fetch entity
3757,Louis Marcoussis,✅ Found to fetch entity
5257,Nicolas Schöffer,✅ Found to fetch entity
5564,Nancy Spero,✅ Found to fetch entity
56,feminist art,is found in movements table
56,5564,is added in human_movement table
56,5564,is found in human_movement table
6719,Félix Bracquemond,✅ Found to fetch entity
7826,Jeff Wall,✅ Found to fetch entity
48,contemporary art,is found in movements table
48,7826,is added in human_movement table
48,7826,is found in human_movement table
12072,Frank O'Hara,✅ Found to fetch entity
42823,Milton Babbitt,✅ Found to fetch entity
24,20th-century classical music,is found in movements table
24,42823,is added in human_movement table
24,42823,is found in human_movement table
46078,Henry Bataille,✅ Found to fetch entity
23,Charles Robert Ashbee,✅ Found to fetch entity
34,Arts and Crafts movement,is found in movements table
34,23,is added in human_movement table
34,23,is found in human_movement table
566,Werner Bischof,✅ Found to fetch entity
960,Giuseppe Capogrossi,✅ Found to fetch entity
1015,A. M. Cassandre,✅ Found to fetch entity
1060,John Chamberlain,✅ Found to fetch entity
87,abstract expressionism,is found in movements table
87,1060,is added in human_movement table
87,1060,is found in human_movement table
1539,Richard Diebenkorn,✅ Found to fetch entity
87,abstract expressionism,is found in movements table
87,1539,is added in human_movement table
87,1539,is found in human_movement table
188,Bay Area Figurative Movement,is added movements table
188,Bay Area Figurative Movement,is found in movements table
188,1539,is added in human_movement table
188,1539,is found in human_movement table
2021,Ernst Fuchs,✅ Found to fetch entity
2223,Leon Golub,✅ Found to fetch entity
2431,Ernst Haas,✅ Found to fetch entity
2602,Auguste Herbin,✅ Found to fetch entity
1,Cubism,is found in movements table
1,2602,is added in human_movement table
1,2602,is found in human_movement table
189,abstraction,is added movements table
189,abstraction,is found in movements table
189,2602,is added in human_movement table
189,2602,is found in human_movement table
2,Fauvism,is found in movements table
2,2602,is added in human_movement table
2,2602,is found in human_movement table
2868,Lotte Jacobi,✅ Found to fetch entity
2930,Joan Jonas,✅ Found to fetch entity
3091,Frederick Kiesler,✅ Found to fetch entity
3268,Germaine Krull,✅ Found to fetch entity
3607,Morris Louis,✅ Found to fetch entity
87,abstract expressionism,is found in movements table
87,3607,is added in human_movement table
87,3607,is found in human_movement table
190,Washington Color School,is added movements table
190,Washington Color School,is found in movements table
190,3607,is added in human_movement table
190,3607,is found in human_movement table
3962,Duane Michals,✅ Found to fetch entity
4245,Ernst Wilhelm Nay,✅ Found to fetch entity
4603,Tom Phillips,✅ Found to fetch entity
6982,Thomas Ruff,✅ Found to fetch entity
7261,Poul Henningsen,✅ Found to fetch entity
7825,Thomas Struth,✅ Found to fetch entity
14213,Michel Seuphor,✅ Found to fetch entity
69295,Paco Rabanne,✅ Found to fetch entity
70,Jankel Adler,✅ Found to fetch entity
7,Expressionism,is found in movements table
7,70,is added in human_movement table
7,70,is found in human_movement table
80,School of Paris,is found in movements table
80,70,is added in human_movement table
80,70,is found in human_movement table
86,Otl Aicher (also known as Otto Aicher),✅ Found to fetch entity
194,Horst Antes,✅ Found to fetch entity
924,Harry Callahan,✅ Found to fetch entity
1013,Felice Casorati,✅ Found to fetch entity
1398,Bruce Davidson,✅ Found to fetch entity
1587,Piero Dorazio,✅ Found to fetch entity
95,Movimento Arte Concreta,is found in movements table
95,1587,is added in human_movement table
95,1587,is found in human_movement table
2863,William Henry Jackson,✅ Found to fetch entity
4283,Beaumont Newhall,✅ Found to fetch entity
5451,Renée Sintenis,✅ Found to fetch entity
5643,Varvara Stepanova,✅ Found to fetch entity
50,Constructivism,is found in movements table
50,5643,is added in human_movement table
50,5643,is found in human_movement table
6342,Minor White,✅ Found to fetch entity
6520,La Monte Young,✅ Found to fetch entity
12,Fluxus,is found in movements table
12,6520,is added in human_movement table
12,6520,is found in human_movement table
21439,Issey Miyake,✅ Found to fetch entity
35624,Shuji Terayama,✅ Found to fetch entity
36924,Alphonse Bertillon,✅ Found to fetch entity
37500,Kate Millett,✅ Found to fetch entity
191,second-wave feminism,is added movements table
191,second-wave feminism,is found in movements table
191,37500,is added in human_movement table
191,37500,is found in human_movement table
46318,Toshiro Mayuzumi,✅ Found to fetch entity
27,Erik Gunnar Asplund,✅ Found to fetch entity
207,Shusaku Arakawa,✅ Found to fetch entity
241,Gae Aulenti,✅ Found to fetch entity
192,Metodo Castiglioni,is added movements table
192,Metodo Castiglioni,is found in movements table
192,241,is added in human_movement table
192,241,is found in human_movement table
329,Miquel Barcelo,✅ Found to fetch entity
395,Edward Bawden,✅ Found to fetch entity
625,Mel Bochner,✅ Found to fetch entity
23,conceptual art,is found in movements table
23,625,is added in human_movement table
23,625,is found in human_movement table
1552,André-Adolphe-Eugène Disdéri,✅ Found to fetch entity
2705,Hans Hollein,✅ Found to fetch entity
137,postmodern architecture,is found in movements table
137,2705,is added in human_movement table
137,2705,is found in human_movement table
78,Postmodernism,is found in movements table
78,2705,is added in human_movement table
78,2705,is found in human_movement table
4591,Antoine Pevsner,✅ Found to fetch entity
64,abstract art,is found in movements table
64,4591,is added in human_movement table
64,4591,is found in human_movement table
4895,Marc Riboud,✅ Found to fetch entity
4912,George Rickey,✅ Found to fetch entity
64,abstract art,is found in movements table
64,4912,is added in human_movement table
64,4912,is found in human_movement table
5826,Karel Teige,✅ Found to fetch entity
5997,Raoul Ubac,✅ Found to fetch entity
80,School of Paris,is found in movements table
80,5997,is added in human_movement table
80,5997,is found in human_movement table
5999,Günther Uecker,✅ Found to fetch entity
8139,Rineke Dijkstra,✅ Found to fetch entity
48,contemporary art,is found in movements table
48,8139,is added in human_movement table
48,8139,is found in human_movement table
21398,George Maciunas,✅ Found to fetch entity
12,Fluxus,is found in movements table
12,21398,is added in human_movement table
12,21398,is found in human_movement table
31880,Mack Sennett,✅ Found to fetch entity
34881,Miranda July,✅ Found to fetch entity
877,David Burliuk,✅ Found to fetch entity
43,Russian Futurism,is found in movements table
43,877,is added in human_movement table
43,877,is found in human_movement table
955,Cornell Capa,✅ Found to fetch entity
1841,Conrad Felixmüller,✅ Found to fetch entity
7,Expressionism,is found in movements table
7,1841,is added in human_movement table
7,1841,is found in human_movement table
2308,Michael Graves,✅ Found to fetch entity
137,postmodern architecture,is found in movements table
137,2308,is added in human_movement table
137,2308,is found in human_movement table
2586,Jean Hélion,✅ Found to fetch entity
2821,Jean Ipoustéguy,✅ Found to fetch entity
3402,Maria Lassnig,✅ Found to fetch entity
56,feminist art,is found in movements table
56,3402,is added in human_movement table
56,3402,is found in human_movement table
60,Informalism,is found in movements table
60,3402,is added in human_movement table
60,3402,is found in human_movement table
3587,Richard Paul Lohse,✅ Found to fetch entity
3622,Lucebert,✅ Found to fetch entity
114,COBRA,is found in movements table
114,3622,is added in human_movement table
114,3622,is found in human_movement table
3770,John Marin,✅ Found to fetch entity
3829,Georges Mathieu,✅ Found to fetch entity
87,abstract expressionism,is found in movements table
87,3829,is added in human_movement table
87,3829,is found in human_movement table
130,lyrical abstraction,is found in movements table
130,3829,is added in human_movement table
130,3829,is found in human_movement table
4741,Richard Prince,✅ Found to fetch entity
48,contemporary art,is found in movements table
48,4741,is added in human_movement table
48,4741,is found in human_movement table
4930,Terry Riley,✅ Found to fetch entity
5041,Mimmo Rotella,✅ Found to fetch entity
5951,Jan Tschichold,✅ Found to fetch entity
6409,Tapio Wirkkala,✅ Found to fetch entity
6623,David Wojnarowicz,✅ Found to fetch entity
96,neo-expressionism,is found in movements table
96,6623,is added in human_movement table
96,6623,is found in human_movement table
23,conceptual art,is found in movements table
23,6623,is added in human_movement table
23,6623,is found in human_movement table
6922,Lucia Moholy,✅ Found to fetch entity
25,Bauhaus,is found in movements table
25,6922,is added in human_movement table
25,6922,is found in human_movement table
7481,Lucien Pissarro,✅ Found to fetch entity
13,Impressionism,is found in movements table
13,7481,is added in human_movement table
13,7481,is found in human_movement table
8041,Tracey Moffatt,✅ Found to fetch entity
8095,Hilla Becher,✅ Found to fetch entity
32349,Yvonne Rainer,✅ Found to fetch entity
56,feminist art,is found in movements table
56,32349,is added in human_movement table
56,32349,is found in human_movement table
360,Luigi Bartolini,✅ Found to fetch entity
900,Reg Butler,✅ Found to fetch entity
64,abstract art,is found in movements table
64,900,is added in human_movement table
64,900,is found in human_movement table
2679,Howard Hodgkin,✅ Found to fetch entity
48,contemporary art,is found in movements table
48,2679,is added in human_movement table
48,2679,is found in human_movement table
2881,Marcel Janco,✅ Found to fetch entity
7,Expressionism,is found in movements table
7,2881,is added in human_movement table
7,2881,is found in human_movement table
3325,Roger de La Fresnaye,✅ Found to fetch entity
1,Cubism,is found in movements table
1,3325,is added in human_movement table
1,3325,is found in human_movement table
4036,Lisette Model,✅ Found to fetch entity
4754,Jean Pougny (Ivan Puni),✅ Found to fetch entity
5981,James Turrell,✅ Found to fetch entity
193,Light and Space,is added movements table
193,Light and Space,is found in movements table
193,5981,is added in human_movement table
193,5981,is found in human_movement table
6439,Grant Wood,✅ Found to fetch entity
181,Regionalism,is found in movements table
181,6439,is added in human_movement table
181,6439,is found in human_movement table
6934,Roberto Burle Marx,✅ Found to fetch entity
7503,Roni Horn,✅ Found to fetch entity
7637,Paul McCarthy,✅ Found to fetch entity
93,abject art,is found in movements table
93,7637,is added in human_movement table
93,7637,is found in human_movement table
8383,Francis Alÿs,✅ Found to fetch entity
12616,Richard Wilbur,✅ Found to fetch entity
13407,Gregory Corso,✅ Found to fetch entity
32,Beat Generation,is found in movements table
32,13407,is added in human_movement table
32,13407,is found in human_movement table
13706,Franz Roh,✅ Found to fetch entity
25983,Rodney Graham,✅ Found to fetch entity
29024,Eija-Liisa Ahtila,✅ Found to fetch entity
31309,Paul Virilio,✅ Found to fetch entity
32179,Ruth Orkin,✅ Found to fetch entity
36844,Mary Ellen Mark,✅ Found to fetch entity
56,feminist art,is found in movements table
56,36844,is added in human_movement table
56,36844,is found in human_movement table
37960,Ernst Fischer,✅ Found to fetch entity
48906,Hans Scharoun,✅ Found to fetch entity
68786,Yohji Yamamoto,✅ Found to fetch entity
471,Lynda Benglis,✅ Found to fetch entity
56,feminist art,is found in movements table
56,471,is added in human_movement table
56,471,is found in human_movement table
48,contemporary art,is found in movements table
48,471,is added in human_movement table
48,471,is found in human_movement table
651,David Bomberg,✅ Found to fetch entity
123,vorticism,is found in movements table
123,651,is added in human_movement table
123,651,is found in human_movement table
756,George Brecht,✅ Found to fetch entity
12,Fluxus,is found in movements table
12,756,is added in human_movement table
12,756,is found in human_movement table
962,Leonetto Cappiello,✅ Found to fetch entity
1635,Raymond Duchamp-Villon,✅ Found to fetch entity
1,Cubism,is found in movements table
1,1635,is added in human_movement table
1,1635,is found in human_movement table
2328,Vittorio Gregotti,✅ Found to fetch entity
194,neorationalism,is added movements table
194,neorationalism,is found in movements table
194,2328,is added in human_movement table
194,2328,is found in human_movement table
2521,Marsden Hartley,✅ Found to fetch entity
22,Dada,is found in movements table
22,2521,is added in human_movement table
22,2521,is found in human_movement table
7,Expressionism,is found in movements table
7,2521,is added in human_movement table
7,2521,is found in human_movement table
3613,Lawrence Stephen Lowry,✅ Found to fetch entity
79,naïve art,is found in movements table
79,3613,is added in human_movement table
79,3613,is found in human_movement table
5879,Joe Tilson,✅ Found to fetch entity
8,pop art,is found in movements table
8,5879,is added in human_movement table
8,5879,is found in human_movement table
5983,Richard Tuttle,✅ Found to fetch entity
142,postminimalism,is found in movements table
142,5983,is added in human_movement table
142,5983,is found in human_movement table
6832,Martha Rosler,✅ Found to fetch entity
48,contemporary art,is found in movements table
48,6832,is added in human_movement table
48,6832,is found in human_movement table
6969,Peter Eisenman,✅ Found to fetch entity
137,postmodern architecture,is found in movements table
137,6969,is added in human_movement table
137,6969,is found in human_movement table
28632,Isa Genzken,✅ Found to fetch entity
48,contemporary art,is found in movements table
48,28632,is added in human_movement table
48,28632,is found in human_movement table
137040,Breyten Breytenbach,✅ Found to fetch entity
195,Sestigers,is added movements table
195,Sestigers,is found in movements table
195,137040,is added in human_movement table
195,137040,is found in human_movement table
618,Erwin Blumenfeld,✅ Found to fetch entity
630,Alighiero Boetti,✅ Found to fetch entity
143,Arte Povera,is found in movements table
143,630,is added in human_movement table
143,630,is found in human_movement table
1873,Robert Filliou,✅ Found to fetch entity
12,Fluxus,is found in movements table
12,1873,is added in human_movement table
12,1873,is found in human_movement table
183,Mail-Art,is found in movements table
183,1873,is added in human_movement table
183,1873,is found in human_movement table
1969,Martine Franck,✅ Found to fetch entity
4847,Paula Rego,✅ Found to fetch entity
6,modernism,is found in movements table
6,4847,is added in human_movement table
6,4847,is found in human_movement table
5134,Lucas Samaras,✅ Found to fetch entity
5319,Antonio Segui,✅ Found to fetch entity
5337,Kurt Seligmann,✅ Found to fetch entity
5353,Paul Sérusier,✅ Found to fetch entity
28,Pont-Aven School,is found in movements table
28,5353,is added in human_movement table
28,5353,is found in human_movement table
47,Les Nabis,is found in movements table
47,5353,is added in human_movement table
47,5353,is found in human_movement table
29,synthetism,is found in movements table
29,5353,is added in human_movement table
29,5353,is found in human_movement table
30,cloisonnism,is found in movements table
30,5353,is added in human_movement table
30,5353,is found in human_movement table
11,Symbolism,is found in movements table
11,5353,is added in human_movement table
11,5353,is found in human_movement table
5526,Keith Sonnier,✅ Found to fetch entity
142,postminimalism,is found in movements table
142,5526,is added in human_movement table
142,5526,is found in human_movement table
103,process art,is found in movements table
103,5526,is added in human_movement table
103,5526,is found in human_movement table
5665,Clyfford Still,✅ Found to fetch entity
87,abstract expressionism,is found in movements table
87,5665,is added in human_movement table
87,5665,is found in human_movement table
6132,Robert Venturi,✅ Found to fetch entity
137,postmodern architecture,is found in movements table
137,6132,is added in human_movement table
137,6132,is found in human_movement table
78,Postmodernism,is found in movements table
78,6132,is added in human_movement table
78,6132,is found in human_movement table
6281,William Wegman,✅ Found to fetch entity
7822,Giorgio Sommer,✅ Found to fetch entity
8124,George Hoyningen-Huene,✅ Found to fetch entity
28736,Carsten Nicolai,✅ Found to fetch entity
68,Charles Addams,✅ Found to fetch entity
531,Harry Bertoia,✅ Found to fetch entity
561,Ilse Bing,✅ Found to fetch entity
698,Édouard Boubat,✅ Found to fetch entity
49,humanistic photography,is found in movements table
49,698,is added in human_movement table
49,698,is found in human_movement table
1146,Lucien Clergue,✅ Found to fetch entity
1533,Jan Dibbets,✅ Found to fetch entity
48,contemporary art,is found in movements table
48,1533,is added in human_movement table
48,1533,is found in human_movement table
1971,Josef Frank,✅ Found to fetch entity
1996,Otto Freundlich,✅ Found to fetch entity
64,abstract art,is found in movements table
64,1996,is added in human_movement table
64,1996,is found in human_movement table
2268,Adolph Gottlieb,✅ Found to fetch entity
87,abstract expressionism,is found in movements table
87,2268,is added in human_movement table
87,2268,is found in human_movement table
2595,Florence Henri,✅ Found to fetch entity
1,Cubism,is found in movements table
1,2595,is added in human_movement table
1,2595,is found in human_movement table
3008,Gertrude Käsebier,✅ Found to fetch entity
110,pictorialism,is found in movements table
110,3008,is added in human_movement table
110,3008,is found in human_movement table
4694,Liubov Popova,✅ Found to fetch entity
50,Constructivism,is found in movements table
50,4694,is added in human_movement table
50,4694,is found in human_movement table
44,Futurism,is found in movements table
44,4694,is added in human_movement table
44,4694,is found in human_movement table
1,Cubism,is found in movements table
1,4694,is added in human_movement table
1,4694,is found in human_movement table
89,Suprematism,is found in movements table
89,4694,is added in human_movement table
89,4694,is found in human_movement table
7522,Nobuyoshi Araki ( 荒木経惟),✅ Found to fetch entity
48,contemporary art,is found in movements table
48,7522,is added in human_movement table
48,7522,is found in human_movement table
30937,Susan Hiller,✅ Found to fetch entity
47778,Henri Pousseur,✅ Found to fetch entity
77,Afro (Afro Basaldella),✅ Found to fetch entity
95,Movimento Arte Concreta,is found in movements table
95,77,is added in human_movement table
95,77,is found in human_movement table
250,Milton Avery,✅ Found to fetch entity
486,Christian Bérard,✅ Found to fetch entity
749,Adolphe Braun,✅ Found to fetch entity
1578,César Domela-Nieuwenhuis,✅ Found to fetch entity
64,abstract art,is found in movements table
64,1578,is added in human_movement table
64,1578,is found in human_movement table
1932,Joan Fontcuberta,✅ Found to fetch entity
2145,Charles Dana Gibson,✅ Found to fetch entity
3429,Gustave Le Gray,✅ Found to fetch entity
3515,Sherrie Levine,✅ Found to fetch entity
48,contemporary art,is found in movements table
48,3515,is added in human_movement table
48,3515,is found in human_movement table
3621,Maximilien Luce,✅ Found to fetch entity
26,pointillism,is found in movements table
26,3621,is added in human_movement table
26,3621,is found in human_movement table
3730,Sally Mann,✅ Found to fetch entity
48,contemporary art,is found in movements table
48,3730,is added in human_movement table
48,3730,is found in human_movement table
5058,Ker-Xavier Roussel,✅ Found to fetch entity
5364,David Seymour,✅ Found to fetch entity
6205,Edward Wadsworth,✅ Found to fetch entity
123,vorticism,is found in movements table
123,6205,is added in human_movement table
123,6205,is found in human_movement table
7017,Adrian Piper,✅ Found to fetch entity
23,conceptual art,is found in movements table
23,7017,is added in human_movement table
23,7017,is found in human_movement table
56,feminist art,is found in movements table
56,7017,is added in human_movement table
56,7017,is found in human_movement table
7037,Herbert George Ponting,✅ Found to fetch entity
7547,Liam Gillick,✅ Found to fetch entity
48,contemporary art,is found in movements table
48,7547,is added in human_movement table
48,7547,is found in human_movement table
7810,Sarah Lucas,✅ Found to fetch entity
93,abject art,is found in movements table
93,7810,is added in human_movement table
93,7810,is found in human_movement table
48,contemporary art,is found in movements table
48,7810,is added in human_movement table
48,7810,is found in human_movement table
32238,Oskar Fischinger,✅ Found to fetch entity
46358,Jean-Philippe Toussaint,✅ Found to fetch entity
416,Felice Beato,✅ Found to fetch entity
1028,Achille Castiglioni,✅ Found to fetch entity
192,Metodo Castiglioni,is found in movements table
192,1028,is added in human_movement table
192,1028,is found in human_movement table
1209,Charles Conder,✅ Found to fetch entity
1215,Bruce Conner,✅ Found to fetch entity
1279,Miguel Covarrubias,✅ Found to fetch entity
2000,Johnny Friedlaender,✅ Found to fetch entity
2198,Domenico Gnoli,✅ Found to fetch entity
2844,Graciela Iturbide,✅ Found to fetch entity
3784,Reginald Marsh,✅ Found to fetch entity
65,social realism,is found in movements table
65,3784,is added in human_movement table
65,3784,is found in human_movement table
4099,Daidō Moriyama (森山 大道),✅ Found to fetch entity
4253,Alice Neel,✅ Found to fetch entity
7,Expressionism,is found in movements table
7,4253,is added in human_movement table
7,4253,is found in human_movement table
196,anarchism,is added movements table
196,anarchism,is found in movements table
196,4253,is added in human_movement table
196,4253,is found in human_movement table
65,social realism,is found in movements table
65,4253,is added in human_movement table
65,4253,is found in human_movement table
4617,Otto Piene,✅ Found to fetch entity
197,Zero,is added movements table
197,Zero,is found in movements table
197,4617,is added in human_movement table
197,4617,is found in human_movement table
4832,Martial Raysse,✅ Found to fetch entity
55,Nouveau réalisme,is found in movements table
55,4832,is added in human_movement table
55,4832,is found in human_movement table
7489,Tony Oursler,✅ Found to fetch entity
48,contemporary art,is found in movements table
48,7489,is added in human_movement table
48,7489,is found in human_movement table
7928,Louise Lawler,✅ Found to fetch entity
48,contemporary art,is found in movements table
48,7928,is added in human_movement table
48,7928,is found in human_movement table
8549,Marc Allégret,✅ Found to fetch entity
9068,"Eastman Kodak Company, Rochester, NY",✅ Found to fetch entity
12611,Theodore Roethke,✅ Found to fetch entity
27445,Lygia Clark,✅ Found to fetch entity
198,Antropophagia,is added movements table
198,Antropophagia,is found in movements table
198,27445,is added in human_movement table
198,27445,is found in human_movement table
34532,Isaac Julien,✅ Found to fetch entity
48,contemporary art,is found in movements table
48,34532,is added in human_movement table
48,34532,is found in human_movement table
36500,Robert Mallet-Stevens,✅ Found to fetch entity
138,Edmond-François Aman Jean,✅ Found to fetch entity
11,Symbolism,is found in movements table
11,138,is added in human_movement table
11,138,is found in human_movement table
318,Lewis Baltz,✅ Found to fetch entity
3020,E. McKnight Kauffer,✅ Found to fetch entity
3480,Jan Lenica,✅ Found to fetch entity
5494,Tony Smith,✅ Found to fetch entity
64,abstract art,is found in movements table
64,5494,is added in human_movement table
64,5494,is found in human_movement table
104,Minimalism,is found in movements table
104,5494,is added in human_movement table
104,5494,is found in human_movement table
6260,Carleton E. Watkins,✅ Found to fetch entity
8216,Denise Scott Brown,✅ Found to fetch entity
137,postmodern architecture,is found in movements table
137,8216,is added in human_movement table
137,8216,is found in human_movement table
11348,Christian Zervos,✅ Found to fetch entity
29876,Coosje van Bruggen,✅ Found to fetch entity
8,pop art,is found in movements table
8,29876,is added in human_movement table
8,29876,is found in human_movement table
37281,Robert Wiene,✅ Found to fetch entity
45094,Susan Meiselas,✅ Found to fetch entity
48320,Edmund de Waal,✅ Found to fetch entity
71905,Hilma af Klint,✅ Found to fetch entity
64,abstract art,is found in movements table
64,71905,is added in human_movement table
64,71905,is found in human_movement table
308,Édouard-Denis Baldus,✅ Found to fetch entity
885,René Burri,✅ Found to fetch entity
913,Corrado Cagli,✅ Found to fetch entity
1048,Vija Celmins,✅ Found to fetch entity
1321,Carlos Cruz-Diez,✅ Found to fetch entity
63,op art,is found in movements table
63,1321,is added in human_movement table
63,1321,is found in human_movement table
64,abstract art,is found in movements table
64,1321,is added in human_movement table
64,1321,is found in human_movement table
81,kinetic art,is found in movements table
81,1321,is added in human_movement table
81,1321,is found in human_movement table
2084,Pablo Gargallo,✅ Found to fetch entity
2337,Helmut A. P. Grieshaber,✅ Found to fetch entity
2931,Allen Jones,✅ Found to fetch entity
8,pop art,is found in movements table
8,2931,is added in human_movement table
8,2931,is found in human_movement table
4705,Candido Portinari,✅ Found to fetch entity
10,modern art,is found in movements table
10,4705,is added in human_movement table
10,4705,is found in human_movement table
5270,Lothar Schreyer,✅ Found to fetch entity
7,Expressionism,is found in movements table
7,5270,is added in human_movement table
7,5270,is found in human_movement table
5277,Emil Schumacher,✅ Found to fetch entity
64,abstract art,is found in movements table
64,5277,is added in human_movement table
64,5277,is found in human_movement table
87,abstract expressionism,is found in movements table
87,5277,is added in human_movement table
87,5277,is found in human_movement table
5281,Thomas Schütte,✅ Found to fetch entity
7496,Gilbert & George,✅ Found to fetch entity
93,abject art,is found in movements table
93,7496,is added in human_movement table
93,7496,is found in human_movement table
8050,Marlene Streeruwitz,✅ Found to fetch entity
8478,Christian Marclay,✅ Found to fetch entity
48,contemporary art,is found in movements table
48,8478,is added in human_movement table
48,8478,is found in human_movement table
23485,Vera Mukhina,✅ Found to fetch entity
47676,Pauline Oliveros,✅ Found to fetch entity
149,Cuno Amiet,✅ Found to fetch entity
28,Pont-Aven School,is found in movements table
28,149,is added in human_movement table
28,149,is found in human_movement table
235,Jean-Michel Atlan,✅ Found to fetch entity
412,Romare Bearden,✅ Found to fetch entity
64,abstract art,is found in movements table
64,412,is added in human_movement table
64,412,is found in human_movement table
1,Cubism,is found in movements table
1,412,is added in human_movement table
1,412,is found in human_movement table
65,social realism,is found in movements table
65,412,is added in human_movement table
65,412,is found in human_movement table
802,Joan Brossa,✅ Found to fetch entity
3,Surrealism,is found in movements table
3,802,is added in human_movement table
3,802,is found in human_movement table
1313,Henri-Edmond Cross,✅ Found to fetch entity
26,pointillism,is found in movements table
26,1313,is added in human_movement table
26,1313,is found in human_movement table
15,Neo-impressionism,is found in movements table
15,1313,is added in human_movement table
15,1313,is found in human_movement table
1490,Charles Demuth,✅ Found to fetch entity
182,Precisionism,is found in movements table
182,1490,is added in human_movement table
182,1490,is found in human_movement table
1579,Oscar Domínguez,✅ Found to fetch entity
199,Generation of ‘27,is added movements table
199,Generation of ‘27,is found in movements table
199,1579,is added in human_movement table
199,1579,is found in human_movement table
1602,Arthur Dove,✅ Found to fetch entity
2140,Mario Giacomelli,✅ Found to fetch entity
2743,Alfred Hrdlicka,✅ Found to fetch entity
2755,Georges Hugnet,✅ Found to fetch entity
22,Dada,is found in movements table
22,2755,is added in human_movement table
22,2755,is found in human_movement table
4516,Leonid Pasternak,✅ Found to fetch entity
4,Post-impressionism,is found in movements table
4,4516,is added in human_movement table
4,4516,is found in human_movement table
4529,Philip Pearlstein,✅ Found to fetch entity
140,realism,is found in movements table
140,4529,is added in human_movement table
140,4529,is found in human_movement table
4963,Henry Peach Robinson,✅ Found to fetch entity
110,pictorialism,is found in movements table
110,4963,is added in human_movement table
110,4963,is found in human_movement table
5863,John Thomson,✅ Found to fetch entity
6072,Bart van der Leck,✅ Found to fetch entity
64,abstract art,is found in movements table
64,6072,is added in human_movement table
64,6072,is found in human_movement table
6125,Vladimir Veličković,✅ Found to fetch entity
6170,Roman Vishniac,✅ Found to fetch entity
7018,Andres Serrano,✅ Found to fetch entity
7066,Faith Ringgold,✅ Found to fetch entity
56,feminist art,is found in movements table
56,7066,is added in human_movement table
56,7066,is found in human_movement table
8485,Gillian Wearing,✅ Found to fetch entity
48,contemporary art,is found in movements table
48,8485,is added in human_movement table
48,8485,is found in human_movement table
13207,Edwin Morgan,✅ Found to fetch entity
200,Scottish Renaissance,is added movements table
200,Scottish Renaissance,is found in movements table
200,13207,is added in human_movement table
200,13207,is found in human_movement table
23756,Boris Kustodiev,✅ Found to fetch entity
31875,Allan Dwan,✅ Found to fetch entity
34797,Ulay,✅ Found to fetch entity
35568,Fernando Meirelles,✅ Found to fetch entity
46486,Gerald Scarfe,✅ Found to fetch entity
643,Frédéric Boissonnas,✅ Found to fetch entity
870,Charles Burchfield,✅ Found to fetch entity
1616,Christopher Dresser,✅ Found to fetch entity
1788,Luciano Fabro,✅ Found to fetch entity
143,Arte Povera,is found in movements table
143,1788,is added in human_movement table
143,1788,is found in human_movement table
2047,Wanda Gág,✅ Found to fetch entity
2079,Alexander Gardner,✅ Found to fetch entity
2214,David Goldblatt,✅ Found to fetch entity
3669,Heinz Mack,✅ Found to fetch entity
64,abstract art,is found in movements table
64,3669,is added in human_movement table
64,3669,is found in human_movement table
4507,Maxfield Parrish,✅ Found to fetch entity
4727,Maurice Prendergast,✅ Found to fetch entity
4,Post-impressionism,is found in movements table
4,4727,is added in human_movement table
4,4727,is found in human_movement table
172,Ashcan School,is found in movements table
172,4727,is added in human_movement table
172,4727,is found in human_movement table
4891,Louis Rhead,✅ Found to fetch entity
5699,Karl Struss,✅ Found to fetch entity
7805,Douglas Gordon,✅ Found to fetch entity
138,Young British Artists,is found in movements table
138,7805,is added in human_movement table
138,7805,is found in human_movement table
8067,Robert Adamson,✅ Found to fetch entity
8276,Thomas Hirschhorn,✅ Found to fetch entity
48,contemporary art,is found in movements table
48,8276,is added in human_movement table
48,8276,is found in human_movement table
29732,Álvaro Siza,✅ Found to fetch entity
36956,Dieter Schnebel,✅ Found to fetch entity
37919,Alfred Roller,✅ Found to fetch entity
45926,David Tudor,✅ Found to fetch entity
24,20th-century classical music,is found in movements table
24,45926,is added in human_movement table
24,45926,is found in human_movement table
231,Anna Atkins,✅ Found to fetch entity
357,Jennifer Bartlett,✅ Found to fetch entity
682,Jonathan Borofsky,✅ Found to fetch entity
8,pop art,is found in movements table
8,682,is added in human_movement table
8,682,is found in human_movement table
1519,Jean Dewasne,✅ Found to fetch entity
1724,Peter Henry Emerson,✅ Found to fetch entity
2362,Anthony Gross,✅ Found to fetch entity
2758,Valentine Hugo,✅ Found to fetch entity
3,Surrealism,is found in movements table
3,2758,is added in human_movement table
3,2758,is found in human_movement table
3921,Fausto Melotti,✅ Found to fetch entity
4677,Giò Pomodoro,✅ Found to fetch entity
5160,Giuseppe Santomaso,✅ Found to fetch entity
5171,Aligi Sassu,✅ Found to fetch entity
5303,William Scott,✅ Found to fetch entity
64,abstract art,is found in movements table
64,5303,is added in human_movement table
64,5303,is found in human_movement table
5668,James Stirling,✅ Found to fetch entity
6405,Fritz Winter,✅ Found to fetch entity
6602,Lorna Simpson,✅ Found to fetch entity
48,contemporary art,is found in movements table
48,6602,is added in human_movement table
48,6602,is found in human_movement table
56,feminist art,is found in movements table
56,6602,is added in human_movement table
56,6602,is found in human_movement table
8211,Giovanni Anselmo,✅ Found to fetch entity
143,Arte Povera,is found in movements table
143,8211,is added in human_movement table
143,8211,is found in human_movement table
9168,"Alfred H. Barr, Jr.",✅ Found to fetch entity
12124,Pavel Filonov,✅ Found to fetch entity
37280,Paul Wegener,✅ Found to fetch entity
767,Rodolphe Bresdin,✅ Found to fetch entity
1695,Fritz Eichenberg,✅ Found to fetch entity
2147,Tim Gidal,✅ Found to fetch entity
2735,Eikoh Hosoe,✅ Found to fetch entity
3725,Henri Manguin,✅ Found to fetch entity
4,Post-impressionism,is found in movements table
4,3725,is added in human_movement table
4,3725,is found in human_movement table
3774,Marisol (Marisol Escobar),✅ Found to fetch entity
8,pop art,is found in movements table
8,3774,is added in human_movement table
8,3774,is found in human_movement table
3925,Alessandro Mendini,✅ Found to fetch entity
4462,Wolfgang Paalen,✅ Found to fetch entity
3,Surrealism,is found in movements table
3,4462,is added in human_movement table
3,4462,is found in human_movement table
5098,Robert Ryman,✅ Found to fetch entity
5373,Joel Shapiro,✅ Found to fetch entity
64,abstract art,is found in movements table
64,5373,is added in human_movement table
64,5373,is found in human_movement table
5667,William James Stillman,✅ Found to fetch entity
5698,Hermann Struck,✅ Found to fetch entity
6294,David Weiss,✅ Found to fetch entity
6502,Tadanori Yokoo,✅ Found to fetch entity
6582,William Zorach,✅ Found to fetch entity
1,Cubism,is found in movements table
1,6582,is added in human_movement table
1,6582,is found in human_movement table
7123,Walter Ruttmann,❌ Failed to fetch entity
7408,Ann Hamilton,✅ Found to fetch entity
7520,Luc Tuymans,✅ Found to fetch entity
48,contemporary art,is found in movements table
48,7520,is added in human_movement table
48,7520,is found in human_movement table
8078,Gerhard Rühm,✅ Found to fetch entity
183,Mail-Art,is found in movements table
183,8078,is added in human_movement table
183,8078,is found in human_movement table
8108,Andrea Branzi,✅ Found to fetch entity
8285,Kerry James Marshall,✅ Found to fetch entity
48,contemporary art,is found in movements table
48,8285,is added in human_movement table
48,8285,is found in human_movement table
18214,Earle Brown,✅ Found to fetch entity
67824,Alain Tanner,✅ Found to fetch entity
393,Lothar Baumgarten,✅ Found to fetch entity
670,Lee Bontecou,✅ Found to fetch entity
87,abstract expressionism,is found in movements table
87,670,is added in human_movement table
87,670,is found in human_movement table
1129,Paul Citroen,✅ Found to fetch entity
1422,Roy DeCarava,✅ Found to fetch entity
2899,Pierre Jeanneret,✅ Found to fetch entity
3296,Yasuo Kuniyoshi,✅ Found to fetch entity
21,Catalan modernism,is found in movements table
21,3296,is added in human_movement table
21,3296,is found in human_movement table
3346,Maxime Lalanne,✅ Found to fetch entity
3418,Jacob Lawrence,✅ Found to fetch entity
65,social realism,is found in movements table
65,3418,is added in human_movement table
65,3418,is found in human_movement table
3537,Alexander Liberman,✅ Found to fetch entity
64,abstract art,is found in movements table
64,3537,is added in human_movement table
64,3537,is found in human_movement table
3766,Enzo Mari,✅ Found to fetch entity
3810,Charles Marville,✅ Found to fetch entity
3826,Ewald Mataré,✅ Found to fetch entity
3982,Manolo Millares,✅ Found to fetch entity
64,abstract art,is found in movements table
64,3982,is added in human_movement table
64,3982,is found in human_movement table
4570,Gaetano Pesce,✅ Found to fetch entity
4620,Édouard Pignon,✅ Found to fetch entity
4687,Carlo Ponti,✅ Found to fetch entity
4893,Georges Ribemont-Dessaignes,✅ Found to fetch entity
5448,Gustave Singier,✅ Found to fetch entity
6091,Georges Vantongerloo,✅ Found to fetch entity
7002,Humphrey Jennings,✅ Found to fetch entity
7056,Bernard Tschumi,✅ Found to fetch entity
7542,Helen Chadwick,✅ Found to fetch entity
93,abject art,is found in movements table
93,7542,is added in human_movement table
93,7542,is found in human_movement table
7667,Horst P. Horst,✅ Found to fetch entity
8045,Hans-Peter Feldmann,✅ Found to fetch entity
27819,Robert Demachy,✅ Found to fetch entity
30917,Dominique Gonzalez-Foerster,✅ Found to fetch entity
41481,Francis Jourdain,✅ Found to fetch entity
201,functionalism,is added movements table
201,functionalism,is found in movements table
201,41481,is added in human_movement table
201,41481,is found in human_movement table
57,Neues Bauen,is found in movements table
57,41481,is added in human_movement table
57,41481,is found in human_movement table
47783,M.I.A.,✅ Found to fetch entity
676,Paul-Émile Borduas,✅ Found to fetch entity
87,abstract expressionism,is found in movements table
87,676,is added in human_movement table
87,676,is found in human_movement table
180,Les Automatistes,is found in movements table
180,676,is added in human_movement table
180,676,is found in human_movement table
847,John Buckland-Wright,✅ Found to fetch entity
3824,Umberto Mastroianni,✅ Found to fetch entity
64,abstract art,is found in movements table
64,3824,is added in human_movement table
64,3824,is found in human_movement table
4755,Hans Purrmann,✅ Found to fetch entity
7,Expressionism,is found in movements table
7,4755,is added in human_movement table
7,4755,is found in human_movement table
4918,Richard Riemerschmid,✅ Found to fetch entity
5044,Susan Rothenberg,✅ Found to fetch entity
5076,Paul Rudolph,✅ Found to fetch entity
19,brutalist architecture,is found in movements table
19,5076,is added in human_movement table
19,5076,is found in human_movement table
5549,Raphael Soyer,✅ Found to fetch entity
65,social realism,is found in movements table
65,5549,is added in human_movement table
65,5549,is found in human_movement table
6463,Paul Wunderlich,✅ Found to fetch entity
6592,Piet Zwart,✅ Found to fetch entity
46,De Stijl,is found in movements table
46,6592,is added in human_movement table
46,6592,is found in human_movement table
6967,Kisho Kurokawa,✅ Found to fetch entity
177,Metabolism,is found in movements table
177,6967,is added in human_movement table
177,6967,is found in human_movement table
6997,Charles Lucien Léandre,✅ Found to fetch entity
7177,Carrie Mae Weems,✅ Found to fetch entity
48,contemporary art,is found in movements table
48,7177,is added in human_movement table
48,7177,is found in human_movement table
7557,Franz West,✅ Found to fetch entity
64,abstract art,is found in movements table
64,7557,is added in human_movement table
64,7557,is found in human_movement table
7641,Gerald Brockhurst,✅ Found to fetch entity
7679,Kara Walker,✅ Found to fetch entity
48,contemporary art,is found in movements table
48,7679,is added in human_movement table
48,7679,is found in human_movement table
8126,Julian Opie,✅ Found to fetch entity
202,New British Sculpture,is added movements table
202,New British Sculpture,is found in movements table
202,8126,is added in human_movement table
202,8126,is found in human_movement table
8153,Stan Douglas,✅ Found to fetch entity
8317,Remedios Varo,✅ Found to fetch entity
3,Surrealism,is found in movements table
3,8317,is added in human_movement table
3,8317,is found in human_movement table
14428,Kuzma Petrov-Vodkin,✅ Found to fetch entity
203,Russian symbolism,is added movements table
203,Russian symbolism,is found in movements table
203,14428,is added in human_movement table
203,14428,is found in human_movement table
11,Symbolism,is found in movements table
11,14428,is added in human_movement table
11,14428,is found in human_movement table
28600,Henry Darger,✅ Found to fetch entity
59,outsider art,is found in movements table
59,28600,is added in human_movement table
59,28600,is found in human_movement table
28698,John Lurie,✅ Found to fetch entity
32473,Sonic Youth,✅ Found to fetch entity
33195,Nicholas Negroponte,✅ Found to fetch entity
34784,Trisha Brown,✅ Found to fetch entity
38613,Kurt Gerron,✅ Found to fetch entity
43745,Luis Barragán,✅ Found to fetch entity
44707,Alex Cox,✅ Found to fetch entity
48787,Terence Conran,✅ Found to fetch entity
444,Larry Bell,✅ Found to fetch entity
204,minimalism,is added movements table
204,minimalism,is found in movements table
204,444,is added in human_movement table
204,444,is found in human_movement table
574,Roger Bissière,✅ Found to fetch entity
741,Marianne Brandt,✅ Found to fetch entity
837,Camille Bryen,✅ Found to fetch entity
1039,Patrick Caulfield,✅ Found to fetch entity
8,pop art,is found in movements table
8,1039,is added in human_movement table
8,1039,is found in human_movement table
48,contemporary art,is found in movements table
48,1039,is added in human_movement table
48,1039,is found in human_movement table
1185,Paul Colin,✅ Found to fetch entity
3,Surrealism,is found in movements table
3,1185,is added in human_movement table
3,1185,is found in human_movement table
1,Cubism,is found in movements table
1,1185,is added in human_movement table
1,1185,is found in human_movement table
1651,David Douglas Duncan,✅ Found to fetch entity
1975,Antonio Frasconi,✅ Found to fetch entity
2119,Arnold Genthe,✅ Found to fetch entity
2203,Mathias Goeritz,✅ Found to fetch entity
2427,Brion Gysin,✅ Found to fetch entity
32,Beat Generation,is found in movements table
32,2427,is added in human_movement table
32,2427,is found in human_movement table
3030,On Kawara,✅ Found to fetch entity
3957,Joel Meyerowitz,✅ Found to fetch entity
4256,Ernst Neizvestny,✅ Found to fetch entity
7,Expressionism,is found in movements table
7,4256,is added in human_movement table
7,4256,is found in human_movement table
4266,Rolf Nesch,✅ Found to fetch entity
7,Expressionism,is found in movements table
7,4266,is added in human_movement table
7,4266,is found in human_movement table
4786,Louis Raemaekers,✅ Found to fetch entity
5275,Bernard Schultze,✅ Found to fetch entity
5821,Pavel Tchelitchew,✅ Found to fetch entity
205,Neo-romanticism,is added movements table
205,Neo-romanticism,is found in movements table
205,5821,is added in human_movement table
205,5821,is found in human_movement table
6065,Louis Valtat,✅ Found to fetch entity
2,Fauvism,is found in movements table
2,6065,is added in human_movement table
2,6065,is found in human_movement table
4,Post-impressionism,is found in movements table
4,6065,is added in human_movement table
4,6065,is found in human_movement table
6127,Bernar Venet,✅ Found to fetch entity
23,conceptual art,is found in movements table
23,6127,is added in human_movement table
23,6127,is found in human_movement table
6208,Wilhelm Wagenfeld,✅ Found to fetch entity
25,Bauhaus,is found in movements table
25,6208,is added in human_movement table
25,6208,is found in human_movement table
6337,Rex Whistler,✅ Found to fetch entity
6338,Clarence H. White,✅ Found to fetch entity
6690,Henri Le Sidaner,✅ Found to fetch entity
206,Etaples art colony,is added movements table
206,Etaples art colony,is found in movements table
206,6690,is added in human_movement table
206,6690,is found in human_movement table
11,Symbolism,is found in movements table
11,6690,is added in human_movement table
11,6690,is found in human_movement table
19862,David Shrigley,✅ Found to fetch entity
48,contemporary art,is found in movements table
48,19862,is added in human_movement table
48,19862,is found in human_movement table
29427,Milan Knížák,✅ Found to fetch entity
12,Fluxus,is found in movements table
12,29427,is added in human_movement table
12,29427,is found in human_movement table
37258,Lydia Lunch,✅ Found to fetch entity
135,No Wave Cinema,is found in movements table
135,37258,is added in human_movement table
135,37258,is found in human_movement table
207,Cinema of Transgression,is added movements table
207,Cinema of Transgression,is found in movements table
207,37258,is added in human_movement table
207,37258,is found in human_movement table
44207,Georg Gerster,✅ Found to fetch entity
69891,Alain Jouffroy,✅ Found to fetch entity
502,Eugene Berman,✅ Found to fetch entity
597,Ross Bleckner,✅ Found to fetch entity
1637,Guillaume-Benjamin-Armand Duchenne de Boulogne,✅ Found to fetch entity
1774,Frederick H. Evans,✅ Found to fetch entity
1821,Pericle Fazzini,✅ Found to fetch entity
7,Expressionism,is found in movements table
7,1821,is added in human_movement table
7,1821,is found in human_movement table
2099,August Gaul,✅ Found to fetch entity
2358,Jan Groover,✅ Found to fetch entity
56,feminist art,is found in movements table
56,2358,is added in human_movement table
56,2358,is found in human_movement table
3133,Cesar Klein,✅ Found to fetch entity
7,Expressionism,is found in movements table
7,3133,is added in human_movement table
7,3133,is found in human_movement table
3648,George Platt Lynes,✅ Found to fetch entity
4227,John Northcote Nash,✅ Found to fetch entity
4363,Timothy O'Sullivan,✅ Found to fetch entity
5444,Iain Sinclair,✅ Found to fetch entity
5522,K.R.H. Sonderborg,✅ Found to fetch entity
5713,Jindřich Štyrský,✅ Found to fetch entity
6814,Harvey Pekar,✅ Found to fetch entity
7431,Giulio Aristide Sartorio,❌ Failed to fetch entity
7818,Vik Muniz,✅ Found to fetch entity
208,baroque architecture,is added movements table
208,baroque architecture,is found in movements table
208,7818,is added in human_movement table
208,7818,is found in human_movement table
48,contemporary art,is found in movements table
48,7818,is added in human_movement table
48,7818,is found in human_movement table
8101,Paolo Soleri,✅ Found to fetch entity
8428,Ron Arad,✅ Found to fetch entity
78,Postmodernism,is found in movements table
78,8428,is added in human_movement table
78,8428,is found in human_movement table
8611,Thomas Demand,✅ Found to fetch entity
16479,Katherine S. Dreier,✅ Found to fetch entity
64,abstract art,is found in movements table
64,16479,is added in human_movement table
64,16479,is found in human_movement table
10,modern art,is found in movements table
10,16479,is added in human_movement table
10,16479,is found in human_movement table
30941,Carsten Höller,✅ Found to fetch entity
209,relational art,is added movements table
209,relational art,is found in movements table
209,30941,is added in human_movement table
209,30941,is found in human_movement table
36781,Grete Stern,✅ Found to fetch entity
36947,Toshi Ichiyanagi,✅ Found to fetch entity
38160,Jules Janssen,✅ Found to fetch entity
66,Robert Adams,✅ Found to fetch entity
871,Chris Burden,✅ Found to fetch entity
23,conceptual art,is found in movements table
23,871,is added in human_movement table
23,871,is found in human_movement table
1597,Christian Dotremont,✅ Found to fetch entity
1764,Richard Estes,✅ Found to fetch entity
210,photorealism,is added movements table
210,photorealism,is found in movements table
210,1764,is added in human_movement table
210,1764,is found in human_movement table
1779,Henri Evenepoel,✅ Found to fetch entity
2,Fauvism,is found in movements table
2,1779,is added in human_movement table
2,1779,is found in human_movement table
1871,Pedro Figari,✅ Found to fetch entity
211,American Impressionism,is added movements table
211,American Impressionism,is found in movements table
211,1871,is added in human_movement table
211,1871,is found in human_movement table
2310,Nancy Graves,✅ Found to fetch entity
142,postminimalism,is found in movements table
142,2310,is added in human_movement table
142,2310,is found in human_movement table
2631,Sheila Hicks,✅ Found to fetch entity
2637,Dick Higgins,✅ Found to fetch entity
12,Fluxus,is found in movements table
12,2637,is added in human_movement table
12,2637,is found in human_movement table
183,Mail-Art,is found in movements table
183,2637,is added in human_movement table
183,2637,is found in human_movement table
2757,Jean Hugo,✅ Found to fetch entity
3332,Gaston Lachaise,✅ Found to fetch entity
3843,Herbert Matter,✅ Found to fetch entity
4154,Josef Müller-Brockmann,✅ Found to fetch entity
4452,Paul Outerbridge,✅ Found to fetch entity
4485,Verner Panton,✅ Found to fetch entity
4758,Martin Puryear,✅ Found to fetch entity
4957,William Roberts,✅ Found to fetch entity
5066,Olga Rozanova,✅ Found to fetch entity
89,Suprematism,is found in movements table
89,5066,is added in human_movement table
89,5066,is found in human_movement table
212,neo-primitivism,is added movements table
212,neo-primitivism,is found in movements table
212,5066,is added in human_movement table
212,5066,is found in human_movement table
213,Cubo-Futurism,is added movements table
213,Cubo-Futurism,is found in movements table
213,5066,is added in human_movement table
213,5066,is found in human_movement table
5632,Otto Steinert,✅ Found to fetch entity
214,Fotoform,is added movements table
214,Fotoform,is found in movements table
214,5632,is added in human_movement table
214,5632,is found in human_movement table
6189,Friedrich Vordemberge-Gildewart,✅ Found to fetch entity
64,abstract art,is found in movements table
64,6189,is added in human_movement table
64,6189,is found in human_movement table
6417,Joel-Peter Witkin,✅ Found to fetch entity
7477,Alfredo Jaar,✅ Found to fetch entity
7631,Yasumasa Morimura,✅ Found to fetch entity
48,contemporary art,is found in movements table
48,7631,is added in human_movement table
48,7631,is found in human_movement table
8566,Arthur Wesley Dow,✅ Found to fetch entity
28,Pont-Aven School,is found in movements table
28,8566,is added in human_movement table
28,8566,is found in human_movement table
34,Arts and Crafts movement,is found in movements table
34,8566,is added in human_movement table
34,8566,is found in human_movement table
97,Japonisme,is found in movements table
97,8566,is added in human_movement table
97,8566,is found in human_movement table
28123,Rainald Goetz,✅ Found to fetch entity
28741,Marcel Odenbach,✅ Found to fetch entity
32939,Louis Anquetin,✅ Found to fetch entity
30,cloisonnism,is found in movements table
30,32939,is added in human_movement table
30,32939,is found in human_movement table
39160,Gabriele Basilico,✅ Found to fetch entity
49158,Tarsila do Amaral,✅ Found to fetch entity
74396,Cecil Taylor,✅ Found to fetch entity
100,Ivan LeLorraine Albright,✅ Found to fetch entity
52,magic realism,is found in movements table
52,100,is added in human_movement table
52,100,is found in human_movement table
383,André Bauchant,✅ Found to fetch entity
398,Hippolyte Bayard,✅ Found to fetch entity
517,Antonio Berni,✅ Found to fetch entity
65,social realism,is found in movements table
65,517,is added in human_movement table
65,517,is found in human_movement table
661,Felix Bonfils,✅ Found to fetch entity
935,Charles Camoin,✅ Found to fetch entity
952,Rafael Canogar,✅ Found to fetch entity
1059,Samuel Chamberlain,✅ Found to fetch entity
1288,Michael Craig-Martin,✅ Found to fetch entity
48,contemporary art,is found in movements table
48,1288,is added in human_movement table
48,1288,is found in human_movement table
2014,Elisabeth Frink,✅ Found to fetch entity
2184,William Glackens,✅ Found to fetch entity
172,Ashcan School,is found in movements table
172,2184,is added in human_movement table
172,2184,is found in human_movement table
132,American realism,is found in movements table
132,2184,is added in human_movement table
132,2184,is found in human_movement table
2199,Robert Gober,✅ Found to fetch entity
8,pop art,is found in movements table
8,2199,is added in human_movement table
8,2199,is found in human_movement table
93,abject art,is found in movements table
93,2199,is added in human_movement table
93,2199,is found in human_movement table
48,contemporary art,is found in movements table
48,2199,is added in human_movement table
48,2199,is found in human_movement table
2581,John Hejduk,✅ Found to fetch entity
2583,Al Held,✅ Found to fetch entity
87,abstract expressionism,is found in movements table
87,2583,is added in human_movement table
87,2583,is found in human_movement table
2928,Ray Johnson,✅ Found to fetch entity
8,pop art,is found in movements table
8,2928,is added in human_movement table
8,2928,is found in human_movement table
12,Fluxus,is found in movements table
12,2928,is added in human_movement table
12,2928,is found in human_movement table
183,Mail-Art,is found in movements table
183,2928,is added in human_movement table
183,2928,is found in human_movement table
3287,Heinrich Kühn,✅ Found to fetch entity
110,pictorialism,is found in movements table
110,3287,is added in human_movement table
110,3287,is found in human_movement table
3493,Helmar Lerski,✅ Found to fetch entity
3661,Mino Maccari,✅ Found to fetch entity
3908,Hans Meid,✅ Found to fetch entity
4700,Eliot Porter,✅ Found to fetch entity
4862,Oscar G. Rejlander,✅ Found to fetch entity
110,pictorialism,is found in movements table
110,4862,is added in human_movement table
110,4862,is found in human_movement table
76,Pre-Raphaelite Brotherhood,is found in movements table
76,4862,is added in human_movement table
76,4862,is found in human_movement table
5204,Miriam Schapiro,✅ Found to fetch entity
56,feminist art,is found in movements table
56,5204,is added in human_movement table
56,5204,is found in human_movement table
215,Pattern and Decoration,is added movements table
215,Pattern and Decoration,is found in movements table
215,5204,is added in human_movement table
215,5204,is found in human_movement table
5631,Ralph Steiner,✅ Found to fetch entity
6074,James Van Der Zee,✅ Found to fetch entity
38,Harlem Renaissance,is found in movements table
38,6074,is added in human_movement table
38,6074,is found in human_movement table
7461,Gabriel Orozco,✅ Found to fetch entity
8084,John Szarkowski,✅ Found to fetch entity
8369,Matthew Smith,✅ Found to fetch entity
4,Post-impressionism,is found in movements table
4,8369,is added in human_movement table
4,8369,is found in human_movement table
12025,Elena Guro,✅ Found to fetch entity
28865,Erwin Wurm,✅ Found to fetch entity
48,contemporary art,is found in movements table
48,28865,is added in human_movement table
48,28865,is found in human_movement table
34921,Thomas Dolby,✅ Found to fetch entity
36897,Unica Zürn,✅ Found to fetch entity
37178,Paul Nadar,✅ Found to fetch entity
49882,Jürgen Flimm,✅ Found to fetch entity
205,Ida Applebroog,✅ Found to fetch entity
56,feminist art,is found in movements table
56,205,is added in human_movement table
56,205,is found in human_movement table
902,James Lee Byars,✅ Found to fetch entity
23,conceptual art,is found in movements table
23,902,is added in human_movement table
23,902,is found in human_movement table
961,Paul Caponigro,✅ Found to fetch entity
1339,John Steuart Curry,✅ Found to fetch entity
181,Regionalism,is found in movements table
181,1339,is added in human_movement table
181,1339,is found in human_movement table
2036,Jaromír Funke,✅ Found to fetch entity
2404,Albert Guillaume,✅ Found to fetch entity
3055,Zoltan Kemeny,✅ Found to fetch entity
3062,Eric Henri Kennington,✅ Found to fetch entity
3342,Wolfgang Laib,✅ Found to fetch entity
23,conceptual art,is found in movements table
23,3342,is added in human_movement table
23,3342,is found in human_movement table
3531,Jay Leyda,✅ Found to fetch entity
4113,Richard Mortensen,✅ Found to fetch entity
4197,Elie Nadelman,✅ Found to fetch entity
4254,Charles Nègre,✅ Found to fetch entity
4474,Blinky Palermo,✅ Found to fetch entity
64,abstract art,is found in movements table
64,4474,is added in human_movement table
64,4474,is found in human_movement table
4571,Gabor Peterdi,✅ Found to fetch entity
7,Expressionism,is found in movements table
7,4571,is added in human_movement table
7,4571,is found in human_movement table
64,abstract art,is found in movements table
64,4571,is added in human_movement table
64,4571,is found in human_movement table
4946,Henri Rivière,✅ Found to fetch entity
28,Pont-Aven School,is found in movements table
28,4946,is added in human_movement table
28,4946,is found in human_movement table
5168,Timo Sarpaneva,✅ Found to fetch entity
5205,Edwin Scharff,✅ Found to fetch entity
5641,Joseph Stella,✅ Found to fetch entity
182,Precisionism,is found in movements table
182,5641,is added in human_movement table
182,5641,is found in human_movement table
44,Futurism,is found in movements table
44,5641,is added in human_movement table
44,5641,is found in human_movement table
6377,Emmett Williams,✅ Found to fetch entity
12,Fluxus,is found in movements table
12,6377,is added in human_movement table
12,6377,is found in human_movement table
6638,Victor Burgin,✅ Found to fetch entity
48,contemporary art,is found in movements table
48,6638,is added in human_movement table
48,6638,is found in human_movement table
7027,Philip-Lorca diCorcia,✅ Found to fetch entity
7488,Doris Salcedo,✅ Found to fetch entity
10,modern art,is found in movements table
10,7488,is added in human_movement table
10,7488,is found in human_movement table
7715,Hélio Oiticica,✅ Found to fetch entity
64,abstract art,is found in movements table
64,7715,is added in human_movement table
64,7715,is found in human_movement table
216,tropicália,is added movements table
216,tropicália,is found in movements table
216,7715,is added in human_movement table
216,7715,is found in human_movement table
198,Antropophagia,is found in movements table
198,7715,is added in human_movement table
198,7715,is found in human_movement table
95,Movimento Arte Concreta,is found in movements table
95,7715,is added in human_movement table
95,7715,is found in human_movement table
7992,Simon Ungers,✅ Found to fetch entity
8330,Maurizio Cattelan,✅ Found to fetch entity
27431,Neo Rauch,✅ Found to fetch entity
217,New Leipzig School,is added movements table
217,New Leipzig School,is found in movements table
217,27431,is added in human_movement table
217,27431,is found in human_movement table
28972,Cristina Iglesias,✅ Found to fetch entity
30899,Jimmie Durham,✅ Found to fetch entity
78,Postmodernism,is found in movements table
78,30899,is added in human_movement table
78,30899,is found in human_movement table
31325,Christoph Schlingensief,✅ Found to fetch entity
34124,Alina Szapocznikow,✅ Found to fetch entity
64,abstract art,is found in movements table
64,34124,is added in human_movement table
64,34124,is found in human_movement table
56,feminist art,is found in movements table
56,34124,is added in human_movement table
56,34124,is found in human_movement table
34389,Dara Birnbaum,✅ Found to fetch entity
218,feminist art movement,is added movements table
218,feminist art movement,is found in movements table
218,34389,is added in human_movement table
218,34389,is found in human_movement table
34413,Katarzyna Kobro,✅ Found to fetch entity
64,abstract art,is found in movements table
64,34413,is added in human_movement table
64,34413,is found in human_movement table
36471,Alison Knowles,✅ Found to fetch entity
12,Fluxus,is found in movements table
12,36471,is added in human_movement table
12,36471,is found in human_movement table
37243,Thurston Moore,✅ Found to fetch entity
47230,Peter Zumthor,✅ Found to fetch entity
74133,Roger Miller,✅ Found to fetch entity
137026,Ishmael Reed,✅ Found to fetch entity
35,Aino Aalto,✅ Found to fetch entity
406,William Baziotes,✅ Found to fetch entity
87,abstract expressionism,is found in movements table
87,406,is added in human_movement table
87,406,is found in human_movement table
88,action painting,is found in movements table
88,406,is added in human_movement table
88,406,is found in human_movement table
430,Francis Bedford,✅ Found to fetch entity
678,Francisco Borès,✅ Found to fetch entity
1125,Roman Cieslewicz,✅ Found to fetch entity
1237,John Coplans,✅ Found to fetch entity
1793,Jules-Abel Faivre,✅ Found to fetch entity
2016,Katharina Fritsch,✅ Found to fetch entity
2171,John Giorno,✅ Found to fetch entity
2360,William Gropper,✅ Found to fetch entity
2781,Vilmos Huszár,✅ Found to fetch entity
64,abstract art,is found in movements table
64,2781,is added in human_movement table
64,2781,is found in human_movement table
3212,Elaine de Kooning,✅ Found to fetch entity
87,abstract expressionism,is found in movements table
87,3212,is added in human_movement table
87,3212,is found in human_movement table
4902,Ceri Richards,✅ Found to fetch entity
6,modernism,is found in movements table
6,4902,is added in human_movement table
6,4902,is found in human_movement table
5378,John Byam Shaw,✅ Found to fetch entity
5735,Léopold Survage,✅ Found to fetch entity
5781,Shinkichi G. Tajiri,✅ Found to fetch entity
6232,Karl Walser,✅ Found to fetch entity
7495,Giulio Paolini,✅ Found to fetch entity
143,Arte Povera,is found in movements table
143,7495,is added in human_movement table
143,7495,is found in human_movement table
23,conceptual art,is found in movements table
23,7495,is added in human_movement table
23,7495,is found in human_movement table
7851,Frances Benjamin Johnston,✅ Found to fetch entity
8087,Peter Doig,✅ Found to fetch entity
8133,Cornelia Parker,✅ Found to fetch entity
48,contemporary art,is found in movements table
48,8133,is added in human_movement table
48,8133,is found in human_movement table
12501,Gustav Klutsis,✅ Found to fetch entity
50,Constructivism,is found in movements table
50,12501,is added in human_movement table
50,12501,is found in human_movement table
24869,Yinka Shonibare,✅ Found to fetch entity
48,contemporary art,is found in movements table
48,24869,is added in human_movement table
48,24869,is found in human_movement table
36942,Henning Christiansen,✅ Found to fetch entity
12,Fluxus,is found in movements table
12,36942,is added in human_movement table
12,36942,is found in human_movement table
40442,David Chipperfield,✅ Found to fetch entity
41715,Carla Accardi,✅ Found to fetch entity
95,Movimento Arte Concreta,is found in movements table
95,41715,is added in human_movement table
95,41715,is found in human_movement table
49351,Gottfried Helnwein,✅ Found to fetch entity
54,hyperrealism,is found in movements table
54,49351,is added in human_movement table
54,49351,is found in human_movement table
57,Henri Georges Adam,✅ Found to fetch entity
80,School of Paris,is found in movements table
80,57,is added in human_movement table
80,57,is found in human_movement table
189,James Craig Annan,✅ Found to fetch entity
200,Richard Anuszkiewicz,✅ Found to fetch entity
63,op art,is found in movements table
63,200,is added in human_movement table
63,200,is found in human_movement table
211,Mordecai Ardon,✅ Found to fetch entity
64,abstract art,is found in movements table
64,211,is added in human_movement table
64,211,is found in human_movement table
402,Thomas Bayrle,✅ Found to fetch entity
713,Samuel Bourne,✅ Found to fetch entity
861,Wynn Bullock,✅ Found to fetch entity
883,Edward Burra,✅ Found to fetch entity
1074,Jean Charlot,✅ Found to fetch entity
1520,Walter Dexel,✅ Found to fetch entity
64,abstract art,is found in movements table
64,1520,is added in human_movement table
64,1520,is found in human_movement table
2112,Willi Geiger,✅ Found to fetch entity
2495,Simon Hantaï,✅ Found to fetch entity
2702,Steven Holl,✅ Found to fetch entity
137,postmodern architecture,is found in movements table
137,2702,is added in human_movement table
137,2702,is found in human_movement table
3126,Konrad Klapheck,✅ Found to fetch entity
54,hyperrealism,is found in movements table
54,3126,is added in human_movement table
54,3126,is found in human_movement table
3723,Robert Mangold,✅ Found to fetch entity
104,Minimalism,is found in movements table
104,3723,is added in human_movement table
104,3723,is found in human_movement table
4089,Barbara Morgan,✅ Found to fetch entity
4465,Walter Pach,✅ Found to fetch entity
5045,Michael Rothenstein,✅ Found to fetch entity
5345,Séraphine Louis,✅ Found to fetch entity
79,naïve art,is found in movements table
79,5345,is added in human_movement table
79,5345,is found in human_movement table
5520,Frederick Sommer,✅ Found to fetch entity
5657,Florine Stettheimer,✅ Found to fetch entity
21,Catalan modernism,is found in movements table
21,5657,is added in human_movement table
21,5657,is found in human_movement table
5743,Mark di Suvero,✅ Found to fetch entity
87,abstract expressionism,is found in movements table
87,5743,is added in human_movement table
87,5743,is found in human_movement table
5849,Wayne Thiebaud,✅ Found to fetch entity
8,pop art,is found in movements table
8,5849,is added in human_movement table
8,5849,is found in human_movement table
7,Expressionism,is found in movements table
7,5849,is added in human_movement table
7,5849,is found in human_movement table
188,Bay Area Figurative Movement,is found in movements table
188,5849,is added in human_movement table
188,5849,is found in human_movement table
5866,Michael Thonet,✅ Found to fetch entity
5963,William Tucker,✅ Found to fetch entity
64,abstract art,is found in movements table
64,5963,is added in human_movement table
64,5963,is found in human_movement table
7015,Laurie Simmons,✅ Found to fetch entity
7122,Guillermo Kuitca,✅ Found to fetch entity
7804,Stephan Balkenhol,✅ Found to fetch entity
8109,Yona Friedman,✅ Found to fetch entity
8123,Mariko Mori,✅ Found to fetch entity
48,contemporary art,is found in movements table
48,8123,is added in human_movement table
48,8123,is found in human_movement table
8370,Miroslaw Balka,✅ Found to fetch entity
64,abstract art,is found in movements table
64,8370,is added in human_movement table
64,8370,is found in human_movement table
14384,Nikolai Tikhonov,✅ Found to fetch entity
219,socialist realism,is added movements table
219,socialist realism,is found in movements table
219,14384,is added in human_movement table
219,14384,is found in human_movement table
16189,Kay Sage,✅ Found to fetch entity
3,Surrealism,is found in movements table
3,16189,is added in human_movement table
3,16189,is found in human_movement table
24376,Marianne Breslauer,✅ Found to fetch entity
24500,Felix H. Man,✅ Found to fetch entity
25615,Mackay Hugh Baillie Scott,✅ Found to fetch entity
26245,Pierre Huyghe,✅ Found to fetch entity
28835,Tom of Finland (Touko Laaksonen),✅ Found to fetch entity
36614,Julian Rosefeldt,✅ Found to fetch entity
49899,Paul Wolff,✅ Found to fetch entity
62810,Henry Ossawa Tanner,✅ Found to fetch entity
140,realism,is found in movements table
140,62810,is added in human_movement table
140,62810,is found in human_movement table
221,Armando,✅ Found to fetch entity
522,Miguel Ortiz Berrocal,✅ Found to fetch entity
64,abstract art,is found in movements table
64,522,is added in human_movement table
64,522,is found in human_movement table
1063,Martín Chambi,✅ Found to fetch entity
1402,Arthur B. Davies,✅ Found to fetch entity
172,Ashcan School,is found in movements table
172,1402,is added in human_movement table
172,1402,is found in human_movement table
1553,Martin Disler,✅ Found to fetch entity
2142,Augusto Giacometti,✅ Found to fetch entity
11,Symbolism,is found in movements table
11,2142,is added in human_movement table
11,2142,is found in human_movement table
2520,Grace Hartigan,✅ Found to fetch entity
87,abstract expressionism,is found in movements table
87,2520,is added in human_movement table
87,2520,is found in human_movement table
124,New York School,is found in movements table
124,2520,is added in human_movement table
124,2520,is found in human_movement table
2710,William Henry Holmes,✅ Found to fetch entity
2902,Paul Jenkins,✅ Found to fetch entity
87,abstract expressionism,is found in movements table
87,2902,is added in human_movement table
87,2902,is found in human_movement table
3793,Kenneth Martin,✅ Found to fetch entity
3889,Bruce McLean,✅ Found to fetch entity
48,contemporary art,is found in movements table
48,3889,is added in human_movement table
48,3889,is found in human_movement table
4137,Georg Muche,✅ Found to fetch entity
4160,Matt Mullican,✅ Found to fetch entity
4167,Martin Munkacsi,✅ Found to fetch entity
4413,Roman Opalka,✅ Found to fetch entity
23,conceptual art,is found in movements table
23,4413,is added in human_movement table
23,4413,is found in human_movement table
5221,Rudolf Schlichter,✅ Found to fetch entity
7,Expressionism,is found in movements table
7,5221,is added in human_movement table
7,5221,is found in human_movement table
5247,Gérard Schneider,✅ Found to fetch entity
5315,Richard Seewald,✅ Found to fetch entity
5317,Lasar Segall,✅ Found to fetch entity
13,Impressionism,is found in movements table
13,5317,is added in human_movement table
13,5317,is found in human_movement table
5633,Jakob Steinhardt,✅ Found to fetch entity
7,Expressionism,is found in movements table
7,5633,is added in human_movement table
7,5633,is found in human_movement table
5740,Ladislav Sutnar,✅ Found to fetch entity
5887,Gérard Titus-Carmel,✅ Found to fetch entity
5892,Francisco Toledo,✅ Found to fetch entity
6140,Renzo Vespignani,✅ Found to fetch entity
7,Expressionism,is found in movements table
7,6140,is added in human_movement table
7,6140,is found in human_movement table
6201,Konrad Wachsmann,✅ Found to fetch entity
6327,Brett Weston,✅ Found to fetch entity
6861,Jaume Plensa,✅ Found to fetch entity
118,new media art,is found in movements table
118,6861,is added in human_movement table
118,6861,is found in human_movement table
48,contemporary art,is found in movements table
48,6861,is added in human_movement table
48,6861,is found in human_movement table
7038,Michal Rovner,✅ Found to fetch entity
48,contemporary art,is found in movements table
48,7038,is added in human_movement table
48,7038,is found in human_movement table
7159,Peter Hujar,✅ Found to fetch entity
7653,Rudy Burckhardt,✅ Found to fetch entity
7676,Antonio Muntadas,✅ Found to fetch entity
28358,Braco Dimitrijević,✅ Found to fetch entity
23,conceptual art,is found in movements table
23,28358,is added in human_movement table
23,28358,is found in human_movement table
32334,Fred Niblo,✅ Found to fetch entity
34409,Yael Bartana,✅ Found to fetch entity
34838,Dieter Meier,✅ Found to fetch entity
34922,Toni Basil,✅ Found to fetch entity
36828,Charlemagne Palestine,✅ Found to fetch entity
37256,Glenn Branca,✅ Found to fetch entity
220,avant-garde,is added movements table
220,avant-garde,is found in movements table
220,37256,is added in human_movement table
220,37256,is found in human_movement table
42003,Ellen Auerbach,✅ Found to fetch entity
44188,Lina Bo Bardi,✅ Found to fetch entity
45929,Hendrik Nicolaas Werkman,✅ Found to fetch entity
7,Expressionism,is found in movements table
7,45929,is added in human_movement table
7,45929,is found in human_movement table
450,Rudolf Belling,✅ Found to fetch entity
7,Expressionism,is found in movements table
7,450,is added in human_movement table
7,450,is found in human_movement table
686,Sándor (Alexander) Bortnyik,✅ Found to fetch entity
1159,Prunella Clough,✅ Found to fetch entity
1963,Hollis Frampton,✅ Found to fetch entity
2033,Hamish Fulton,✅ Found to fetch entity
48,contemporary art,is found in movements table
48,2033,is added in human_movement table
48,2033,is found in human_movement table
2303,Gotthard Graubner,✅ Found to fetch entity
7,Expressionism,is found in movements table
7,2303,is added in human_movement table
7,2303,is found in human_movement table
2455,Raymond Hains,✅ Found to fetch entity
55,Nouveau réalisme,is found in movements table
55,2455,is added in human_movement table
55,2455,is found in human_movement table
2575,Bernhard Heiliger,✅ Found to fetch entity
64,abstract art,is found in movements table
64,2575,is added in human_movement table
64,2575,is found in human_movement table
2617,Patrick Heron,✅ Found to fetch entity
48,contemporary art,is found in movements table
48,2617,is added in human_movement table
48,2617,is found in human_movement table
2700,Ludwig Hohlwein,✅ Found to fetch entity
3143,Walther Klemm,✅ Found to fetch entity
3514,Les Levine,✅ Found to fetch entity
3707,Gerard Malanga,✅ Found to fetch entity
3849,Maxine Emile Louis Maufra,✅ Found to fetch entity
28,Pont-Aven School,is found in movements table
28,3849,is added in human_movement table
28,3849,is found in human_movement table
4073,Max Oppenheimer (MOPP),✅ Found to fetch entity
7,Expressionism,is found in movements table
7,4073,is added in human_movement table
7,4073,is found in human_movement table
4162,Shiko Munakata,✅ Found to fetch entity
221,sōsaku-hanga,is added movements table
221,sōsaku-hanga,is found in movements table
221,4162,is added in human_movement table
221,4162,is found in human_movement table
4399,Jules Olitski,✅ Found to fetch entity
87,abstract expressionism,is found in movements table
87,4399,is added in human_movement table
87,4399,is found in human_movement table
4513,Edward Paschke,✅ Found to fetch entity
222,Chicago Imagists,is added movements table
222,Chicago Imagists,is found in movements table
222,4513,is added in human_movement table
222,4513,is found in human_movement table
4785,Franz Radziwill,✅ Found to fetch entity
4874,Pierre Restany,✅ Found to fetch entity
4915,Lucie Rie,✅ Found to fetch entity
5050,Arthur Rothstein,✅ Found to fetch entity
5185,Raymond Savignac,✅ Found to fetch entity
5637,Pat Steir,✅ Found to fetch entity
5650,Bert Stern,✅ Found to fetch entity
5994,Edgard Tytgat,✅ Found to fetch entity
6408,Terry Winters,✅ Found to fetch entity
6954,Fumihiko Maki,✅ Found to fetch entity
8052,Dominique Perrault,✅ Found to fetch entity
137,postmodern architecture,is found in movements table
137,8052,is added in human_movement table
137,8052,is found in human_movement table
8168,Boris Mikhailov,✅ Found to fetch entity
8183,Eleanor Antin,✅ Found to fetch entity
56,feminist art,is found in movements table
56,8183,is added in human_movement table
56,8183,is found in human_movement table
25414,Julie Mehretu,✅ Found to fetch entity
48,contemporary art,is found in movements table
48,25414,is added in human_movement table
48,25414,is found in human_movement table
31307,Harald Szeemann,✅ Found to fetch entity
35623,Shuntaro Tanikawa,✅ Found to fetch entity
36422,Francesco Cangiullo,✅ Found to fetch entity
36958,James Tenney,✅ Found to fetch entity
38737,Mart Stam,✅ Found to fetch entity
68040,Carlo Mollino,✅ Found to fetch entity
137061,Homero Aridjis,✅ Found to fetch entity
226,John Armstrong,✅ Found to fetch entity
256,Alice Aycock,✅ Found to fetch entity
1196,Joe Colombo,✅ Found to fetch entity
95,Movimento Arte Concreta,is found in movements table
95,1196,is added in human_movement table
95,1196,is found in human_movement table
1238,William Copley,✅ Found to fetch entity
1566,Frank Dobson,✅ Found to fetch entity
1627,Russell Drysdale,✅ Found to fetch entity
1744,Hugo Erfurth,✅ Found to fetch entity
1751,Jimmy Ernst,✅ Found to fetch entity
87,abstract expressionism,is found in movements table
87,1751,is added in human_movement table
87,1751,is found in human_movement table
1906,James Montgomery Flagg,✅ Found to fetch entity
1976,Claud Lovat Fraser,✅ Found to fetch entity
2178,Léon Gischia,✅ Found to fetch entity
2467,Peter Halley,✅ Found to fetch entity
104,Minimalism,is found in movements table
104,2467,is added in human_movement table
104,2467,is found in human_movement table
223,Neo-geo,is added movements table
223,Neo-geo,is found in movements table
223,2467,is added in human_movement table
223,2467,is found in human_movement table
2749,Douglas Huebler,✅ Found to fetch entity
2906,Alfred Jensen,✅ Found to fetch entity
3259,Per Krohg,✅ Found to fetch entity
3263,Aleksei Kruchenykh,✅ Found to fetch entity
43,Russian Futurism,is found in movements table
43,3263,is added in human_movement table
43,3263,is found in human_movement table
224,absurdism,is added movements table
224,absurdism,is found in movements table
224,3263,is added in human_movement table
224,3263,is found in human_movement table
225,alogism,is added movements table
225,alogism,is found in movements table
225,3263,is added in human_movement table
225,3263,is found in human_movement table
3379,André Lanskoy,✅ Found to fetch entity
80,School of Paris,is found in movements table
80,3379,is added in human_movement table
80,3379,is found in human_movement table
129,Tachisme,is found in movements table
129,3379,is added in human_movement table
129,3379,is found in human_movement table
3701,Louis Majorelle,✅ Found to fetch entity
158,École de Nancy,is found in movements table
158,3701,is added in human_movement table
158,3701,is found in human_movement table
41,Art Nouveau,is found in movements table
41,3701,is added in human_movement table
41,3701,is found in human_movement table
4177,Nickolas Muray,✅ Found to fetch entity
4315,Nicholas Nixon,✅ Found to fetch entity
4809,Paul Rand,✅ Found to fetch entity
5251,Toni Schneiders,✅ Found to fetch entity
5266,Jan J. Schoonhoven,✅ Found to fetch entity
5271,Georg Schrimpf,✅ Found to fetch entity
7,Expressionism,is found in movements table
7,5271,is added in human_movement table
7,5271,is found in human_movement table
5719,Kumi Sugaï,✅ Found to fetch entity
6006,Umbo (Otto Umbehr),✅ Found to fetch entity
6136,Luigi Veronesi,✅ Found to fetch entity
95,Movimento Arte Concreta,is found in movements table
95,6136,is added in human_movement table
95,6136,is found in human_movement table
6184,Baroness Elsa von Freytag-Loringhoven,✅ Found to fetch entity
22,Dada,is found in movements table
22,6184,is added in human_movement table
22,6184,is found in human_movement table
41,Art Nouveau,is found in movements table
41,6184,is added in human_movement table
41,6184,is found in human_movement table
6448,Christopher Wool,✅ Found to fetch entity
6621,John Armleder,✅ Found to fetch entity
12,Fluxus,is found in movements table
12,6621,is added in human_movement table
12,6621,is found in human_movement table
7470,Christian de Portzamparc,✅ Found to fetch entity
7479,Rirkrit Tiravanija,✅ Found to fetch entity
7528,César Pelli,✅ Found to fetch entity
137,postmodern architecture,is found in movements table
137,7528,is added in human_movement table
137,7528,is found in human_movement table
7548,Gary Hume,✅ Found to fetch entity
48,contemporary art,is found in movements table
48,7548,is added in human_movement table
48,7548,is found in human_movement table
7967,Chris Ofili,✅ Found to fetch entity
226,Black Atlantic,is added movements table
226,Black Atlantic,is found in movements table
226,7967,is added in human_movement table
226,7967,is found in human_movement table
48,contemporary art,is found in movements table
48,7967,is added in human_movement table
48,7967,is found in human_movement table
7991,Franco Albini,✅ Found to fetch entity
18,modern architecture,is found in movements table
18,7991,is added in human_movement table
18,7991,is found in human_movement table
20503,Émile-René Ménard,✅ Found to fetch entity
11,Symbolism,is found in movements table
11,20503,is added in human_movement table
11,20503,is found in human_movement table
25523,Yoshitomo Nara,✅ Found to fetch entity
8,pop art,is found in movements table
8,25523,is added in human_movement table
8,25523,is found in human_movement table
165,Superflat,is found in movements table
165,25523,is added in human_movement table
165,25523,is found in human_movement table
28224,Grayson Perry,✅ Found to fetch entity
48,contemporary art,is found in movements table
48,28224,is added in human_movement table
48,28224,is found in human_movement table
28577,Berlinde De Bruyckere,✅ Found to fetch entity
30844,Arthur Segal,✅ Found to fetch entity
30914,Jochen Gerz,✅ Found to fetch entity
48,contemporary art,is found in movements table
48,30914,is added in human_movement table
48,30914,is found in human_movement table
35484,Donald Fagen,✅ Found to fetch entity
35917,François Girard,✅ Found to fetch entity
39641,Marcel Mariën,✅ Found to fetch entity
3,Surrealism,is found in movements table
3,39641,is added in human_movement table
3,39641,is found in human_movement table
44443,Serge Chermayeff,✅ Found to fetch entity
44717,Daniel Schmid,✅ Found to fetch entity
112220,Paul Morrissey,✅ Found to fetch entity
136644,Jerome Rothenberg,✅ Found to fetch entity
484,Roloff Beny,✅ Found to fetch entity
909,Paul Cadmus,✅ Found to fetch entity
52,magic realism,is found in movements table
52,909,is added in human_movement table
52,909,is found in human_movement table
1037,Elizabeth Catlett,✅ Found to fetch entity
38,Harlem Renaissance,is found in movements table
38,1037,is added in human_movement table
38,1037,is found in human_movement table
1112,William Christenberry,✅ Found to fetch entity
1606,Juan Downey,✅ Found to fetch entity
1811,Louis Faurer,✅ Found to fetch entity
1877,Larry Fink,✅ Found to fetch entity
1968,Kaj Franck,✅ Found to fetch entity
2286,Paul Graham,✅ Found to fetch entity
48,contemporary art,is found in movements table
48,2286,is added in human_movement table
48,2286,is found in human_movement table
2287,Robert Graham,✅ Found to fetch entity
2456,Étienne Hajdu,✅ Found to fetch entity
173,Európai Iskola,is found in movements table
173,2456,is added in human_movement table
173,2456,is found in human_movement table
2719,Gottfried Honegger,✅ Found to fetch entity
151,concrete art,is found in movements table
151,2719,is added in human_movement table
151,2719,is found in human_movement table
2791,Henri-Gabriel Ibels,✅ Found to fetch entity
47,Les Nabis,is found in movements table
47,2791,is added in human_movement table
47,2791,is found in human_movement table
2834,Yasuhiro Ishimoto,✅ Found to fetch entity
2874,Alain Jacquet,✅ Found to fetch entity
8,pop art,is found in movements table
8,2874,is added in human_movement table
8,2874,is found in human_movement table
2876,Willy Jaeckel,✅ Found to fetch entity
7,Expressionism,is found in movements table
7,2876,is added in human_movement table
7,2876,is found in human_movement table
2987,Alexander Kanoldt,✅ Found to fetch entity
7,Expressionism,is found in movements table
7,2987,is added in human_movement table
7,2987,is found in human_movement table
3561,O. Winston Link,✅ Found to fetch entity
3749,Conrad Marca-Relli,✅ Found to fetch entity
87,abstract expressionism,is found in movements table
87,3749,is added in human_movement table
87,3749,is found in human_movement table
4479,Panamarenko,✅ Found to fetch entity
4535,Carl-Henning Pedersen,✅ Found to fetch entity
114,COBRA,is found in movements table
114,4535,is added in human_movement table
114,4535,is found in human_movement table
4806,Mel Ramos,✅ Found to fetch entity
8,pop art,is found in movements table
8,4806,is added in human_movement table
8,4806,is found in human_movement table
5065,Pierre Roy,✅ Found to fetch entity
5143,Fred Sandback,✅ Found to fetch entity
104,Minimalism,is found in movements table
104,5143,is added in human_movement table
104,5143,is found in human_movement table
5144,Willem Jacob Henri Berend Sandberg,✅ Found to fetch entity
5975,William Turnbull,✅ Found to fetch entity
48,contemporary art,is found in movements table
48,5975,is added in human_movement table
48,5975,is found in human_movement table
6163,Jacques Villeglé,✅ Found to fetch entity
55,Nouveau réalisme,is found in movements table
55,6163,is added in human_movement table
55,6163,is found in human_movement table
6322,H. C. Westermann,✅ Found to fetch entity
6387,George Washington Wilson,✅ Found to fetch entity
7730,Georg Meistermann,✅ Found to fetch entity
12945,Vladimir Lebedev,✅ Found to fetch entity
16212,Nancy Holt,✅ Found to fetch entity
56,feminist art,is found in movements table
56,16212,is added in human_movement table
56,16212,is found in human_movement table
23944,Anna Ostroumova-Lebedeva,✅ Found to fetch entity
24864,Ferdinand Porsche,✅ Found to fetch entity
28719,Jonathan Meese,✅ Found to fetch entity
48,contemporary art,is found in movements table
48,28719,is added in human_movement table
48,28719,is found in human_movement table
32484,Hugo Häring,✅ Found to fetch entity
36721,Grete Lihotzky,✅ Found to fetch entity
38611,Ewald André Dupont,✅ Found to fetch entity
39696,Lynn Hershman Leeson,✅ Found to fetch entity
56,feminist art,is found in movements table
56,39696,is added in human_movement table
56,39696,is found in human_movement table
41150,František Bílek,✅ Found to fetch entity
11,Symbolism,is found in movements table
11,41150,is added in human_movement table
11,41150,is found in human_movement table
43766,Gabriele Mucchi,✅ Found to fetch entity
48779,Robert Kramer,✅ Found to fetch entity
68313,Peter O. Chotjewitz,✅ Found to fetch entity
342,Will Barnet,✅ Found to fetch entity
482,Nicholas Bentley,✅ Found to fetch entity
934,Luis Camnitzer,✅ Found to fetch entity
23,conceptual art,is found in movements table
23,934,is added in human_movement table
23,934,is found in human_movement table
1147,Fabrizio Clerici,✅ Found to fetch entity
1359,Walter Dahn,✅ Found to fetch entity
1717,Eliot Elisofon,✅ Found to fetch entity
1868,Rainer Fetting,✅ Found to fetch entity
227,Neue Wilde,is added movements table
227,Neue Wilde,is found in movements table
227,1868,is added in human_movement table
227,1868,is found in human_movement table
3142,Werner Klemke,✅ Found to fetch entity
3968,Miguel,✅ Found to fetch entity
4185,Elizabeth Murray,✅ Found to fetch entity
4376,Richard Oelze,✅ Found to fetch entity
4553,Irene Rice Pereira,✅ Found to fetch entity
25,Bauhaus,is found in movements table
25,4553,is added in human_movement table
25,4553,is found in human_movement table
4701,Fairfield Porter,✅ Found to fetch entity
4721,Mario Prassinos,✅ Found to fetch entity
80,School of Paris,is found in movements table
80,4721,is added in human_movement table
80,4721,is found in human_movement table
4814,Paul Ranson,✅ Found to fetch entity
11,Symbolism,is found in movements table
11,4814,is added in human_movement table
11,4814,is found in human_movement table
5283,Carlos Schwabe,✅ Found to fetch entity
11,Symbolism,is found in movements table
11,5283,is added in human_movement table
11,5283,is found in human_movement table
5693,Oskar Strnad,✅ Found to fetch entity
5789,Takis,✅ Found to fetch entity
6001,Jerry Uelsmann,✅ Found to fetch entity
6171,Carel Visser,✅ Found to fetch entity
64,abstract art,is found in movements table
64,6171,is added in human_movement table
64,6171,is found in human_movement table
6446,Bill Woodrow,✅ Found to fetch entity
48,contemporary art,is found in movements table
48,6446,is added in human_movement table
48,6446,is found in human_movement table
6556,Eva Zeisel,✅ Found to fetch entity
6835,Lee Ufan,✅ Found to fetch entity
6908,Marc Quinn,✅ Found to fetch entity
48,contemporary art,is found in movements table
48,6908,is added in human_movement table
48,6908,is found in human_movement table
138,Young British Artists,is found in movements table
138,6908,is added in human_movement table
138,6908,is found in human_movement table
7675,Louis Legrand,✅ Found to fetch entity
7701,Herbert List,✅ Found to fetch entity
7812,Juan Muñoz,✅ Found to fetch entity
48,contemporary art,is found in movements table
48,7812,is added in human_movement table
48,7812,is found in human_movement table
12660,Ilia Zdanevich,✅ Found to fetch entity
22,Dada,is found in movements table
22,12660,is added in human_movement table
22,12660,is found in human_movement table
14558,Anne Waldman,✅ Found to fetch entity
32,Beat Generation,is found in movements table
32,14558,is added in human_movement table
32,14558,is found in human_movement table
24772,Edward Burtynsky,✅ Found to fetch entity
31040,Allan Sekula,✅ Found to fetch entity
32766,Bas Jan Ader,✅ Found to fetch entity
34876,Michael Nesmith,✅ Found to fetch entity
35610,Roman Coppola,✅ Found to fetch entity
37552,Leonard Freed,✅ Found to fetch entity
37783,Tomás Maldonado,✅ Found to fetch entity
39882,Luigi Ghirri,✅ Found to fetch entity
40746,Henri Lebasque,✅ Found to fetch entity
4,Post-impressionism,is found in movements table
4,40746,is added in human_movement table
4,40746,is found in human_movement table
45012,Alvin Lucier,✅ Found to fetch entity
49571,John Akomfrah,✅ Found to fetch entity
273,Peggy Bacon,✅ Found to fetch entity
736,Joe Brainard,✅ Found to fetch entity
124,New York School,is found in movements table
124,736,is added in human_movement table
124,736,is found in human_movement table
1137,Carlfriedrich Claus,✅ Found to fetch entity
1303,Leonardo Cremonini,✅ Found to fetch entity
1619,Henry Dreyfuss,✅ Found to fetch entity
2120,Franco Gentilini,✅ Found to fetch entity
2249,Spencer Frederick Gore,✅ Found to fetch entity
2386,Oswaldo Guayasamín,✅ Found to fetch entity
2580,Michael Heizer,✅ Found to fetch entity
113,land art,is found in movements table
113,2580,is added in human_movement table
113,2580,is found in human_movement table
2828,Robert Irwin,✅ Found to fetch entity
193,Light and Space,is found in movements table
193,2828,is added in human_movement table
193,2828,is found in human_movement table
3406,Clarence John Laughlin,✅ Found to fetch entity
3650,Danny Lyon,✅ Found to fetch entity
4637,Fausto Pirandello,✅ Found to fetch entity
5613,Henryk Stazewski,✅ Found to fetch entity
5972,Giulio Turcato,✅ Found to fetch entity
6145,Claude Viallat,✅ Found to fetch entity
6615,Nadezhda Udal'tsova,✅ Found to fetch entity
89,Suprematism,is found in movements table
89,6615,is added in human_movement table
89,6615,is found in human_movement table
7711,Jerry Schatzberg,✅ Found to fetch entity
7808,Imi Knoebel,✅ Found to fetch entity
104,Minimalism,is found in movements table
104,7808,is added in human_movement table
104,7808,is found in human_movement table
7910,Rudolf Schwarzkogler,✅ Found to fetch entity
154,Viennese Actionism,is found in movements table
154,7910,is added in human_movement table
154,7910,is found in human_movement table
8205,John M. Dillon,✅ Found to fetch entity
12101,Niele Toroni,✅ Found to fetch entity
23007,Jessica Stockholder,✅ Found to fetch entity
23522,Mane-Katz,✅ Found to fetch entity
7,Expressionism,is found in movements table
7,23522,is added in human_movement table
7,23522,is found in human_movement table
24574,Stefan Themerson,✅ Found to fetch entity
32283,Paul Leni,✅ Found to fetch entity
35477,David Claerbout,✅ Found to fetch entity
36251,Peter Downsbrough,✅ Found to fetch entity
36932,Jean-Charles Langlois,✅ Found to fetch entity
145,Orientalism,is found in movements table
145,36932,is added in human_movement table
145,36932,is found in human_movement table
38042,Spike Jones,✅ Found to fetch entity
38695,Pierre Chareau,✅ Found to fetch entity
42457,Dóra Maurer,✅ Found to fetch entity
46467,Michael Andrews,✅ Found to fetch entity
48,contemporary art,is found in movements table
48,46467,is added in human_movement table
48,46467,is found in human_movement table
48314,Gillian Ayres,✅ Found to fetch entity
48,contemporary art,is found in movements table
48,48314,is added in human_movement table
48,48314,is found in human_movement table
66584,Ignazio Gardella,✅ Found to fetch entity
196,Stephen Antonakos,✅ Found to fetch entity
420,André Beaudin,✅ Found to fetch entity
80,School of Paris,is found in movements table
80,420,is added in human_movement table
80,420,is found in human_movement table
617,Peter Blume,✅ Found to fetch entity
652,Camille Bombois,✅ Found to fetch entity
1057,Gaston Chaissac,✅ Found to fetch entity
59,outsider art,is found in movements table
59,1057,is added in human_movement table
59,1057,is found in human_movement table
1421,Mario De Biasi,✅ Found to fetch entity
1693,Georg Ehrlich,✅ Found to fetch entity
1770,Frank Eugene,✅ Found to fetch entity
115,Photo-Secession,is found in movements table
115,1770,is added in human_movement table
115,1770,is found in human_movement table
2107,Gego (Gertrud Goldschmidt),✅ Found to fetch entity
3288,Walt Kuhn,✅ Found to fetch entity
3333,Georges Lacombe,✅ Found to fetch entity
47,Les Nabis,is found in movements table
47,3333,is added in human_movement table
47,3333,is found in human_movement table
11,Symbolism,is found in movements table
11,3333,is added in human_movement table
11,3333,is found in human_movement table
3495,Alfred Leslie,✅ Found to fetch entity
87,abstract expressionism,is found in movements table
87,3495,is added in human_movement table
87,3495,is found in human_movement table
3600,Antonio López García,✅ Found to fetch entity
54,hyperrealism,is found in movements table
54,3600,is added in human_movement table
54,3600,is found in human_movement table
118,new media art,is found in movements table
118,3600,is added in human_movement table
118,3600,is found in human_movement table
3872,Allan McCollum,✅ Found to fetch entity
4257,George Nelson,✅ Found to fetch entity
4316,Marcello Nizzoli,✅ Found to fetch entity
150,Rationalism of Lake Como,is found in movements table
150,4316,is added in human_movement table
150,4316,is found in human_movement table
4375,Albert Oehlen,✅ Found to fetch entity
48,contemporary art,is found in movements table
48,4375,is added in human_movement table
48,4375,is found in human_movement table
4787,Markus Raetz,✅ Found to fetch entity
4894,Barbara Chase-Riboud,✅ Found to fetch entity
228,Black Arts Movement,is added movements table
228,Black Arts Movement,is found in movements table
228,4894,is added in human_movement table
228,4894,is found in human_movement table
5544,Louis Soutter,✅ Found to fetch entity
6079,Ger van Elk,✅ Found to fetch entity
23,conceptual art,is found in movements table
23,6079,is added in human_movement table
23,6079,is found in human_movement table
143,Arte Povera,is found in movements table
143,6079,is added in human_movement table
143,6079,is found in human_movement table
6282,Hans Wegner,✅ Found to fetch entity
6347,Brett Whiteley,✅ Found to fetch entity
6426,Marion Post Wolcott,✅ Found to fetch entity
7035,Gregory Crewdson,✅ Found to fetch entity
7639,Ellen Gallagher,✅ Found to fetch entity
226,Black Atlantic,is found in movements table
226,7639,is added in human_movement table
226,7639,is found in human_movement table
7671,Frank Meadow Sutcliffe,✅ Found to fetch entity
8033,Fiona Banner,✅ Found to fetch entity
138,Young British Artists,is found in movements table
138,8033,is added in human_movement table
138,8033,is found in human_movement table
8112,Cornelis van Eesteren,✅ Found to fetch entity
8267,Dinos Chapman,✅ Found to fetch entity
8268,Klaus Staeck,✅ Found to fetch entity
8958,Kazuyo Sejima,✅ Found to fetch entity
6,modernism,is found in movements table
6,8958,is added in human_movement table
6,8958,is found in human_movement table
22891,Lúcio Costa,✅ Found to fetch entity
24463,Roman Karmen,✅ Found to fetch entity
30845,Fred W. McDarrah,✅ Found to fetch entity
34219,Zoe Leonard,✅ Found to fetch entity
36726,Georg Tappert,✅ Found to fetch entity
7,Expressionism,is found in movements table
7,36726,is added in human_movement table
7,36726,is found in human_movement table
40396,Bazon Brock,✅ Found to fetch entity
12,Fluxus,is found in movements table
12,40396,is added in human_movement table
12,40396,is found in human_movement table
50164,Albert Kahn,✅ Found to fetch entity
67195,Steve Lacy,✅ Found to fetch entity
137,Getulio Alviani,✅ Found to fetch entity
64,abstract art,is found in movements table
64,137,is added in human_movement table
64,137,is found in human_movement table
63,op art,is found in movements table
63,137,is added in human_movement table
63,137,is found in human_movement table
81,kinetic art,is found in movements table
81,137,is added in human_movement table
81,137,is found in human_movement table
219,Siah Armajani,✅ Found to fetch entity
246,Mario Avati,✅ Found to fetch entity
568,Isabel Bishop,✅ Found to fetch entity
648,Ilya Bolotowsky,✅ Found to fetch entity
64,abstract art,is found in movements table
64,648,is added in human_movement table
64,648,is found in human_movement table
843,Carl Buchheister,✅ Found to fetch entity
1118,Chryssa,✅ Found to fetch entity
1307,Roberto Crippa,✅ Found to fetch entity
1357,Louise Dahl-Wolfe,✅ Found to fetch entity
1434,Adolf De Meyer,✅ Found to fetch entity
110,pictorialism,is found in movements table
110,1434,is added in human_movement table
110,1434,is found in human_movement table
1546,Burgoyne Diller,✅ Found to fetch entity
64,abstract art,is found in movements table
64,1546,is added in human_movement table
64,1546,is found in human_movement table
1859,León Ferrari,✅ Found to fetch entity
1891,Peter Fischli,✅ Found to fetch entity
2357,Red Grooms,✅ Found to fetch entity
8,pop art,is found in movements table
8,2357,is added in human_movement table
8,2357,is found in human_movement table
2364,Chaim Gross,✅ Found to fetch entity
2466,Hermann Haller,✅ Found to fetch entity
2613,Joan Hernández Pijuan,✅ Found to fetch entity
2742,John Hoyland,✅ Found to fetch entity
48,contemporary art,is found in movements table
48,2742,is added in human_movement table
48,2742,is found in human_movement table
2835,Eiko Ishioka,✅ Found to fetch entity
3385,Pierre Laprade,✅ Found to fetch entity
3733,Manolo (Manuel Martínez Hugué),✅ Found to fetch entity
4054,Johannes Molzahn,✅ Found to fetch entity
4602,Peter Phillips,✅ Found to fetch entity
48,contemporary art,is found in movements table
48,4602,is added in human_movement table
48,4602,is found in human_movement table
4763,Jean Puy,✅ Found to fetch entity
4878,Carl Fredrik Reuterswärd,✅ Found to fetch entity
5354,Victor Servranckx,✅ Found to fetch entity
5511,Susana Solano,✅ Found to fetch entity
64,abstract art,is found in movements table
64,5511,is added in human_movement table
64,5511,is found in human_movement table
5597,Theodoros Stamos,✅ Found to fetch entity
87,abstract expressionism,is found in movements table
87,5597,is added in human_movement table
87,5597,is found in human_movement table
5945,Anne Truitt,✅ Found to fetch entity
104,Minimalism,is found in movements table
104,5945,is added in human_movement table
104,5945,is found in human_movement table
6114,Keith Vaughan,✅ Found to fetch entity
6637,Paul Thek,✅ Found to fetch entity
7350,Ada Louise Huxtable,✅ Found to fetch entity
7512,Edward William Godwin,✅ Found to fetch entity
7606,Robert A. M. Stern,✅ Found to fetch entity
8212,Pino Pascali,✅ Found to fetch entity
143,Arte Povera,is found in movements table
143,8212,is added in human_movement table
143,8212,is found in human_movement table
8239,Anton Stankowski,✅ Found to fetch entity
8260,Doug Aitken,✅ Found to fetch entity
8451,Dieter Rams,✅ Found to fetch entity
8473,Janet Cardiff,✅ Found to fetch entity
23,conceptual art,is found in movements table
23,8473,is added in human_movement table
23,8473,is found in human_movement table
48,contemporary art,is found in movements table
48,8473,is added in human_movement table
48,8473,is found in human_movement table
18539,Hannah Wilke,✅ Found to fetch entity
56,feminist art,is found in movements table
56,18539,is added in human_movement table
56,18539,is found in human_movement table
23,conceptual art,is found in movements table
23,18539,is added in human_movement table
23,18539,is found in human_movement table
18700,K. H. Hödicke,✅ Found to fetch entity
18996,Jürgen Klauke,✅ Found to fetch entity
22660,Ugo Mulas,✅ Found to fetch entity
22897,Kevin Roche,✅ Found to fetch entity
24511,Hannes Meyer,✅ Found to fetch entity
6,modernism,is found in movements table
6,24511,is added in human_movement table
6,24511,is found in human_movement table
25138,Philip Webb,✅ Found to fetch entity
26287,Oswald Wiener,✅ Found to fetch entity
26555,Malick Sidibé,✅ Found to fetch entity
34699,Julius Shulman,✅ Found to fetch entity
43301,Jon Hassell,✅ Found to fetch entity
44252,Christian Wolff,✅ Found to fetch entity
24,20th-century classical music,is found in movements table
24,44252,is added in human_movement table
24,44252,is found in human_movement table
67871,Dagobert Peche,✅ Found to fetch entity
225,John Taylor Arms,✅ Found to fetch entity
281,Jo Baer,✅ Found to fetch entity
104,Minimalism,is found in movements table
104,281,is added in human_movement table
104,281,is found in human_movement table
336,George N. Barnard,✅ Found to fetch entity
688,Derek Boshier,✅ Found to fetch entity
48,contemporary art,is found in movements table
48,688,is added in human_movement table
48,688,is found in human_movement table
893,Jack Bush,✅ Found to fetch entity
87,abstract expressionism,is found in movements table
87,893,is added in human_movement table
87,893,is found in human_movement table
914,Miriam Cahn,✅ Found to fetch entity
1198,Robert Colquhoun,✅ Found to fetch entity
1314,Wim Crouwel,✅ Found to fetch entity
1427,Georges de Feure,✅ Found to fetch entity
11,Symbolism,is found in movements table
11,1427,is added in human_movement table
11,1427,is found in human_movement table
41,Art Nouveau,is found in movements table
41,1427,is added in human_movement table
41,1427,is found in human_movement table
1486,Jean Delville,✅ Found to fetch entity
11,Symbolism,is found in movements table
11,1486,is added in human_movement table
11,1486,is found in human_movement table
1851,Herbert Ferber,✅ Found to fetch entity
64,abstract art,is found in movements table
64,1851,is added in human_movement table
64,1851,is found in human_movement table
87,abstract expressionism,is found in movements table
87,1851,is added in human_movement table
87,1851,is found in human_movement table
1956,André Fougeron,✅ Found to fetch entity
2161,Sam Gilliam,✅ Found to fetch entity
190,Washington Color School,is found in movements table
190,2161,is added in human_movement table
190,2161,is found in human_movement table
2186,Fritz Glarner,✅ Found to fetch entity
151,concrete art,is found in movements table
151,2186,is added in human_movement table
151,2186,is found in human_movement table
111,geometric abstraction,is found in movements table
111,2186,is added in human_movement table
111,2186,is found in human_movement table
134,hard-edge painting,is found in movements table
134,2186,is added in human_movement table
134,2186,is found in human_movement table
2465,Nigel Hall,✅ Found to fetch entity
64,abstract art,is found in movements table
64,2465,is added in human_movement table
64,2465,is found in human_movement table
2486,David Hammons,✅ Found to fetch entity
78,Postmodernism,is found in movements table
78,2486,is added in human_movement table
78,2486,is found in human_movement table
23,conceptual art,is found in movements table
23,2486,is added in human_movement table
23,2486,is found in human_movement table
48,contemporary art,is found in movements table
48,2486,is added in human_movement table
48,2486,is found in human_movement table
2627,Anton Heyboer,✅ Found to fetch entity
2853,Izis,✅ Found to fetch entity
3277,Shigeko Kubota,✅ Found to fetch entity
12,Fluxus,is found in movements table
12,3277,is added in human_movement table
12,3277,is found in human_movement table
3427,Henri Le Fauconnier,✅ Found to fetch entity
144,Salon Cubism,is found in movements table
144,3427,is added in human_movement table
144,3427,is found in human_movement table
3431,Jean Le Moal,✅ Found to fetch entity
3447,Rico Lebrun,✅ Found to fetch entity
3513,Jack Levine,✅ Found to fetch entity
65,social realism,is found in movements table
65,3513,is added in human_movement table
65,3513,is found in human_movement table
3817,Raymond Mason,✅ Found to fetch entity
4193,Carl Mydans,✅ Found to fetch entity
4554,Gilles Peress,✅ Found to fetch entity
4703,Liliana Porter,✅ Found to fetch entity
5020,Walter Rosenblum,✅ Found to fetch entity
5039,Theodore Roszak,✅ Found to fetch entity
5095,Reiner Ruthenbeck,✅ Found to fetch entity
5483,Jack Smith,✅ Found to fetch entity
5969,John Tunnard,✅ Found to fetch entity
6,modernism,is found in movements table
6,5969,is added in human_movement table
6,5969,is found in human_movement table
5989,Jack Tworkov,✅ Found to fetch entity
87,abstract expressionism,is found in movements table
87,5989,is added in human_movement table
87,5989,is found in human_movement table
6296,Sabine Weiss,✅ Found to fetch entity
6339,Charles White,✅ Found to fetch entity
38,Harlem Renaissance,is found in movements table
38,6339,is added in human_movement table
38,6339,is found in human_movement table
6544,Marco Zanuso,✅ Found to fetch entity
95,Movimento Arte Concreta,is found in movements table
95,6544,is added in human_movement table
95,6544,is found in human_movement table
6976,Bernhard Luginbühl,✅ Found to fetch entity
64,abstract art,is found in movements table
64,6976,is added in human_movement table
64,6976,is found in human_movement table
8261,Vanessa Beecroft,✅ Found to fetch entity
22999,Sarah Morris,✅ Found to fetch entity
48,contemporary art,is found in movements table
48,22999,is added in human_movement table
48,22999,is found in human_movement table
24610,Jean Painlevé,✅ Found to fetch entity
26123,Paul Bonatz,✅ Found to fetch entity
28190,Philippe Parreno,✅ Found to fetch entity
32341,Edwin S. Porter,✅ Found to fetch entity
32882,Carlo Naya,✅ Found to fetch entity
35252,Aernout Mik,✅ Found to fetch entity
35510,Gabor Body,✅ Found to fetch entity
137007,Adrian Henri,✅ Found to fetch entity
137017,David Gascoyne,✅ Found to fetch entity
28,Geneviève Asse,✅ Found to fetch entity
497,Ella Bergmann-Michel,✅ Found to fetch entity
50,Constructivism,is found in movements table
50,497,is added in human_movement table
50,497,is found in human_movement table
501,Henryk Berlewi,✅ Found to fetch entity
80,School of Paris,is found in movements table
80,501,is added in human_movement table
80,501,is found in human_movement table
516,Ruth Bernhard,✅ Found to fetch entity
777,Anne W. Brigman,✅ Found to fetch entity
56,feminist art,is found in movements table
56,777,is added in human_movement table
56,777,is found in human_movement table
798,James Brooks,✅ Found to fetch entity
87,abstract expressionism,is found in movements table
87,798,is added in human_movement table
87,798,is found in human_movement table
1014,Karl Caspar,✅ Found to fetch entity
13,Impressionism,is found in movements table
13,1014,is added in human_movement table
13,1014,is found in human_movement table
1071,Serge Charchoune,✅ Found to fetch entity
1217,Linda Connor,✅ Found to fetch entity
1254,Antonio Corpora,✅ Found to fetch entity
129,Tachisme,is found in movements table
129,1254,is added in human_movement table
129,1254,is found in human_movement table
1298,Ralston Crawford,✅ Found to fetch entity
1397,Hermine David,✅ Found to fetch entity
1495,Robyn Denny,✅ Found to fetch entity
48,contemporary art,is found in movements table
48,1495,is added in human_movement table
48,1495,is found in human_movement table
1780,Philip Evergood,✅ Found to fetch entity
1904,Salvatore Fiume,✅ Found to fetch entity
1905,Audrey Flack,✅ Found to fetch entity
210,photorealism,is found in movements table
210,1905,is added in human_movement table
210,1905,is found in human_movement table
1914,Trude Fleischmann,✅ Found to fetch entity
2422,John Gutmann,✅ Found to fetch entity
132,American realism,is found in movements table
132,2422,is added in human_movement table
132,2422,is found in human_movement table
2949,Finn Juhl,✅ Found to fetch entity
3179,Kenneth Koch,✅ Found to fetch entity
3270,Nicholas Krushenick,✅ Found to fetch entity
8,pop art,is found in movements table
8,3270,is added in human_movement table
8,3270,is found in human_movement table
3388,Berto Lardera,✅ Found to fetch entity
64,abstract art,is found in movements table
64,3388,is added in human_movement table
64,3388,is found in human_movement table
3434,Henri Le Secq,✅ Found to fetch entity
3476,Georges Lemmen,✅ Found to fetch entity
26,pointillism,is found in movements table
26,3476,is added in human_movement table
26,3476,is found in human_movement table
3567,Seymour Lipton,✅ Found to fetch entity
87,abstract expressionism,is found in movements table
87,3567,is added in human_movement table
87,3567,is found in human_movement table
4356,Juan O'Gorman,✅ Found to fetch entity
201,functionalism,is found in movements table
201,4356,is added in human_movement table
201,4356,is found in human_movement table
5102,Betye Saar,✅ Found to fetch entity
228,Black Arts Movement,is found in movements table
228,5102,is added in human_movement table
228,5102,is found in human_movement table
5208,Xanti Schawinsky,✅ Found to fetch entity
5530,Juan Soriano,✅ Found to fetch entity
5658,Louis Stettner,✅ Found to fetch entity
5675,Gunta Stölzl,✅ Found to fetch entity
5824,Walter Dorwin Teague,✅ Found to fetch entity
6155,Massimo Vignelli,✅ Found to fetch entity
7053,Dawoud Bey,✅ Found to fetch entity
7210,Shiro Kuramata,✅ Found to fetch entity
7342,Sven Markelius,✅ Found to fetch entity
201,functionalism,is found in movements table
201,7342,is added in human_movement table
201,7342,is found in human_movement table
7359,Basil Spence,✅ Found to fetch entity
19,brutalist architecture,is found in movements table
19,7359,is added in human_movement table
19,7359,is found in human_movement table
7500,Raymond Pettibon,✅ Found to fetch entity
7916,Mariana Yampolsky,✅ Found to fetch entity
7921,Lola Álvarez Bravo,✅ Found to fetch entity
8472,Cecily Brown,✅ Found to fetch entity
48,contemporary art,is found in movements table
48,8472,is added in human_movement table
48,8472,is found in human_movement table
12601,Hans Sahl,✅ Found to fetch entity
22789,Michael Kennedy,✅ Found to fetch entity
22800,Hermann Finsterlin,✅ Found to fetch entity
24452,Sigurd Lewerentz,✅ Found to fetch entity
24468,Edmund Kesting,✅ Found to fetch entity
26088,Harry Lachman,✅ Found to fetch entity
29438,herman de vries,✅ Found to fetch entity
30910,Andrea Fraser,✅ Found to fetch entity
56,feminist art,is found in movements table
56,30910,is added in human_movement table
56,30910,is found in human_movement table
30935,Mary Heilmann,✅ Found to fetch entity
34803,Marc Camille Chaimowicz,✅ Found to fetch entity
35285,Walid Raad,✅ Found to fetch entity
42455,Zanele Muholi,✅ Found to fetch entity
42822,Vladimir Ussachevsky,✅ Found to fetch entity
43107,Gustav Metzger,✅ Found to fetch entity
43752,Hito Steyerl,✅ Found to fetch entity
23,conceptual art,is found in movements table
23,43752,is added in human_movement table
23,43752,is found in human_movement table
44528,Kengo Kuma,✅ Found to fetch entity
47922,Claude Parent,✅ Found to fetch entity
48655,Sharon Lockhart,✅ Found to fetch entity
48886,Lav Diaz,✅ Found to fetch entity
71841,Mary Kelly,✅ Found to fetch entity
23,conceptual art,is found in movements table
23,71841,is added in human_movement table
23,71841,is found in human_movement table
75541,Alberto Korda,✅ Found to fetch entity
181,Emmy Andriesse,✅ Found to fetch entity
186,Raúl Anguiano,✅ Found to fetch entity
352,Robert Barry,✅ Found to fetch entity
386,Mary Bauermeister,✅ Found to fetch entity
391,Otto Baumberger,✅ Found to fetch entity
451,Mario Bellini,✅ Found to fetch entity
577,Louis-Auguste Bisson,✅ Found to fetch entity
746,John Randall Bratby,✅ Found to fetch entity
758,Robert Breer,✅ Found to fetch entity
78,Postmodernism,is found in movements table
78,758,is added in human_movement table
78,758,is found in human_movement table
784,John Brockman,✅ Found to fetch entity
889,Scott Burton,✅ Found to fetch entity
1008,Pietro Cascella,✅ Found to fetch entity
1170,Sue Coe,✅ Found to fetch entity
1235,Hans Coper,✅ Found to fetch entity
1349,Allan D'Arcangelo,✅ Found to fetch entity
8,pop art,is found in movements table
8,1349,is added in human_movement table
8,1349,is found in human_movement table
1436,G. D. De Monfried,✅ Found to fetch entity
26,pointillism,is found in movements table
26,1436,is added in human_movement table
26,1436,is found in human_movement table
47,Les Nabis,is found in movements table
47,1436,is added in human_movement table
47,1436,is found in human_movement table
1730,Morris Engel,✅ Found to fetch entity
45,French New Wave,is found in movements table
45,1730,is added in human_movement table
45,1730,is found in human_movement table
1824,Helmut Federle,✅ Found to fetch entity
2111,Rupprecht Geiger,✅ Found to fetch entity
64,abstract art,is found in movements table
64,2111,is added in human_movement table
64,2111,is found in human_movement table
2136,Karl Gerstner,✅ Found to fetch entity
2137,Franz Gertsch,✅ Found to fetch entity
54,hyperrealism,is found in movements table
54,2137,is added in human_movement table
54,2137,is found in human_movement table
2218,John Golding,✅ Found to fetch entity
2309,Morris Graves,✅ Found to fetch entity
7,Expressionism,is found in movements table
7,2309,is added in human_movement table
7,2309,is found in human_movement table
2475,Hiroshi Hamaya,✅ Found to fetch entity
2578,Robert Heinecken,✅ Found to fetch entity
3140,Paul Kleinschmidt,✅ Found to fetch entity
229,Berlin Secession,is added movements table
229,Berlin Secession,is found in movements table
229,3140,is added in human_movement table
229,3140,is found in human_movement table
3313,Maximilian Kurzweil,✅ Found to fetch entity
3470,Saul Leiter,✅ Found to fetch entity
3899,Frederick Edward McWilliam,✅ Found to fetch entity
3,Surrealism,is found in movements table
3,3899,is added in human_movement table
3,3899,is found in human_movement table
3923,Leopoldo Méndez,✅ Found to fetch entity
3935,Carlos Mérida,✅ Found to fetch entity
1,Cubism,is found in movements table
1,3935,is added in human_movement table
1,3935,is found in human_movement table
4483,Otto Pankok,✅ Found to fetch entity
4716,Richard Pousette-Dart,✅ Found to fetch entity
87,abstract expressionism,is found in movements table
87,4716,is added in human_movement table
87,4716,is found in human_movement table
4826,Tony Ray-Jones,✅ Found to fetch entity
5070,Reuven Rubin,✅ Found to fetch entity
5104,Roland Sabatier,✅ Found to fetch entity
5601,Richard Stankiewicz,✅ Found to fetch entity
87,abstract expressionism,is found in movements table
87,5601,is added in human_movement table
87,5601,is found in human_movement table
5654,Maurice Sterne,✅ Found to fetch entity
5881,Walasse Ting,✅ Found to fetch entity
5895,Shomei Tomatsu,✅ Found to fetch entity
6147,Esteban Vicente,✅ Found to fetch entity
87,abstract expressionism,is found in movements table
87,6147,is added in human_movement table
87,6147,is found in human_movement table
6229,Alfred Wallis,✅ Found to fetch entity
7007,Cildo Meireles,✅ Found to fetch entity
64,abstract art,is found in movements table
64,7007,is added in human_movement table
64,7007,is found in human_movement table
48,contemporary art,is found in movements table
48,7007,is added in human_movement table
48,7007,is found in human_movement table
7464,Bill Traylor,✅ Found to fetch entity
59,outsider art,is found in movements table
59,7464,is added in human_movement table
59,7464,is found in human_movement table
7555,Boyd Webb,✅ Found to fetch entity
7674,Sylvie Fleury,✅ Found to fetch entity
7824,Roman Signer,✅ Found to fetch entity
64,abstract art,is found in movements table
64,7824,is added in human_movement table
64,7824,is found in human_movement table
7961,Mira Schendel,✅ Found to fetch entity
8150,James Thrall Soby,✅ Found to fetch entity
8266,Jake Chapman,✅ Found to fetch entity
10191,Arturo Schwarz,✅ Found to fetch entity
23614,Mikhail Kalashnikov,✅ Found to fetch entity
24601,Kate Steinitz,✅ Found to fetch entity
22,Dada,is found in movements table
22,24601,is added in human_movement table
22,24601,is found in human_movement table
26512,Claude Closky,✅ Found to fetch entity
31018,Jacques Le Rider,✅ Found to fetch entity
34931,Zbigniew Rybczynski,✅ Found to fetch entity
35066,Hans Gross,✅ Found to fetch entity
35544,Klaus vom Bruch,✅ Found to fetch entity
38619,F. Holland Day,✅ Found to fetch entity
110,pictorialism,is found in movements table
110,38619,is added in human_movement table
110,38619,is found in human_movement table
39095,Franciszka Themerson,✅ Found to fetch entity
42787,Carol Rama,✅ Found to fetch entity
167,Transavantgarde,is found in movements table
167,42787,is added in human_movement table
167,42787,is found in human_movement table
151,concrete art,is found in movements table
151,42787,is added in human_movement table
151,42787,is found in human_movement table
95,Movimento Arte Concreta,is found in movements table
95,42787,is added in human_movement table
95,42787,is found in human_movement table
39,James Abbe,✅ Found to fetch entity
280,Donald Baechler,✅ Found to fetch entity
8,pop art,is found in movements table
8,280,is added in human_movement table
8,280,is found in human_movement table
576,Auguste-Rosalie Bisson,✅ Found to fetch entity
616,Bernhard Blume,✅ Found to fetch entity
183,Mail-Art,is found in movements table
183,616,is added in human_movement table
183,616,is found in human_movement table
732,William Bradley,✅ Found to fetch entity
41,Art Nouveau,is found in movements table
41,732,is added in human_movement table
41,732,is found in human_movement table
1122,Seymour Chwast,✅ Found to fetch entity
1348,Carl Otto Czeschka,✅ Found to fetch entity
1475,Jack Delano,✅ Found to fetch entity
1652,Carroll Dunham,✅ Found to fetch entity
1742,Mitch Epstein,✅ Found to fetch entity
1985,Barnett Freedman,✅ Found to fetch entity
2288,Walter Gramatté,✅ Found to fetch entity
7,Expressionism,is found in movements table
7,2288,is added in human_movement table
7,2288,is found in human_movement table
52,magic realism,is found in movements table
52,2288,is added in human_movement table
52,2288,is found in human_movement table
2372,Rudolf Grossmann,✅ Found to fetch entity
2395,José Guerrero,✅ Found to fetch entity
87,abstract expressionism,is found in movements table
87,2395,is added in human_movement table
87,2395,is found in human_movement table
2457,Otto Herbert Hajek,✅ Found to fetch entity
2504,David Hare,✅ Found to fetch entity
87,abstract expressionism,is found in movements table
87,2504,is added in human_movement table
87,2504,is found in human_movement table
3,Surrealism,is found in movements table
3,2504,is added in human_movement table
3,2504,is found in human_movement table
2593,Fritz Henle,✅ Found to fetch entity
2974,Yusaku Kamekura,✅ Found to fetch entity
3443,Jean-Jacques Lebel,✅ Found to fetch entity
3663,Stanton Macdonald-Wright,✅ Found to fetch entity
230,Synchromism,is added movements table
230,Synchromism,is found in movements table
230,3663,is added in human_movement table
230,3663,is found in human_movement table
3830,Bruno Mathsson,✅ Found to fetch entity
201,functionalism,is found in movements table
201,3830,is added in human_movement table
201,3830,is found in human_movement table
6,modernism,is found in movements table
6,3830,is added in human_movement table
6,3830,is found in human_movement table
4100,Malcolm Morley,✅ Found to fetch entity
87,abstract expressionism,is found in movements table
87,4100,is added in human_movement table
87,4100,is found in human_movement table
48,contemporary art,is found in movements table
48,4100,is added in human_movement table
48,4100,is found in human_movement table
4334,Dorothy Norman,✅ Found to fetch entity
4407,Koshiro Onchi,✅ Found to fetch entity
4726,Jan Preisler,✅ Found to fetch entity
11,Symbolism,is found in movements table
11,4726,is added in human_movement table
11,4726,is found in human_movement table
5206,Josef Scharl,✅ Found to fetch entity
5519,Francesco Somaini,✅ Found to fetch entity
95,Movimento Arte Concreta,is found in movements table
95,5519,is added in human_movement table
95,5519,is found in human_movement table
5800,Ikko Tanaka,✅ Found to fetch entity
6033,Max Unold,✅ Found to fetch entity
6617,Ulrich Rückriem,✅ Found to fetch entity
103,process art,is found in movements table
103,6617,is added in human_movement table
103,6617,is found in human_movement table
7011,David Levinthal,✅ Found to fetch entity
7647,Dieter Appelt,✅ Found to fetch entity
24168,Ottomar Anschütz,✅ Found to fetch entity
27427,Mark Dion,✅ Found to fetch entity
28748,Gina Pane,✅ Found to fetch entity
56,feminist art,is found in movements table
56,28748,is added in human_movement table
56,28748,is found in human_movement table
231,body art,is added movements table
231,body art,is found in movements table
231,28748,is added in human_movement table
231,28748,is found in human_movement table
30849,Pawel Althamer,✅ Found to fetch entity
30948,Ann Veronica Janssens,✅ Found to fetch entity
48,contemporary art,is found in movements table
48,30948,is added in human_movement table
48,30948,is found in human_movement table
32487,Tony Conrad,✅ Found to fetch entity
33388,Paulo Mendes da Rocha,✅ Found to fetch entity
35220,Babette Mangolte,✅ Found to fetch entity
35511,Garth Jennings,✅ Found to fetch entity
36930,Auguste Vacquerie,✅ Found to fetch entity
39998,Henri Chopin,✅ Found to fetch entity
232,sound poetry,is added movements table
232,sound poetry,is found in movements table
232,39998,is added in human_movement table
232,39998,is found in human_movement table
233,concrete poetry,is added movements table
233,concrete poetry,is found in movements table
233,39998,is added in human_movement table
233,39998,is found in human_movement table
183,Mail-Art,is found in movements table
183,39998,is added in human_movement table
183,39998,is found in human_movement table
40142,Jean Heiberg,✅ Found to fetch entity
40879,Peter Struycken,✅ Found to fetch entity
118,new media art,is found in movements table
118,40879,is added in human_movement table
118,40879,is found in human_movement table
234,digital art,is added movements table
234,digital art,is found in movements table
234,40879,is added in human_movement table
234,40879,is found in human_movement table
235,light art,is added movements table
235,light art,is found in movements table
235,40879,is added in human_movement table
235,40879,is found in human_movement table
41224,Lucien Hervé,✅ Found to fetch entity
41264,Karl Otten,✅ Found to fetch entity
44498,Joseph Christian Leyendecker,✅ Found to fetch entity
48780,Harold Budd,✅ Found to fetch entity
68022,Omer Fast,✅ Found to fetch entity
141,Emilio Ambasz,✅ Found to fetch entity
453,Ernest J. Bellocq,✅ Found to fetch entity
611,Sandra Blow,✅ Found to fetch entity
948,Louis Cane,✅ Found to fetch entity
980,Eugenio Carmi,✅ Found to fetch entity
1025,Enrico Castellani,✅ Found to fetch entity
1326,Modest Cuixart,✅ Found to fetch entity
1536,Edwin Dickinson,✅ Found to fetch entity
2081,Flor Garduño,✅ Found to fetch entity
2273,Emmet Gowin,✅ Found to fetch entity
2554,Henri Hayden,✅ Found to fetch entity
2801,Masuo Ikeda (池田 満寿夫),✅ Found to fetch entity
2961,Menashe Kadishman,✅ Found to fetch entity
64,abstract art,is found in movements table
64,2961,is added in human_movement table
64,2961,is found in human_movement table
48,contemporary art,is found in movements table
48,2961,is added in human_movement table
48,2961,is found in human_movement table
3994,David Brown Milne,✅ Found to fetch entity
4022,Richard Misrach,✅ Found to fetch entity
4125,Olivier Mosset,✅ Found to fetch entity
4612,Walter Pichler,✅ Found to fetch entity
5052,François Rouan,✅ Found to fetch entity
5162,Richard Sapper,✅ Found to fetch entity
6193,Adam Clark Vroman,✅ Found to fetch entity
6465,James Wyeth,✅ Found to fetch entity
140,realism,is found in movements table
140,6465,is added in human_movement table
140,6465,is found in human_movement table
6500,Ylla,✅ Found to fetch entity
6526,Adja Yunkers,✅ Found to fetch entity
64,abstract art,is found in movements table
64,6526,is added in human_movement table
64,6526,is found in human_movement table
7525,Andrea Zittel,✅ Found to fetch entity
7529,Ben van Berkel,✅ Found to fetch entity
7660,Christer Strömholm,✅ Found to fetch entity
8073,Cai Guo-Qiang,✅ Found to fetch entity
48,contemporary art,is found in movements table
48,8073,is added in human_movement table
48,8073,is found in human_movement table
8152,Vera Lutter,✅ Found to fetch entity
48,contemporary art,is found in movements table
48,8152,is added in human_movement table
48,8152,is found in human_movement table
8193,James Welling,✅ Found to fetch entity
8301,Jean Crotti,✅ Found to fetch entity
8568,Seydou Keïta,✅ Found to fetch entity
12536,Jean-Clarence Lambert,✅ Found to fetch entity
22989,William H. Johnson,✅ Found to fetch entity
31,primitivism,is found in movements table
31,22989,is added in human_movement table
31,22989,is found in human_movement table
23413,Aristarkh Lentulov,✅ Found to fetch entity
4,Post-impressionism,is found in movements table
4,23413,is added in human_movement table
4,23413,is found in human_movement table
25843,Jonathan Ive,✅ Found to fetch entity
26803,George Nakashima,✅ Found to fetch entity
30166,Jeremy Deller,✅ Found to fetch entity
48,contemporary art,is found in movements table
48,30166,is added in human_movement table
48,30166,is found in human_movement table
32251,Anne-Marie Miéville,✅ Found to fetch entity
34924,Ulrike Rosenbach,✅ Found to fetch entity
34936,Julien Temple,✅ Found to fetch entity
39662,Michael Buthe,✅ Found to fetch entity
42301,Milko Kelemen,✅ Found to fetch entity
48057,Dayanita Singh,✅ Found to fetch entity
48119,Ray Stevenson,✅ Found to fetch entity
69878,Storm Thorgerson,✅ Found to fetch entity
135867,Jan Kaplický,✅ Found to fetch entity
21,Ruth Asawa,✅ Found to fetch entity
120,Terry Allen,✅ Found to fetch entity
23,conceptual art,is found in movements table
23,120,is added in human_movement table
23,120,is found in human_movement table
362,Gianfranco Baruchello,✅ Found to fetch entity
396,Glen Baxter,✅ Found to fetch entity
515,Lucian Bernhard,✅ Found to fetch entity
556,Aenne Biermann,✅ Found to fetch entity
603,Albert Bloch,✅ Found to fetch entity
7,Expressionism,is found in movements table
7,603,is added in human_movement table
7,603,is found in human_movement table
1211,William Congdon,✅ Found to fetch entity
87,abstract expressionism,is found in movements table
87,1211,is added in human_movement table
87,1211,is found in human_movement table
1299,John Craxton,✅ Found to fetch entity
1466,Adolf Dehn,✅ Found to fetch entity
181,Regionalism,is found in movements table
181,1466,is added in human_movement table
181,1466,is found in human_movement table
1794,Claire Falkenstein,✅ Found to fetch entity
2039,Adam Fuss,✅ Found to fetch entity
48,contemporary art,is found in movements table
48,2039,is added in human_movement table
48,2039,is found in human_movement table
2057,A. E. Gallatin,✅ Found to fetch entity
2118,Juan Genovés,✅ Found to fetch entity
2277,Camille Graeser,✅ Found to fetch entity
2284,John D. Graham,✅ Found to fetch entity
10,modern art,is found in movements table
10,2284,is added in human_movement table
10,2284,is found in human_movement table
2458,Heinz Hajek-Halke,✅ Found to fetch entity
3,Surrealism,is found in movements table
3,2458,is added in human_movement table
3,2458,is found in human_movement table
3209,Béla Kondor,✅ Found to fetch entity
3555,Stig Lindberg,✅ Found to fetch entity
3585,Berthold Löffler,✅ Found to fetch entity
3638,Alexandre Lunois,✅ Found to fetch entity
4366,Jean Oberlé,✅ Found to fetch entity
4691,Larry Poons,✅ Found to fetch entity
4744,Patrick Procktor,✅ Found to fetch entity
5084,Allen Ruppersberg,✅ Found to fetch entity
5193,Emilio Scanavino,✅ Found to fetch entity
129,Tachisme,is found in movements table
129,5193,is added in human_movement table
129,5193,is found in human_movement table
6248,Henry de Waroquier,✅ Found to fetch entity
80,School of Paris,is found in movements table
80,6248,is added in human_movement table
80,6248,is found in human_movement table
6811,Lucinda Childs,✅ Found to fetch entity
7534,Julião Sarmento,✅ Found to fetch entity
7694,Jay DeFeo,✅ Found to fetch entity
87,abstract expressionism,is found in movements table
87,7694,is added in human_movement table
87,7694,is found in human_movement table
7727,Maurice Asselin,✅ Found to fetch entity
80,School of Paris,is found in movements table
80,7727,is added in human_movement table
80,7727,is found in human_movement table
7962,Sarah Sze,✅ Found to fetch entity
8043,Ugo Rondinone,✅ Found to fetch entity
23819,David Bergelson,✅ Found to fetch entity
24431,Horacio Coppola,✅ Found to fetch entity
24495,Eli Lotar,✅ Found to fetch entity
27315,William Bradford,✅ Found to fetch entity
27476,Ryue Nishizawa,✅ Found to fetch entity
30303,Heimo Zobernig,✅ Found to fetch entity
23,conceptual art,is found in movements table
23,30303,is added in human_movement table
23,30303,is found in human_movement table
31043,Wolf Singer,✅ Found to fetch entity
34459,Paul Sharits,✅ Found to fetch entity
34743,Jackson Mac Low,✅ Found to fetch entity
35554,Laura Poitras,✅ Found to fetch entity
36954,Pierre Trémaux,✅ Found to fetch entity
145,Orientalism,is found in movements table
145,36954,is added in human_movement table
145,36954,is found in human_movement table
37105,Lynne Tillman,✅ Found to fetch entity
37615,Candice Breitz,✅ Found to fetch entity
37926,Fritz Hellmut Ehmcke,✅ Found to fetch entity
40883,Willem Breuker,✅ Found to fetch entity
48122,Tania Bruguera,✅ Found to fetch entity
48733,Ugo Gregoretti,✅ Found to fetch entity
49177,Matt Frewer,✅ Found to fetch entity
49682,Fazal Sheikh,✅ Found to fetch entity
68020,Theaster Gates,✅ Found to fetch entity
127,Gerhard Altenbourg,✅ Found to fetch entity
180,Benny Andrews,✅ Found to fetch entity
7,Expressionism,is found in movements table
7,180,is added in human_movement table
7,180,is found in human_movement table
602,André Bloc,✅ Found to fetch entity
612,Oscar Bluemner,✅ Found to fetch entity
719,Frank Bowling,✅ Found to fetch entity
27,Color Field,is found in movements table
27,719,is added in human_movement table
27,719,is found in human_movement table
753,Claudio Bravo,✅ Found to fetch entity
54,hyperrealism,is found in movements table
54,753,is added in human_movement table
54,753,is found in human_movement table
824,Francis Bruguière,✅ Found to fetch entity
7,Expressionism,is found in movements table
7,824,is added in human_movement table
7,824,is found in human_movement table
1267,Robert Cottingham,✅ Found to fetch entity
1669,Dušan Džamonja,✅ Found to fetch entity
6,modernism,is found in movements table
6,1669,is added in human_movement table
6,1669,is found in human_movement table
1701,Louis Michel Eilshemius,✅ Found to fetch entity
10,modern art,is found in movements table
10,1701,is added in human_movement table
10,1701,is found in human_movement table
1727,August Endell,✅ Found to fetch entity
1833,Theodore Lux Feininger,✅ Found to fetch entity
1879,Howard Finster,✅ Found to fetch entity
59,outsider art,is found in movements table
59,1879,is added in human_movement table
59,1879,is found in human_movement table
2026,Shigeo Fukuda,✅ Found to fetch entity
2682,Gerhard Hoehme,✅ Found to fetch entity
2685,Paul van Hoeydonck,✅ Found to fetch entity
2898,Marcel Jean,✅ Found to fetch entity
2991,Anatoli Lvovich Kaplan,✅ Found to fetch entity
3026,Max Kaus,✅ Found to fetch entity
3227,Takehisa Kosugi,✅ Found to fetch entity
3351,Jacqueline Lamba,✅ Found to fetch entity
3,Surrealism,is found in movements table
3,3351,is added in human_movement table
3,3351,is found in human_movement table
3397,Oskar Laske,✅ Found to fetch entity
3404,John Latham,✅ Found to fetch entity
48,contemporary art,is found in movements table
48,3404,is added in human_movement table
48,3404,is found in human_movement table
3856,Charles Maurin,✅ Found to fetch entity
11,Symbolism,is found in movements table
11,3856,is added in human_movement table
11,3856,is found in human_movement table
3940,Gerhard Merz,✅ Found to fetch entity
4063,Roberto Montenegro,✅ Found to fetch entity
4218,Reuben Nakian,✅ Found to fetch entity
4242,Heinrich Nauen,✅ Found to fetch entity
7,Expressionism,is found in movements table
7,4242,is added in human_movement table
7,4242,is found in human_movement table
4588,Emilio Pettoruti,✅ Found to fetch entity
4625,Howardena Pindell,✅ Found to fetch entity
5069,Ernö Rubik,✅ Found to fetch entity
5272,Gotthard Schuh,✅ Found to fetch entity
5498,Kenneth Snelson,✅ Found to fetch entity
64,abstract art,is found in movements table
64,5498,is added in human_movement table
64,5498,is found in human_movement table
5896,Bradley Walker Tomlin,✅ Found to fetch entity
87,abstract expressionism,is found in movements table
87,5896,is added in human_movement table
87,5896,is found in human_movement table
6220,John Walker,✅ Found to fetch entity
48,contemporary art,is found in movements table
48,6220,is added in human_movement table
48,6220,is found in human_movement table
6378,Fred Williams,✅ Found to fetch entity
6764,Joyce Wieland,✅ Found to fetch entity
6902,Glenn Ligon,✅ Found to fetch entity
23,conceptual art,is found in movements table
23,6902,is added in human_movement table
23,6902,is found in human_movement table
226,Black Atlantic,is found in movements table
226,6902,is added in human_movement table
226,6902,is found in human_movement table
7051,Betty Woodman,✅ Found to fetch entity
215,Pattern and Decoration,is found in movements table
215,7051,is added in human_movement table
215,7051,is found in human_movement table
7421,Jacques Herzog,✅ Found to fetch entity
7837,Peter Stampfli,✅ Found to fetch entity
8090,Miyako Ishiuchi,✅ Found to fetch entity
8218,Thom Mayne,✅ Found to fetch entity
12604,André Verdet,✅ Found to fetch entity
26247,Angela Bulloch,✅ Found to fetch entity
28150,Enric Miralles,✅ Found to fetch entity
30299,John Maeda,✅ Found to fetch entity
30316,Sybil Andrews,✅ Found to fetch entity
6,modernism,is found in movements table
6,30316,is added in human_movement table
6,30316,is found in human_movement table
30644,Al Hansen,✅ Found to fetch entity
12,Fluxus,is found in movements table
12,30644,is added in human_movement table
12,30644,is found in human_movement table
32236,Ed Emshwiller,✅ Found to fetch entity
32654,Mark Wallinger,✅ Found to fetch entity
48,contemporary art,is found in movements table
48,32654,is added in human_movement table
48,32654,is found in human_movement table
34218,Farkas Molnár,✅ Found to fetch entity
35716,Sibylle Bergemann,✅ Found to fetch entity
36928,André Giroux,✅ Found to fetch entity
37582,Margaret Macdonald,✅ Found to fetch entity
41,Art Nouveau,is found in movements table
41,37582,is added in human_movement table
41,37582,is found in human_movement table
38215,Bjarke Ingels,✅ Found to fetch entity
39905,Alois Carigiet,✅ Found to fetch entity
40447,Raúl Zurita,✅ Found to fetch entity
236,Neoavanguardia,is added movements table
236,Neoavanguardia,is found in movements table
236,40447,is added in human_movement table
236,40447,is found in human_movement table
41287,Guy Peellaert,✅ Found to fetch entity
8,pop art,is found in movements table
8,41287,is added in human_movement table
8,41287,is found in human_movement table
54,hyperrealism,is found in movements table
54,41287,is added in human_movement table
54,41287,is found in human_movement table
237,appropriation,is added movements table
237,appropriation,is found in movements table
237,41287,is added in human_movement table
237,41287,is found in human_movement table
46782,Tina Weymouth,✅ Found to fetch entity
47774,Lejaren Hiller,✅ Found to fetch entity
49108,Loretta Lux,✅ Found to fetch entity
49140,Marco Brambilla,✅ Found to fetch entity
67838,Edmund Edel,✅ Found to fetch entity
71206,Coco Fusco,✅ Found to fetch entity
49,Ivor Abrahams,✅ Found to fetch entity
48,contemporary art,is found in movements table
48,49,is added in human_movement table
48,49,is found in human_movement table
55,Norman Ackroyd,✅ Found to fetch entity
325,Vladimir Baranoff-Rossiné,✅ Found to fetch entity
472,Billy Al Bengston,✅ Found to fetch entity
238,Finish Fetish,is added movements table
238,Finish Fetish,is found in movements table
238,472,is added in human_movement table
238,472,is found in human_movement table
8,pop art,is found in movements table
8,472,is added in human_movement table
8,472,is found in human_movement table
554,Charles Biederman,✅ Found to fetch entity
588,Ronald Bladen,✅ Found to fetch entity
594,Werner Blaser,✅ Found to fetch entity
608,Barbara Bloom,✅ Found to fetch entity
703,Firmin Bouisset,✅ Found to fetch entity
1073,Sarah Charlesworth,✅ Found to fetch entity
56,feminist art,is found in movements table
56,1073,is added in human_movement table
56,1073,is found in human_movement table
1210,George Condo,✅ Found to fetch entity
48,contemporary art,is found in movements table
48,1210,is added in human_movement table
48,1210,is found in human_movement table
1236,Andries Dirk Copier,✅ Found to fetch entity
1407,Gene Davis,✅ Found to fetch entity
190,Washington Color School,is found in movements table
190,1407,is added in human_movement table
190,1407,is found in human_movement table
1491,Agnes Denes,✅ Found to fetch entity
23,conceptual art,is found in movements table
23,1491,is added in human_movement table
23,1491,is found in human_movement table
113,land art,is found in movements table
113,1491,is added in human_movement table
113,1491,is found in human_movement table
1698,Jorge Eielson,✅ Found to fetch entity
239,Generation of '50 (Perú),is added movements table
239,Generation of '50 (Perú),is found in movements table
239,1698,is added in human_movement table
239,1698,is found in human_movement table
1826,Hans Feibusch,✅ Found to fetch entity
2122,George Passmore,✅ Found to fetch entity
2262,Sylvia Gosse,✅ Found to fetch entity
2502,Dudley Hardy,✅ Found to fetch entity
2669,Ludwig Hirschfeld-Mack,✅ Found to fetch entity
2971,Horst-Egon Kalinowski,✅ Found to fetch entity
3129,Felix Klee,✅ Found to fetch entity
3183,Fritz Koenig,✅ Found to fetch entity
3281,Tetsumi Kudo,✅ Found to fetch entity
3853,Alfred H. Maurer,✅ Found to fetch entity
6,modernism,is found in movements table
6,3853,is added in human_movement table
6,3853,is found in human_movement table
3920,Xavier Mellery,✅ Found to fetch entity
11,Symbolism,is found in movements table
11,3920,is added in human_movement table
11,3920,is found in human_movement table
5034,Jaroslav Rössler,✅ Found to fetch entity
5258,Fritz Scholder,✅ Found to fetch entity
87,abstract expressionism,is found in movements table
87,5258,is added in human_movement table
87,5258,is found in human_movement table
5320,Armand Séguin,✅ Found to fetch entity
28,Pont-Aven School,is found in movements table
28,5320,is added in human_movement table
28,5320,is found in human_movement table
5493,Richard Smith,✅ Found to fetch entity
8,pop art,is found in movements table
8,5493,is added in human_movement table
8,5493,is found in human_movement table
5653,Hedda Sterne,✅ Found to fetch entity
87,abstract expressionism,is found in movements table
87,5653,is added in human_movement table
87,5653,is found in human_movement table
5727,Larry Sultan,✅ Found to fetch entity
5968,Igael Tumarkin,✅ Found to fetch entity
6490,Sori Yanagi,✅ Found to fetch entity
6495,Max Yavno,✅ Found to fetch entity
6532,Léon Zack,✅ Found to fetch entity
80,School of Paris,is found in movements table
80,6532,is added in human_movement table
80,6532,is found in human_movement table
6583,Gilberto Zorio,✅ Found to fetch entity
143,Arte Povera,is found in movements table
143,6583,is added in human_movement table
143,6583,is found in human_movement table
7004,Leon Kossoff,✅ Found to fetch entity
7,Expressionism,is found in movements table
7,7004,is added in human_movement table
7,7004,is found in human_movement table
7422,Pierre de Meuron,✅ Found to fetch entity
14164,Michael McClure,✅ Found to fetch entity
32,Beat Generation,is found in movements table
32,14164,is added in human_movement table
32,14164,is found in human_movement table
17816,Richard Benson,✅ Found to fetch entity
22724,Shirazeh Houshiary,✅ Found to fetch entity
64,abstract art,is found in movements table
64,22724,is added in human_movement table
64,22724,is found in human_movement table
24581,Gertrud Arndt,✅ Found to fetch entity
25,Bauhaus,is found in movements table
25,24581,is added in human_movement table
25,24581,is found in human_movement table
25189,Ernesto Neto,✅ Found to fetch entity
25552,Gilbert Proesch,✅ Found to fetch entity
27561,Kutlug Ataman,✅ Found to fetch entity
28097,Wangechi Mutu,✅ Found to fetch entity
240,Afrofuturism,is added movements table
240,Afrofuturism,is found in movements table
240,28097,is added in human_movement table
240,28097,is found in human_movement table
48,contemporary art,is found in movements table
48,28097,is added in human_movement table
48,28097,is found in human_movement table
28772,Daniel Richter,✅ Found to fetch entity
48,contemporary art,is found in movements table
48,28772,is added in human_movement table
48,28772,is found in human_movement table
28788,Wilhelm Sasnal,✅ Found to fetch entity
30493,Wilson A. Bentley,✅ Found to fetch entity
32202,Shirley Clarke,✅ Found to fetch entity
56,feminist art,is found in movements table
56,32202,is added in human_movement table
56,32202,is found in human_movement table
34939,Steve Barron,✅ Found to fetch entity
35162,David Lamelas,✅ Found to fetch entity
35520,Ian Breakwell,✅ Found to fetch entity
48,contemporary art,is found in movements table
48,35520,is added in human_movement table
48,35520,is found in human_movement table
37702,Jack Goldstein,✅ Found to fetch entity
104,Minimalism,is found in movements table
104,37702,is added in human_movement table
104,37702,is found in human_movement table
38041,François Dufrêne,✅ Found to fetch entity
40411,Pieter Hugo,✅ Found to fetch entity
40740,Joseph Sattler,✅ Found to fetch entity
41378,Max Schwimmer,✅ Found to fetch entity
45081,Aaron Douglas,✅ Found to fetch entity
38,Harlem Renaissance,is found in movements table
38,45081,is added in human_movement table
38,45081,is found in human_movement table
46890,Keith Allen,✅ Found to fetch entity
47887,Chen Zhen,✅ Found to fetch entity
66256,Arthur Tress,✅ Found to fetch entity
67285,Keiichi Tanaami,✅ Found to fetch entity
8,pop art,is found in movements table
8,67285,is added in human_movement table
8,67285,is found in human_movement table
67872,Joseph-Philibert Girault de Prangey,✅ Found to fetch entity
69988,Trevor Paglen,✅ Found to fetch entity
106,Alan Aldridge,✅ Found to fetch entity
115,Yves Alix,✅ Found to fetch entity
343,Tina Barney,✅ Found to fetch entity
449,John Bellany,✅ Found to fetch entity
654,Bona,✅ Found to fetch entity
762,Joseph Breitenbach,✅ Found to fetch entity
811,Roger Brown,✅ Found to fetch entity
222,Chicago Imagists,is found in movements table
222,811,is added in human_movement table
222,811,is found in human_movement table
977,Jean Carlu,✅ Found to fetch entity
1111,Gilles-Louis Chrétien,✅ Found to fetch entity
1203,Alex Colville,✅ Found to fetch entity
1327,Gordon Cullen,✅ Found to fetch entity
1424,José De Creeft,✅ Found to fetch entity
1916,Claude Flight,✅ Found to fetch entity
1943,Raquel Forner,✅ Found to fetch entity
7,Expressionism,is found in movements table
7,1943,is added in human_movement table
7,1943,is found in human_movement table
2547,"Clementina, Lady Hawarden",✅ Found to fetch entity
2616,Jacques Hérold,✅ Found to fetch entity
3,Surrealism,is found in movements table
3,2616,is added in human_movement table
3,2616,is found in human_movement table
129,Tachisme,is found in movements table
129,2616,is added in human_movement table
129,2616,is found in human_movement table
3171,Archibald Knox,✅ Found to fetch entity
3250,Leon Krier,✅ Found to fetch entity
3305,William Kurelek,✅ Found to fetch entity
3660,Robert MacBryde,✅ Found to fetch entity
3724,Sylvia Plimack Mangold,✅ Found to fetch entity
3838,Toshio Matsumoto,✅ Found to fetch entity
3948,Ray K. Metzker,✅ Found to fetch entity
3985,Kenneth Hayes Miller,✅ Found to fetch entity
4021,Léonard Misonne,✅ Found to fetch entity
110,pictorialism,is found in movements table
110,4021,is added in human_movement table
110,4021,is found in human_movement table
4354,Roderic O'Conor,✅ Found to fetch entity
28,Pont-Aven School,is found in movements table
28,4354,is added in human_movement table
28,4354,is found in human_movement table
4822,William H. Rau,✅ Found to fetch entity
4837,Bernard Reder,✅ Found to fetch entity
4998,Milton Rogovin,✅ Found to fetch entity
5093,Morgan Russell,✅ Found to fetch entity
230,Synchromism,is found in movements table
230,5093,is added in human_movement table
230,5093,is found in human_movement table
5128,Axel Salto,✅ Found to fetch entity
5340,Eusebio Sempere,✅ Found to fetch entity
81,kinetic art,is found in movements table
81,5340,is added in human_movement table
81,5340,is found in human_movement table
5537,Sergei Soudeikine,✅ Found to fetch entity
11,Symbolism,is found in movements table
11,5537,is added in human_movement table
11,5537,is found in human_movement table
5548,Moses Soyer,✅ Found to fetch entity
65,social realism,is found in movements table
65,5548,is added in human_movement table
65,5548,is found in human_movement table
5656,Joel Sternfeld,✅ Found to fetch entity
5726,Donald Sultan,✅ Found to fetch entity
8,pop art,is found in movements table
8,5726,is added in human_movement table
8,5726,is found in human_movement table
5747,Max Walter Svanberg,✅ Found to fetch entity
5844,Joan Josep Tharrats,✅ Found to fetch entity
5894,Henryk Tomaszewski,✅ Found to fetch entity
5900,George Tooker,✅ Found to fetch entity
5932,Hann Trier,✅ Found to fetch entity
5980,Benjamin Brecknell Turner,✅ Found to fetch entity
6000,Shoji Ueda,✅ Found to fetch entity
6078,Willard Van Dyke,✅ Found to fetch entity
6150,Roger Vieillard,✅ Found to fetch entity
6631,Rémy Zaugg,✅ Found to fetch entity
6680,Hans Christiansen,✅ Found to fetch entity
6950,Peter Cook,✅ Found to fetch entity
7130,Karin Sander,✅ Found to fetch entity
7662,Franz Erhard Walther,✅ Found to fetch entity
7803,Frederick Franck,✅ Found to fetch entity
7999,Marc Newson,✅ Found to fetch entity
8149,Konstantin Grcic,✅ Found to fetch entity
8190,Catherine Opie,✅ Found to fetch entity
48,contemporary art,is found in movements table
48,8190,is added in human_movement table
48,8190,is found in human_movement table
8196,Lygia Pape,✅ Found to fetch entity
151,concrete art,is found in movements table
151,8196,is added in human_movement table
151,8196,is found in human_movement table
8470,John Bock,✅ Found to fetch entity
17697,Wayne Miller,✅ Found to fetch entity
22936,Darren Almond,✅ Found to fetch entity
24589,Hans Finsler,✅ Found to fetch entity
25181,Michaël Borremans,✅ Found to fetch entity
28614,Marcel van Eeden,✅ Found to fetch entity
30946,Sanja Iveković,✅ Found to fetch entity
56,feminist art,is found in movements table
56,30946,is added in human_movement table
56,30946,is found in human_movement table
31013,Doron Rabinovici,✅ Found to fetch entity
32758,Zhang Huan,✅ Found to fetch entity
23,conceptual art,is found in movements table
23,32758,is added in human_movement table
23,32758,is found in human_movement table
32825,Nalini Malani,✅ Found to fetch entity
34551,Haim Steinbach,✅ Found to fetch entity
34890,Péter Forgács,✅ Found to fetch entity
34947,Mark Romanek,✅ Found to fetch entity
37569,Cecilia Vicuña,✅ Found to fetch entity
241,ecofeminism,is added movements table
241,ecofeminism,is found in movements table
241,37569,is added in human_movement table
241,37569,is found in human_movement table
48,contemporary art,is found in movements table
48,37569,is added in human_movement table
48,37569,is found in human_movement table
155,feminism,is found in movements table
155,37569,is added in human_movement table
155,37569,is found in human_movement table
40902,David Tremlett,✅ Found to fetch entity
48,contemporary art,is found in movements table
48,40902,is added in human_movement table
48,40902,is found in human_movement table
45115,Diane Wakoski,✅ Found to fetch entity
45943,Wenzel Hablik,✅ Found to fetch entity
7,Expressionism,is found in movements table
7,45943,is added in human_movement table
7,45943,is found in human_movement table
46872,Billy Childish,✅ Found to fetch entity
48,contemporary art,is found in movements table
48,46872,is added in human_movement table
48,46872,is found in human_movement table
46880,Lee Ranaldo,✅ Found to fetch entity
68833,Zandra Rhodes,✅ Found to fetch entity
133249,Philip Jones Griffiths,✅ Found to fetch entity
137038,Robert Benayoun,✅ Found to fetch entity
47,Raimund Abraham,✅ Found to fetch entity
58,Antoine Samuel Adam-Salomon,✅ Found to fetch entity
262,Johannes Baader,✅ Found to fetch entity
22,Dada,is found in movements table
22,262,is added in human_movement table
22,262,is found in human_movement table
716,Henri Boutet,✅ Found to fetch entity
788,Alexey Brodovitch,✅ Found to fetch entity
944,Peter Campus,✅ Found to fetch entity
1469,Ad Dekkers,✅ Found to fetch entity
1471,Lucio Del Pezzo,✅ Found to fetch entity
1585,Enrico Donati,✅ Found to fetch entity
87,abstract expressionism,is found in movements table
87,1585,is added in human_movement table
87,1585,is found in human_movement table
1601,Gianni Dova,✅ Found to fetch entity
1673,Josef Eberz,✅ Found to fetch entity
1955,Fougasse (Cyril Kenneth Bird),✅ Found to fetch entity
2250,Jean Gorin,✅ Found to fetch entity
161,neoplasticism,is found in movements table
161,2250,is added in human_movement table
161,2250,is found in human_movement table
2336,Ezio Gribaudo,✅ Found to fetch entity
2651,John Hillers,✅ Found to fetch entity
2745,Max Huber,✅ Found to fetch entity
2968,Jacob Kainen,✅ Found to fetch entity
87,abstract expressionism,is found in movements table
87,2968,is added in human_movement table
87,2968,is found in human_movement table
3104,Phillip King,✅ Found to fetch entity
64,abstract art,is found in movements table
64,3104,is added in human_movement table
64,3104,is found in human_movement table
48,contemporary art,is found in movements table
48,3104,is added in human_movement table
48,3104,is found in human_movement table
3249,Norbert Kricke,✅ Found to fetch entity
64,abstract art,is found in movements table
64,3249,is added in human_movement table
64,3249,is found in human_movement table
55,Nouveau réalisme,is found in movements table
55,3249,is added in human_movement table
55,3249,is found in human_movement table
3400,Ibram Lassaw,✅ Found to fetch entity
87,abstract expressionism,is found in movements table
87,3400,is added in human_movement table
87,3400,is found in human_movement table
3446,Christopher Le Brun,✅ Found to fetch entity
3848,Jan Matulka,✅ Found to fetch entity
3858,Almir Mavignier,✅ Found to fetch entity
3888,John McLaughlin,✅ Found to fetch entity
134,hard-edge painting,is found in movements table
134,3888,is added in human_movement table
134,3888,is found in human_movement table
3902,Clement Meadmore,✅ Found to fetch entity
3979,Gjon Mili,✅ Found to fetch entity
4441,Alfonso Ossorio,✅ Found to fetch entity
87,abstract expressionism,is found in movements table
87,4441,is added in human_movement table
87,4441,is found in human_movement table
4635,Horace Pippin,✅ Found to fetch entity
79,naïve art,is found in movements table
79,4635,is added in human_movement table
79,4635,is found in human_movement table
4680,Joan Ponç,✅ Found to fetch entity
4779,David Rabinowitch,✅ Found to fetch entity
5116,Kiyoshi Saito,✅ Found to fetch entity
5441,Charles Simonds,✅ Found to fetch entity
5607,Franciszek Starowieyski,✅ Found to fetch entity
5671,Niklaus Stoecklin,✅ Found to fetch entity
6190,Jan Voss,✅ Found to fetch entity
6223,Abraham Walkowitz,✅ Found to fetch entity
92,American modernism,is found in movements table
92,6223,is added in human_movement table
92,6223,is found in human_movement table
6251,Bradford Washburn,✅ Found to fetch entity
6269,Robert Watts,✅ Found to fetch entity
12,Fluxus,is found in movements table
12,6269,is added in human_movement table
12,6269,is found in human_movement table
6351,Jack Whitten,✅ Found to fetch entity
87,abstract expressionism,is found in movements table
87,6351,is added in human_movement table
87,6351,is found in human_movement table
6468,Richard Wyndham,✅ Found to fetch entity
6509,Toshi Yoshida,✅ Found to fetch entity
242,shin-hanga,is added movements table
242,shin-hanga,is found in movements table
242,6509,is added in human_movement table
242,6509,is found in human_movement table
243,Yōga,is added movements table
243,Yōga,is found in movements table
243,6509,is added in human_movement table
243,6509,is found in human_movement table
6524,Jack Youngerman,✅ Found to fetch entity
134,hard-edge painting,is found in movements table
134,6524,is added in human_movement table
134,6524,is found in human_movement table
6683,Ernest Laurent,✅ Found to fetch entity
6706,Jules Flandrin,✅ Found to fetch entity
7115,Tony Bevan,✅ Found to fetch entity
7626,Patrick Ireland,✅ Found to fetch entity
7835,Peter Klasen,✅ Found to fetch entity
175,Figuration narrative,is found in movements table
175,7835,is added in human_movement table
175,7835,is found in human_movement table
8156,Beat Streuli,✅ Found to fetch entity
8170,Gordon Bunshaft,✅ Found to fetch entity
6,modernism,is found in movements table
6,8170,is added in human_movement table
6,8170,is found in human_movement table
8197,Shahzia Sikander,✅ Found to fetch entity
8288,Richard Billingham,✅ Found to fetch entity
8292,Janine Antoni,✅ Found to fetch entity
218,feminist art movement,is found in movements table
218,8292,is added in human_movement table
218,8292,is found in human_movement table
48,contemporary art,is found in movements table
48,8292,is added in human_movement table
48,8292,is found in human_movement table
8373,Betty Goodwin,✅ Found to fetch entity
8479,Beatriz Milhazes,✅ Found to fetch entity
6,modernism,is found in movements table
6,8479,is added in human_movement table
6,8479,is found in human_movement table
8514,Rene Portocarrero,✅ Found to fetch entity
12614,Harold Rosenberg,✅ Found to fetch entity
23016,Ken Lum,✅ Found to fetch entity
23,conceptual art,is found in movements table
23,23016,is added in human_movement table
23,23016,is found in human_movement table
23528,Lado Gudiashvili,✅ Found to fetch entity
220,avant-garde,is found in movements table
220,23528,is added in human_movement table
220,23528,is found in human_movement table
140,realism,is found in movements table
140,23528,is added in human_movement table
140,23528,is found in human_movement table
26103,Thomas Scheibitz,✅ Found to fetch entity
26516,Robert Polidori,✅ Found to fetch entity
27447,Armando Reverón,✅ Found to fetch entity
41,Art Nouveau,is found in movements table
41,27447,is added in human_movement table
41,27447,is found in human_movement table
28426,Shirana Shahbazi,✅ Found to fetch entity
48,contemporary art,is found in movements table
48,28426,is added in human_movement table
48,28426,is found in human_movement table
28568,Monica Bonvicini,✅ Found to fetch entity
29982,stanley brouwn,✅ Found to fetch entity
31074,Cerith Wyn Evans,✅ Found to fetch entity
32885,Ron Galella,✅ Found to fetch entity
33646,Willie Doherty,✅ Found to fetch entity
34619,El Anatsui,✅ Found to fetch entity
48,contemporary art,is found in movements table
48,34619,is added in human_movement table
48,34619,is found in human_movement table
34809,Joan La Barbara,✅ Found to fetch entity
34897,Richard Foreman,✅ Found to fetch entity
34930,Zacharias Kunuk,✅ Found to fetch entity
36077,Judit Reigl,✅ Found to fetch entity
37368,Dankmar Adler,✅ Found to fetch entity
38463,Gerd Arntz,✅ Found to fetch entity
40737,Maxime Dethomas,✅ Found to fetch entity
4,Post-impressionism,is found in movements table
4,40737,is added in human_movement table
4,40737,is found in human_movement table
43090,Julius Klinger,✅ Found to fetch entity
43295,Charlotte Moorman,✅ Found to fetch entity
12,Fluxus,is found in movements table
12,43295,is added in human_movement table
12,43295,is found in human_movement table
183,Mail-Art,is found in movements table
183,43295,is added in human_movement table
183,43295,is found in human_movement table
44206,Emil Schulthess,✅ Found to fetch entity
47022,Hélène Binet,✅ Found to fetch entity
47645,Fabrizio Plessi,✅ Found to fetch entity
48181,Harrison Fisher,✅ Found to fetch entity
102,capitalist realism,is found in movements table
102,48181,is added in human_movement table
102,48181,is found in human_movement table
69827,Brian O'Doherty,✅ Found to fetch entity
75460,Charles Correa,✅ Found to fetch entity
190,Thomas Annan,✅ Found to fetch entity
547,Fulvio Bianconi,✅ Found to fetch entity
553,George Biddle,✅ Found to fetch entity
615,Anna Blume,✅ Found to fetch entity
806,James Brown,✅ Found to fetch entity
821,Patrick Henry Bruce,✅ Found to fetch entity
1,Cubism,is found in movements table
1,821,is added in human_movement table
1,821,is found in human_movement table
1027,Federico Castellon,✅ Found to fetch entity
1072,Chargesheimer (Karl-Heinz Hargesheimer),✅ Found to fetch entity
1277,Robert Couturier,✅ Found to fetch entity
1392,Judy Dater,✅ Found to fetch entity
56,feminist art,is found in movements table
56,1392,is added in human_movement table
56,1392,is found in human_movement table
1920,Thomas Florschuetz,✅ Found to fetch entity
1967,Franck,✅ Found to fetch entity
2266,Friedrich Karl Gotsch,✅ Found to fetch entity
2464,Marshall Hall,✅ Found to fetch entity
2615,Georg Herold,✅ Found to fetch entity
48,contemporary art,is found in movements table
48,2615,is added in human_movement table
48,2615,is found in human_movement table
2912,Oscar Jespers,✅ Found to fetch entity
3123,Poul Kjærholm,✅ Found to fetch entity
3200,Stanislav Kolibal,✅ Found to fetch entity
3319,Pavel Kuznetsov,✅ Found to fetch entity
145,Orientalism,is found in movements table
145,3319,is added in human_movement table
145,3319,is found in human_movement table
11,Symbolism,is found in movements table
11,3319,is added in human_movement table
11,3319,is found in human_movement table
3344,Gerald Laing,✅ Found to fetch entity
8,pop art,is found in movements table
8,3344,is added in human_movement table
8,3344,is found in human_movement table
3518,Leon Levinstein,✅ Found to fetch entity
3584,Maurice Loewy,✅ Found to fetch entity
3617,Louis Lozowick,✅ Found to fetch entity
50,Constructivism,is found in movements table
50,3617,is added in human_movement table
50,3617,is found in human_movement table
3752,Jean Marchand,✅ Found to fetch entity
4,Post-impressionism,is found in movements table
4,3752,is added in human_movement table
4,3752,is found in human_movement table
3857,Achille Mauzan,✅ Found to fetch entity
3862,Roger Mayne,✅ Found to fetch entity
4014,Antoni Miralda,✅ Found to fetch entity
4050,Guido Molinari,✅ Found to fetch entity
4400,Nathan Oliveira,✅ Found to fetch entity
4411,Gordon Onslow-Ford,✅ Found to fetch entity
3,Surrealism,is found in movements table
3,4411,is added in human_movement table
3,4411,is found in human_movement table
4560,Achille Perilli,✅ Found to fetch entity
95,Movimento Arte Concreta,is found in movements table
95,4560,is added in human_movement table
95,4560,is found in human_movement table
4577,Hippolyte Petitjean,✅ Found to fetch entity
26,pointillism,is found in movements table
26,4577,is added in human_movement table
26,4577,is found in human_movement table
5260,Georg Scholz,✅ Found to fetch entity
7,Expressionism,is found in movements table
7,5260,is added in human_movement table
7,5260,is found in human_movement table
5447,Raghubir Singh,✅ Found to fetch entity
5488,Leon Polk Smith,✅ Found to fetch entity
46,De Stijl,is found in movements table
46,5488,is added in human_movement table
46,5488,is found in human_movement table
134,hard-edge painting,is found in movements table
134,5488,is added in human_movement table
134,5488,is found in human_movement table
5518,Skidmore Owings & Merrill,✅ Found to fetch entity
5682,Lou Stoumen,✅ Found to fetch entity
5827,Hervé Télémaque,✅ Found to fetch entity
6048,John Vachon,✅ Found to fetch entity
6460,Russel Wright,✅ Found to fetch entity
6783,Helen Escobedo,✅ Found to fetch entity
6871,Else Alfelt,✅ Found to fetch entity
114,COBRA,is found in movements table
114,6871,is added in human_movement table
114,6871,is found in human_movement table
6872,Ejler Bille,✅ Found to fetch entity
6917,Abelardo Morell,✅ Found to fetch entity
7817,Cady Noland,✅ Found to fetch entity
7827,Uta Barth,✅ Found to fetch entity
8302,Suzanne Duchamp,✅ Found to fetch entity
22,Dada,is found in movements table
22,8302,is added in human_movement table
22,8302,is found in human_movement table
8655,Linnaeus Tripe,✅ Found to fetch entity
9897,Maurice Rheims,✅ Found to fetch entity
12610,Peter Viereck,✅ Found to fetch entity
13470,Ivan Kliun,✅ Found to fetch entity
90,Russian avant-garde,is found in movements table
90,13470,is added in human_movement table
90,13470,is found in human_movement table
89,Suprematism,is found in movements table
89,13470,is added in human_movement table
89,13470,is found in human_movement table
50,Constructivism,is found in movements table
50,13470,is added in human_movement table
50,13470,is found in human_movement table
29622,Anri Sala,✅ Found to fetch entity
30660,Artur Zmijewski,✅ Found to fetch entity
31072,Krzysztof Wodiczko,✅ Found to fetch entity
32800,Alan Charlton,✅ Found to fetch entity
35579,Nan Hoover,✅ Found to fetch entity
87,abstract expressionism,is found in movements table
87,35579,is added in human_movement table
87,35579,is found in human_movement table
3,Surrealism,is found in movements table
3,35579,is added in human_movement table
3,35579,is found in human_movement table
36999,Genpei Akasegawa,✅ Found to fetch entity
12,Fluxus,is found in movements table
12,36999,is added in human_movement table
12,36999,is found in human_movement table
40994,Beauford Delaney,✅ Found to fetch entity
38,Harlem Renaissance,is found in movements table
38,40994,is added in human_movement table
38,40994,is found in human_movement table
41616,Jean Degottex,✅ Found to fetch entity
45069,Christina Kubisch,✅ Found to fetch entity
46757,Fred Stein,✅ Found to fetch entity
49488,Deborah Turbeville,✅ Found to fetch entity
56,feminist art,is found in movements table
56,49488,is added in human_movement table
56,49488,is found in human_movement table
67831,Paul Renner,✅ Found to fetch entity
201,functionalism,is found in movements table
201,67831,is added in human_movement table
201,67831,is found in human_movement table
69650,Franciska Clausen,✅ Found to fetch entity
42,New Objectivity,is found in movements table
42,69650,is added in human_movement table
42,69650,is found in human_movement table
137029,Ruth Francken,✅ Found to fetch entity
137057,Eva Švankmajerová,✅ Found to fetch entity
138522,Erwin Heerich,✅ Found to fetch entity
165,James Anderson,✅ Found to fetch entity
184,Ludwig Angerer,✅ Found to fetch entity
407,Gifford Beal,✅ Found to fetch entity
590,Jean-Charles Blais,✅ Found to fetch entity
844,Erich Buchholz,✅ Found to fetch entity
7,Expressionism,is found in movements table
7,844,is added in human_movement table
7,844,is found in human_movement table
866,Pierre Buraglio,✅ Found to fetch entity
869,Max Burchartz,✅ Found to fetch entity
1003,Carybé (Hector Bernabó),✅ Found to fetch entity
1044,Bruno Ceccobelli,✅ Found to fetch entity
1091,Ivan Chermayeff,✅ Found to fetch entity
1197,Ithell Colquhoun,✅ Found to fetch entity
3,Surrealism,is found in movements table
3,1197,is added in human_movement table
3,1197,is found in human_movement table
1605,Rackstraw Downes,✅ Found to fetch entity
1908,John Flannagan,✅ Found to fetch entity
2325,Timothy Greenfield-Sanders,✅ Found to fetch entity
2591,Geoffrey Hendricks,✅ Found to fetch entity
12,Fluxus,is found in movements table
12,2591,is added in human_movement table
12,2591,is found in human_movement table
2937,Robert Edmond Jones,✅ Found to fetch entity
3094,Chris Killip,✅ Found to fetch entity
49,humanistic photography,is found in movements table
49,3094,is added in human_movement table
49,3094,is found in human_movement table
3205,Vitaly Komar,✅ Found to fetch entity
3444,Jan Lebenstein,✅ Found to fetch entity
3549,Jerome Liebling,✅ Found to fetch entity
3615,Lee Lozano,✅ Found to fetch entity
3834,Mikhail Matiushin,✅ Found to fetch entity
3859,Peter Max,✅ Found to fetch entity
8,pop art,is found in movements table
8,3859,is added in human_movement table
8,3859,is found in human_movement table
3876,John McCracken,✅ Found to fetch entity
104,Minimalism,is found in movements table
104,3876,is added in human_movement table
104,3876,is found in human_movement table
3964,Robert Michel,✅ Found to fetch entity
4249,Otto Nebel,✅ Found to fetch entity
87,abstract expressionism,is found in movements table
87,4249,is added in human_movement table
87,4249,is found in human_movement table
4314,Costantino Nivola,✅ Found to fetch entity
4460,Guy Pène du Bois,✅ Found to fetch entity
4484,Ivo Pannaggi,✅ Found to fetch entity
4605,Celestino Piatti,✅ Found to fetch entity
4645,Armando Pizzinato,✅ Found to fetch entity
4734,Ken Price,✅ Found to fetch entity
4804,Rammellzee,✅ Found to fetch entity
5030,Judith Joy Ross,✅ Found to fetch entity
5132,Auguste Salzmann,✅ Found to fetch entity
5681,John Storrs,✅ Found to fetch entity
5799,Atsuko Tanaka,✅ Found to fetch entity
64,abstract art,is found in movements table
64,5799,is added in human_movement table
64,5799,is found in human_movement table
5874,Anna Ticho,✅ Found to fetch entity
5938,Ernest Trova,✅ Found to fetch entity
64,abstract art,is found in movements table
64,5938,is added in human_movement table
64,5938,is found in human_movement table
8,pop art,is found in movements table
8,5938,is added in human_movement table
8,5938,is found in human_movement table
6005,Timm Ulrichs,✅ Found to fetch entity
6175,Louis Vivin,✅ Found to fetch entity
6366,Marguerite Wildenhain,✅ Found to fetch entity
6873,Jacques Doucet,✅ Found to fetch entity
6876,Egill Jacobsen,✅ Found to fetch entity
6914,Bruce Gilden,✅ Found to fetch entity
7160,Geoffrey James,✅ Found to fetch entity
7546,Angus Fairhurst,✅ Found to fetch entity
48,contemporary art,is found in movements table
48,7546,is added in human_movement table
48,7546,is found in human_movement table
7846,Bernard Rancillac,✅ Found to fetch entity
8132,Jorge Pardo,✅ Found to fetch entity
11993,Joyce Mansour,✅ Found to fetch entity
3,Surrealism,is found in movements table
3,11993,is added in human_movement table
3,11993,is found in human_movement table
14423,Kiki Kogelnik,✅ Found to fetch entity
8,pop art,is found in movements table
8,14423,is added in human_movement table
8,14423,is found in human_movement table
56,feminist art,is found in movements table
56,14423,is added in human_movement table
56,14423,is found in human_movement table
22701,Olga de Amaral,✅ Found to fetch entity
23313,Boris Anisfeld,✅ Found to fetch entity
24572,Gregor Schneider,✅ Found to fetch entity
28439,Carlos Garaicoa,✅ Found to fetch entity
28538,Tomma Abts,✅ Found to fetch entity
29439,Mangelos (Dimitrije Bašičević),✅ Found to fetch entity
29857,Michel Majerus,✅ Found to fetch entity
31648,Ursula von Rydingsvard,✅ Found to fetch entity
31677,Ceal Floyer,✅ Found to fetch entity
33693,Irma Boom,✅ Found to fetch entity
34908,Simone Forti,✅ Found to fetch entity
35525,Jean-Baptiste Mondino,✅ Found to fetch entity
35953,Silvia Bächli,✅ Found to fetch entity
37083,Vera Molnar,✅ Found to fetch entity
37620,Mickalene Thomas,✅ Found to fetch entity
48,contemporary art,is found in movements table
48,37620,is added in human_movement table
48,37620,is found in human_movement table
38715,Karen Finley,✅ Found to fetch entity
40410,Alec Soth,✅ Found to fetch entity
41212,Taryn Simon,✅ Found to fetch entity
48,contemporary art,is found in movements table
48,41212,is added in human_movement table
48,41212,is found in human_movement table
42340,Martin Boyce,✅ Found to fetch entity
42696,Albert Mertz,✅ Found to fetch entity
45792,John McDowell,✅ Found to fetch entity
46384,Jorge Castillo,✅ Found to fetch entity
48066,Michele De Lucchi,✅ Found to fetch entity
48321,Ian McKeever,✅ Found to fetch entity
48895,Rafael Barradas,✅ Found to fetch entity
67740,Tseng Kwong Chi,✅ Found to fetch entity
133285,Jason Moran,✅ Found to fetch entity
135950,Jorge Castillo,✅ Found to fetch entity
137006,Andrei Codrescu,✅ Found to fetch entity
83,Olympe Aguado de las Marismas,✅ Found to fetch entity
155,William Anastasi,✅ Found to fetch entity
175,Pat Andrea,✅ Found to fetch entity
505,Wallace Berman,✅ Found to fetch entity
32,Beat Generation,is found in movements table
32,505,is added in human_movement table
32,505,is found in human_movement table
1195,Gianni Colombo,✅ Found to fetch entity
1567,Eugène Dodeigne,✅ Found to fetch entity
136,unknown,is found in movements table
136,1567,is added in human_movement table
136,1567,is found in human_movement table
1617,Werner Drewes,✅ Found to fetch entity
1685,Melvin Edwards,✅ Found to fetch entity
1767,Sorel Etrog,✅ Found to fetch entity
64,abstract art,is found in movements table
64,1767,is added in human_movement table
64,1767,is found in human_movement table
1786,Agenore Fabbri,✅ Found to fetch entity
1799,Wojciech Fangor,✅ Found to fetch entity
1870,Ernest Fiene,✅ Found to fetch entity
2065,Abram Games,✅ Found to fetch entity
2340,Franco Grignani,✅ Found to fetch entity
2435,Terry Haass,✅ Found to fetch entity
2497,Charles Harbutt,✅ Found to fetch entity
2529,Kiyoshi Hasegawa,✅ Found to fetch entity
2557,Frank Jay Haynes,✅ Found to fetch entity
2767,Bryan Hunt,✅ Found to fetch entity
2769,Richard Hunt,✅ Found to fetch entity
2911,Floris Jespers,✅ Found to fetch entity
3253,Les Krims,✅ Found to fetch entity
3262,Leon Kroll,✅ Found to fetch entity
3474,Annette Lemieux,✅ Found to fetch entity
48,contemporary art,is found in movements table
48,3474,is added in human_movement table
48,3474,is found in human_movement table
3524,Norman Lewis,✅ Found to fetch entity
87,abstract expressionism,is found in movements table
87,3524,is added in human_movement table
87,3524,is found in human_movement table
3566,Richard Lippold,✅ Found to fetch entity
3904,Friedrich Meckseper,✅ Found to fetch entity
3974,Josef Mikl,✅ Found to fetch entity
4255,Édgar Negret,✅ Found to fetch entity
4520,Benjamin Patterson,✅ Found to fetch entity
12,Fluxus,is found in movements table
12,4520,is added in human_movement table
12,4520,is found in human_movement table
4547,Edward Penfield,✅ Found to fetch entity
4594,Judy Pfaff,✅ Found to fetch entity
4611,Ivan Picelj,✅ Found to fetch entity
4619,Pierre-Louis Pierson,✅ Found to fetch entity
4717,Cyril Edward Power,✅ Found to fetch entity
6,modernism,is found in movements table
6,4717,is added in human_movement table
6,4717,is found in human_movement table
4749,Otto Prutscher,✅ Found to fetch entity
4827,Antonin Raymond,✅ Found to fetch entity
4879,Charles Reutlinger,✅ Found to fetch entity
4890,Serge Rezvani,✅ Found to fetch entity
4959,James Robertson,✅ Found to fetch entity
145,Orientalism,is found in movements table
145,4959,is added in human_movement table
145,4959,is found in human_movement table
5184,Angelo Savelli,✅ Found to fetch entity
5517,Rosalind Fox Solomon,✅ Found to fetch entity
5803,Tancredi (Tancredi Parmeggiani),✅ Found to fetch entity
5856,André Thomkins,✅ Found to fetch entity
5935,Heinz Trökes,✅ Found to fetch entity
6271,June Wayne,✅ Found to fetch entity
56,feminist art,is found in movements table
56,6271,is added in human_movement table
56,6271,is found in human_movement table
6354,Jan Wiegers,✅ Found to fetch entity
7,Expressionism,is found in movements table
7,6354,is added in human_movement table
7,6354,is found in human_movement table
6530,Adolf Zabransky,✅ Found to fetch entity
6589,Francisco Zúñiga,✅ Found to fetch entity
6603,Jan Vercruysse,✅ Found to fetch entity
7391,Marisa Merz,✅ Found to fetch entity
56,feminist art,is found in movements table
56,7391,is added in human_movement table
56,7391,is found in human_movement table
143,Arte Povera,is found in movements table
143,7391,is added in human_movement table
143,7391,is found in human_movement table
7425,William Lescaze,✅ Found to fetch entity
7588,Marcel Wanders,✅ Found to fetch entity
7630,Hale Woodruff,✅ Found to fetch entity
7638,Roger Ballen,✅ Found to fetch entity
7829,Kurt Kranz,✅ Found to fetch entity
7902,Kenzo Okada,✅ Found to fetch entity
8059,Lilly Reich,✅ Found to fetch entity
57,Neues Bauen,is found in movements table
57,8059,is added in human_movement table
57,8059,is found in human_movement table
24505,Werner Mantz,✅ Found to fetch entity
24533,Oskar Nerlinger,✅ Found to fetch entity
24585,Clarence Sinclair Bull,✅ Found to fetch entity
28505,Martin Creed,✅ Found to fetch entity
48,contemporary art,is found in movements table
48,28505,is added in human_movement table
48,28505,is found in human_movement table
28724,Jonathan Monk,✅ Found to fetch entity
48,contemporary art,is found in movements table
48,28724,is added in human_movement table
48,28724,is found in human_movement table
30926,Renée Green,✅ Found to fetch entity
30967,Elke Krystufek,✅ Found to fetch entity
31420,Nancy Grossman,✅ Found to fetch entity
56,feminist art,is found in movements table
56,31420,is added in human_movement table
56,31420,is found in human_movement table
31421,Marcel Bovis,✅ Found to fetch entity
33845,John Hubley,✅ Found to fetch entity
34428,Ernesto Nathan Rogers,✅ Found to fetch entity
37964,Charles Henri Ford,✅ Found to fetch entity
38676,Rita Ackermann,✅ Found to fetch entity
87,abstract expressionism,is found in movements table
87,38676,is added in human_movement table
87,38676,is found in human_movement table
40742,Gustave Le Rouge,✅ Found to fetch entity
41278,Akram Zaatari,✅ Found to fetch entity
41568,Serge Vandercam,✅ Found to fetch entity
42599,Robyn Miller,✅ Found to fetch entity
46319,Martin Sharp,✅ Found to fetch entity
46783,Chris Frantz,✅ Found to fetch entity
48276,James Gleeson,✅ Found to fetch entity
3,Surrealism,is found in movements table
3,48276,is added in human_movement table
3,48276,is found in human_movement table
65518,Pierre Roche,✅ Found to fetch entity
67095,Samuel Fosso,✅ Found to fetch entity
69596,Jay Haley,✅ Found to fetch entity
74308,Raghu Rai,✅ Found to fetch entity
134482,Martin Barré,✅ Found to fetch entity
269,Elvira Bach,✅ Found to fetch entity
518,Janez Bernik,✅ Found to fetch entity
679,Norah Borges de Torre,✅ Found to fetch entity
1278,Wessel Couzijn,✅ Found to fetch entity
7,Expressionism,is found in movements table
7,1278,is added in human_movement table
7,1278,is found in human_movement table
1284,Jan Cox,✅ Found to fetch entity
1358,Karl Fred Dahmen,✅ Found to fetch entity
1423,Louis De Clercq,✅ Found to fetch entity
1678,Don Eddy,✅ Found to fetch entity
210,photorealism,is found in movements table
210,1678,is added in human_movement table
210,1678,is found in human_movement table
1972,Mary Frank,✅ Found to fetch entity
2045,Johannes Gachnang,✅ Found to fetch entity
2093,Simon Gate,✅ Found to fetch entity
2115,Hugo Gellert,✅ Found to fetch entity
2134,Moshe Gershuni,✅ Found to fetch entity
2177,Alberto Gironella,✅ Found to fetch entity
2204,Henri Goetz,✅ Found to fetch entity
3,Surrealism,is found in movements table
3,2204,is added in human_movement table
3,2204,is found in human_movement table
2388,Max Gubler,✅ Found to fetch entity
2469,Samuel Halpert,✅ Found to fetch entity
2652,Tristram Hillier,✅ Found to fetch entity
2879,Shirley Jaffe,✅ Found to fetch entity
3092,Ken Kiff,✅ Found to fetch entity
3106,Dong Kingman,✅ Found to fetch entity
3714,Jeanne Mammen,✅ Found to fetch entity
3751,André Marchand,✅ Found to fetch entity
3794,Mary Martin,✅ Found to fetch entity
64,abstract art,is found in movements table
64,3794,is added in human_movement table
64,3794,is found in human_movement table
3881,Rory McEwen,✅ Found to fetch entity
4181,Gerald Murphy,✅ Found to fetch entity
4340,Gastone Novelli,✅ Found to fetch entity
4348,Jim Nutt,✅ Found to fetch entity
4495,Jean-Luc Parant,✅ Found to fetch entity
4650,Hans Platschek,✅ Found to fetch entity
4821,Abraham Rattner,✅ Found to fetch entity
7,Expressionism,is found in movements table
7,4821,is added in human_movement table
7,4821,is found in human_movement table
4873,Milton Resnick,✅ Found to fetch entity
87,abstract expressionism,is found in movements table
87,4873,is added in human_movement table
87,4873,is found in human_movement table
124,New York School,is found in movements table
124,4873,is added in human_movement table
124,4873,is found in human_movement table
4886,Alan Reynolds,✅ Found to fetch entity
4943,Manuel Rivera,✅ Found to fetch entity
4972,Dorothea Rockburne,✅ Found to fetch entity
5091,Andrew Joseph Russell,✅ Found to fetch entity
5501,Joan Snyder,✅ Found to fetch entity
56,feminist art,is found in movements table
56,5501,is added in human_movement table
56,5501,is found in human_movement table
5559,Eugene Speicher,✅ Found to fetch entity
5676,Edward Durell Stone,✅ Found to fetch entity
137,postmodern architecture,is found in movements table
137,5676,is added in human_movement table
137,5676,is found in human_movement table
5873,George A. Tice,✅ Found to fetch entity
6442,Charles Herbert Woodbury,✅ Found to fetch entity
6581,Marguerite Zorach,✅ Found to fetch entity
6,modernism,is found in movements table
6,6581,is added in human_movement table
6,6581,is found in human_movement table
2,Fauvism,is found in movements table
2,6581,is added in human_movement table
2,6581,is found in human_movement table
6654,Philip Taaffe,✅ Found to fetch entity
7067,Alison Saar,✅ Found to fetch entity
48,contemporary art,is found in movements table
48,7067,is added in human_movement table
48,7067,is found in human_movement table
7077,Gustav Stickley,✅ Found to fetch entity
8051,Wiel Arets,✅ Found to fetch entity
8286,Jason Rhoades,✅ Found to fetch entity
8490,Richard Hell,✅ Found to fetch entity
8546,Horst Faas,✅ Found to fetch entity
11580,Anthon Beeke,✅ Found to fetch entity
12602,Horace Gregory,✅ Found to fetch entity
19572,Nicole Eisenman,✅ Found to fetch entity
48,contemporary art,is found in movements table
48,19572,is added in human_movement table
48,19572,is found in human_movement table
24341,Ivan Leonidov,✅ Found to fetch entity
50,Constructivism,is found in movements table
50,24341,is added in human_movement table
50,24341,is found in human_movement table
24580,Willy Zielke,✅ Found to fetch entity
24657,Adolf Meyer,✅ Found to fetch entity
25298,Reinhard Mucha,✅ Found to fetch entity
26152,James Dyson,✅ Found to fetch entity
30113,Katharina Grosse,✅ Found to fetch entity
30682,Stefan Sagmeister,✅ Found to fetch entity
33474,Richard Davis,✅ Found to fetch entity
34950,Floria Sigismondi,✅ Found to fetch entity
35399,Peter Roehr,✅ Found to fetch entity
36834,Anna Halprin,✅ Found to fetch entity
42231,Clorindo Testa,✅ Found to fetch entity
42336,Běla Kolářová,✅ Found to fetch entity
42625,Chris Welch,✅ Found to fetch entity
42627,Rabih Mroué,✅ Found to fetch entity
44610,Pavel Janák,✅ Found to fetch entity
47775,Ben Johnston,✅ Found to fetch entity
48069,Nathalie du Pasquier,✅ Found to fetch entity
62630,Rosalyn Drexler,✅ Found to fetch entity
8,pop art,is found in movements table
8,62630,is added in human_movement table
8,62630,is found in human_movement table
67420,Walter Burley Griffin,✅ Found to fetch entity
67662,Boris Ignatovich,✅ Found to fetch entity
68084,Marion Mahony Griffin,✅ Found to fetch entity
69635,Arthur Jafa,✅ Found to fetch entity
72286,Teresa Margolles,✅ Found to fetch entity
72944,Sophie Ristelhueber,✅ Found to fetch entity
75518,Balkrishna Doshi,✅ Found to fetch entity
104,L. (Alfred Lewin Copley) Alcopley,✅ Found to fetch entity
87,abstract expressionism,is found in movements table
87,104,is added in human_movement table
87,104,is found in human_movement table
183,Manuel Angeles Ortiz,✅ Found to fetch entity
243,George Ault,✅ Found to fetch entity
182,Precisionism,is found in movements table
182,243,is added in human_movement table
182,243,is found in human_movement table
530,Gianni Bertini,✅ Found to fetch entity
95,Movimento Arte Concreta,is found in movements table
95,530,is added in human_movement table
95,530,is found in human_movement table
551,Ashley Bickerton,✅ Found to fetch entity
829,Peter Brüning,✅ Found to fetch entity
915,Marcelle Cahn,✅ Found to fetch entity
20,purism,is found in movements table
20,915,is added in human_movement table
20,915,is found in human_movement table
1093,Iakov Chernikhov,✅ Found to fetch entity
50,Constructivism,is found in movements table
50,1093,is added in human_movement table
50,1093,is found in human_movement table
220,avant-garde,is found in movements table
220,1093,is added in human_movement table
220,1093,is found in human_movement table
1180,Luigi Colani,✅ Found to fetch entity
1187,Ettore Colla,✅ Found to fetch entity
1228,Howard Cook,✅ Found to fetch entity
1274,Pierre Courtin,✅ Found to fetch entity
1458,Joe Deal,✅ Found to fetch entity
1524,Hugh W. Diamond,✅ Found to fetch entity
1581,Ken Domon,✅ Found to fetch entity
1620,Felix Droese,✅ Found to fetch entity
1989,Jane Freilicher,✅ Found to fetch entity
2207,Frank Gohlke,✅ Found to fetch entity
2276,Werner Graeff,✅ Found to fetch entity
64,abstract art,is found in movements table
64,2276,is added in human_movement table
64,2276,is found in human_movement table
2398,Hans Gugelot,✅ Found to fetch entity
2433,Richard Haas,✅ Found to fetch entity
2621,Albert Herter,✅ Found to fetch entity
61,Aestheticism,is found in movements table
61,2621,is added in human_movement table
61,2621,is found in human_movement table
2696,Rudolf Hoflehner,✅ Found to fetch entity
64,abstract art,is found in movements table
64,2696,is added in human_movement table
64,2696,is found in human_movement table
2741,Peter Howson,✅ Found to fetch entity
48,contemporary art,is found in movements table
48,2741,is added in human_movement table
48,2741,is found in human_movement table
2744,Hermann Huber,✅ Found to fetch entity
7,Expressionism,is found in movements table
7,2744,is added in human_movement table
7,2744,is found in human_movement table
2,Fauvism,is found in movements table
2,2744,is added in human_movement table
2,2744,is found in human_movement table
42,New Objectivity,is found in movements table
42,2744,is added in human_movement table
42,2744,is found in human_movement table
52,magic realism,is found in movements table
52,2744,is added in human_movement table
52,2744,is found in human_movement table
4,Post-impressionism,is found in movements table
4,2744,is added in human_movement table
4,2744,is found in human_movement table
11,Symbolism,is found in movements table
11,2744,is added in human_movement table
11,2744,is found in human_movement table
136,unknown,is found in movements table
136,2744,is added in human_movement table
136,2744,is found in human_movement table
244,Der Moderne Bund,is added movements table
244,Der Moderne Bund,is found in movements table
244,2744,is added in human_movement table
244,2744,is found in human_movement table
14,divisionism,is found in movements table
14,2744,is added in human_movement table
14,2744,is found in human_movement table
2751,Patrick Hughes,✅ Found to fetch entity
2829,Rolf Iseli,✅ Found to fetch entity
2922,Jiří John,✅ Found to fetch entity
2978,Consuelo Kanaga,✅ Found to fetch entity
3301,Moshe Kupferman,✅ Found to fetch entity
3331,Joseph Lacasse,✅ Found to fetch entity
3355,Colin Lanceley,✅ Found to fetch entity
3356,Paul Landacre,✅ Found to fetch entity
3482,Thomas Lenk,✅ Found to fetch entity
3544,Jonas Lie,✅ Found to fetch entity
3637,Evert Lundquist,✅ Found to fetch entity
3937,Knud Merrild,✅ Found to fetch entity
4000,André Minaux,✅ Found to fetch entity
80,School of Paris,is found in movements table
80,4000,is added in human_movement table
80,4000,is found in human_movement table
4153,Robert Müller,✅ Found to fetch entity
4349,Wallace Nutting,✅ Found to fetch entity
4572,Walter A. Peterhans,✅ Found to fetch entity
4632,René Piot,✅ Found to fetch entity
5178,Peter Saul,✅ Found to fetch entity
5346,Keisuke Serizawa,✅ Found to fetch entity
245,Mingei,is added movements table
245,Mingei,is found in movements table
245,5346,is added in human_movement table
245,5346,is found in human_movement table
5673,Walter Stöhrer,✅ Found to fetch entity
5674,Ezra Stoller,✅ Found to fetch entity
5753,Waldemar Swierzy,✅ Found to fetch entity
5769,Maurice Tabard,✅ Found to fetch entity
3,Surrealism,is found in movements table
3,5769,is added in human_movement table
3,5769,is found in human_movement table
5774,Augustus Vincent Tack,✅ Found to fetch entity
6129,Paolo Venini,✅ Found to fetch entity
6272,Todd Webb,✅ Found to fetch entity
6999,Armand Point,✅ Found to fetch entity
11,Symbolism,is found in movements table
11,6999,is added in human_movement table
11,6999,is found in human_movement table
7980,Jasper Morrison,✅ Found to fetch entity
8238,Franz Wilhelm Seiwert,✅ Found to fetch entity
50,Constructivism,is found in movements table
50,8238,is added in human_movement table
50,8238,is found in human_movement table
246,Figurative Constructivism,is added movements table
246,Figurative Constructivism,is found in movements table
246,8238,is added in human_movement table
246,8238,is found in human_movement table
8381,Lorenzo Goñi,✅ Found to fetch entity
8477,Anna Maria Maiolino,✅ Found to fetch entity
56,feminist art,is found in movements table
56,8477,is added in human_movement table
56,8477,is found in human_movement table
8494,Nedko Solakov,✅ Found to fetch entity
8505,Eddie Adams / Associated Press,✅ Found to fetch entity
10779,René d'Harnoncourt,✅ Found to fetch entity
13634,Robert Lebel,✅ Found to fetch entity
28192,Paul-Armand Gette,✅ Found to fetch entity
28858,Christopher Williams,✅ Found to fetch entity
30445,Anders Petersen,✅ Found to fetch entity
31673,André Cadere,✅ Found to fetch entity
32430,Woody Vasulka,✅ Found to fetch entity
34902,Sadie Benning,✅ Found to fetch entity
35466,Chris Cunningham,✅ Found to fetch entity
36943,Giuseppe Chiari,✅ Found to fetch entity
12,Fluxus,is found in movements table
12,36943,is added in human_movement table
12,36943,is found in human_movement table
39003,Frances Macdonald,✅ Found to fetch entity
34,Arts and Crafts movement,is found in movements table
34,39003,is added in human_movement table
34,39003,is found in human_movement table
39642,Didier Vermeiren,✅ Found to fetch entity
104,Minimalism,is found in movements table
104,39642,is added in human_movement table
104,39642,is found in human_movement table
23,conceptual art,is found in movements table
23,39642,is added in human_movement table
23,39642,is found in human_movement table
39781,Viviane Sassen,✅ Found to fetch entity
48,contemporary art,is found in movements table
48,39781,is added in human_movement table
48,39781,is found in human_movement table
40577,Norbert Schwontkowski,✅ Found to fetch entity
45516,Franco Rossi,✅ Found to fetch entity
45664,Ulises Carrión,✅ Found to fetch entity
183,Mail-Art,is found in movements table
183,45664,is added in human_movement table
183,45664,is found in human_movement table
47540,Art Kane,✅ Found to fetch entity
47646,Katalin Ladik,✅ Found to fetch entity
47844,Billy Squier,✅ Found to fetch entity
48200,Fritz Kühn,✅ Found to fetch entity
49820,Milan Kunc,✅ Found to fetch entity
65027,Anatol Stern,✅ Found to fetch entity
44,Futurism,is found in movements table
44,65027,is added in human_movement table
44,65027,is found in human_movement table
67941,Zofia Kulik,✅ Found to fetch entity
69860,Bernard Aubertin,✅ Found to fetch entity
72440,Santu Mofokeng,✅ Found to fetch entity
131269,Jo Spence,✅ Found to fetch entity
56,feminist art,is found in movements table
56,131269,is added in human_movement table
56,131269,is found in human_movement table
137013,Michael Horovitz,✅ Found to fetch entity
32,Beat Generation,is found in movements table
32,137013,is added in human_movement table
32,137013,is found in human_movement table
36,Eero Aarnio,✅ Found to fetch entity
6,modernism,is found in movements table
6,36,is added in human_movement table
6,36,is found in human_movement table
87,Lucien Aigner,✅ Found to fetch entity
153,Emma Amos,✅ Found to fetch entity
78,Postmodernism,is found in movements table
78,153,is added in human_movement table
78,153,is found in human_movement table
56,feminist art,is found in movements table
56,153,is added in human_movement table
56,153,is found in human_movement table
227,François Arnal,✅ Found to fetch entity
255,Ay-O,✅ Found to fetch entity
12,Fluxus,is found in movements table
12,255,is added in human_movement table
12,255,is found in human_movement table
528,Paul Berthon,✅ Found to fetch entity
41,Art Nouveau,is found in movements table
41,528,is added in human_movement table
41,528,is found in human_movement table
609,Hyman Bloom,✅ Found to fetch entity
778,Serge Brignoni,✅ Found to fetch entity
796,Alexander Brook,✅ Found to fetch entity
807,Joan Brown,✅ Found to fetch entity
188,Bay Area Figurative Movement,is found in movements table
188,807,is added in human_movement table
188,807,is found in human_movement table
834,Grisha Bruskin,✅ Found to fetch entity
953,Domenico Cantatore,✅ Found to fetch entity
1172,Bernard Cohen,✅ Found to fetch entity
1179,Van Deren Coke,✅ Found to fetch entity
1305,Adolphe Crespin,✅ Found to fetch entity
1418,Richard Day,✅ Found to fetch entity
1425,Gino De Dominicis,✅ Found to fetch entity
1467,Dorothy Dehner,✅ Found to fetch entity
64,abstract art,is found in movements table
64,1467,is added in human_movement table
64,1467,is found in human_movement table
87,abstract expressionism,is found in movements table
87,1467,is added in human_movement table
87,1467,is found in human_movement table
1657,Louis-Émile Durandelle,✅ Found to fetch entity
1884,Lothar Fischer,✅ Found to fetch entity
64,abstract art,is found in movements table
64,1884,is added in human_movement table
64,1884,is found in human_movement table
1958,Llyn Foulkes,✅ Found to fetch entity
1990,Jared French,✅ Found to fetch entity
2100,Winfred Gaul,✅ Found to fetch entity
2397,Giuseppe Guerreschi,✅ Found to fetch entity
2425,Robert Gwathmey,✅ Found to fetch entity
2441,Oswald Haerdtl,✅ Found to fetch entity
2482,Hans Hammarskiold,✅ Found to fetch entity
2645,Hilaire Hiler,✅ Found to fetch entity
6,modernism,is found in movements table
6,2645,is added in human_movement table
6,2645,is found in human_movement table
3187,Henry Koerner,✅ Found to fetch entity
3435,Barry Le Va,✅ Found to fetch entity
103,process art,is found in movements table
103,3435,is added in human_movement table
103,3435,is found in human_movement table
3668,Loren MacIver,✅ Found to fetch entity
3676,Robert Macpherson,✅ Found to fetch entity
3759,André Mare,✅ Found to fetch entity
1,Cubism,is found in movements table
1,3759,is added in human_movement table
1,3759,is found in human_movement table
3813,Maryan S. Maryan,✅ Found to fetch entity
7,Expressionism,is found in movements table
7,3813,is added in human_movement table
7,3813,is found in human_movement table
3932,Carl (Carlo) Mense,✅ Found to fetch entity
4121,Ed Moses,✅ Found to fetch entity
64,abstract art,is found in movements table
64,4121,is added in human_movement table
64,4121,is found in human_movement table
4288,Algernon Newton,✅ Found to fetch entity
4445,Alejandro Otero,✅ Found to fetch entity
64,abstract art,is found in movements table
64,4445,is added in human_movement table
64,4445,is found in human_movement table
4508,Roger Parry,✅ Found to fetch entity
4630,Jacob Pins,✅ Found to fetch entity
4647,Sylvia Plachy,✅ Found to fetch entity
5121,Ibrahim El-Salahi,✅ Found to fetch entity
176,Hurufiyya movement,is found in movements table
176,5121,is added in human_movement table
176,5121,is found in human_movement table
247,Khartoum School,is added movements table
247,Khartoum School,is found in movements table
247,5121,is added in human_movement table
247,5121,is found in human_movement table
21,Catalan modernism,is found in movements table
21,5121,is added in human_movement table
21,5121,is found in human_movement table
5238,Michael Schmidt,✅ Found to fetch entity
5334,Colin Self,✅ Found to fetch entity
8,pop art,is found in movements table
8,5334,is added in human_movement table
8,5334,is found in human_movement table
5396,Alan Shields,✅ Found to fetch entity
5507,Otto Soglow,✅ Found to fetch entity
5551,Giuseppe Spagnulo,✅ Found to fetch entity
5785,Jiro Takamatsu,✅ Found to fetch entity
5852,Félix Thiollier,✅ Found to fetch entity
5960,Albert Tucker,✅ Found to fetch entity
160,Angry Penguins,is found in movements table
160,5960,is added in human_movement table
160,5960,is found in human_movement table
6305,Neil Welliver,✅ Found to fetch entity
6314,Theodor Werner,✅ Found to fetch entity
7049,Charles Ray,✅ Found to fetch entity
7389,Petah Coyne,✅ Found to fetch entity
7570,James Wines,✅ Found to fetch entity
7584,Hella Jongerius,✅ Found to fetch entity
7696,Nicholas Grimshaw,✅ Found to fetch entity
7917,Not Vital,✅ Found to fetch entity
8042,Elizabeth Peyton,✅ Found to fetch entity
8110,Wallace K. Harrison,✅ Found to fetch entity
8444,John Currin,✅ Found to fetch entity
48,contemporary art,is found in movements table
48,8444,is added in human_movement table
48,8444,is found in human_movement table
13020,Peter Schjeldahl,✅ Found to fetch entity
18701,Arthur Köpcke,✅ Found to fetch entity
21446,Jack Pierson,✅ Found to fetch entity
24535,Gyula Pap,✅ Found to fetch entity
25415,Roxy Paine,✅ Found to fetch entity
48,contemporary art,is found in movements table
48,25415,is added in human_movement table
48,25415,is found in human_movement table
28545,Siegfried Anzinger,✅ Found to fetch entity
29160,Arturo Bragaglia,✅ Found to fetch entity
30866,Bodo Hell,✅ Found to fetch entity
30952,Birgit Jürgenssen,✅ Found to fetch entity
56,feminist art,is found in movements table
56,30952,is added in human_movement table
56,30952,is found in human_movement table
32232,Roberto Gabetti,✅ Found to fetch entity
32791,Keith Arnatt,✅ Found to fetch entity
34460,Svetlana Alpers,✅ Found to fetch entity
34727,Mary Beth Edelson,✅ Found to fetch entity
56,feminist art,is found in movements table
56,34727,is added in human_movement table
56,34727,is found in human_movement table
34864,Judith Barry,✅ Found to fetch entity
56,feminist art,is found in movements table
56,34864,is added in human_movement table
56,34864,is found in human_movement table
37776,Iwan Baan,✅ Found to fetch entity
38338,Susan Hefuna,✅ Found to fetch entity
39162,Eugène Beaudouin,✅ Found to fetch entity
40384,Douglas Davis,✅ Found to fetch entity
40734,Louis Abel-Truchet,✅ Found to fetch entity
248,Belle Époque,is added movements table
248,Belle Époque,is found in movements table
248,40734,is added in human_movement table
248,40734,is found in human_movement table
40904,Daan van Golden,✅ Found to fetch entity
87,abstract expressionism,is found in movements table
87,40904,is added in human_movement table
87,40904,is found in human_movement table
41145,Bernard Heidsieck,✅ Found to fetch entity
41817,István Orosz,✅ Found to fetch entity
42344,Carlos Raúl Villanueva,✅ Found to fetch entity
45384,Kurt Kren,✅ Found to fetch entity
45951,Rosângela Rennó,✅ Found to fetch entity
47824,Naoya Hatakeyama,✅ Found to fetch entity
47891,Thea Djordjadze,✅ Found to fetch entity
48742,Ralph Lundsten,✅ Found to fetch entity
49603,Walter Niedermayr,✅ Found to fetch entity
67836,Ferdinand Andri,✅ Found to fetch entity
68088,Carmelo Arden Quin,✅ Found to fetch entity
249,Madí,is added movements table
249,Madí,is found in movements table
249,68088,is added in human_movement table
249,68088,is found in human_movement table
68308,Franz Mon,✅ Found to fetch entity
69149,David Reed,✅ Found to fetch entity
118827,Conrad Rooks,✅ Found to fetch entity
133491,Hannah Collins,✅ Found to fetch entity
48,contemporary art,is found in movements table
48,133491,is added in human_movement table
48,133491,is found in human_movement table
62,Clinton Adams,✅ Found to fetch entity
72,Pic Adrian,✅ Found to fetch entity
310,Joost Baljeu,✅ Found to fetch entity
64,abstract art,is found in movements table
64,310,is added in human_movement table
64,310,is found in human_movement table
322,Walter Darby Bannard,✅ Found to fetch entity
87,abstract expressionism,is found in movements table
87,322,is added in human_movement table
87,322,is found in human_movement table
567,Elmer Bischoff,✅ Found to fetch entity
87,abstract expressionism,is found in movements table
87,567,is added in human_movement table
87,567,is found in human_movement table
613,Norman Bluhm,✅ Found to fetch entity
87,abstract expressionism,is found in movements table
87,613,is added in human_movement table
87,613,is found in human_movement table
636,Theodor Bogler,✅ Found to fetch entity
851,Dan Budnik,✅ Found to fetch entity
926,Mary Callery,✅ Found to fetch entity
87,abstract expressionism,is found in movements table
87,926,is added in human_movement table
87,926,is found in human_movement table
988,Mario Carreño,✅ Found to fetch entity
1368,Hubert Dalwood,✅ Found to fetch entity
48,contemporary art,is found in movements table
48,1368,is added in human_movement table
48,1368,is found in human_movement table
1825,Paul Feeley,✅ Found to fetch entity
27,Color Field,is found in movements table
27,1825,is added in human_movement table
27,1825,is found in human_movement table
2023,Masahisa Fukase,✅ Found to fetch entity
2150,Roland Giguère,✅ Found to fetch entity
2190,Otto Gleichmann,✅ Found to fetch entity
7,Expressionism,is found in movements table
7,2190,is added in human_movement table
7,2190,is found in human_movement table
2236,Joe Goode,✅ Found to fetch entity
8,pop art,is found in movements table
8,2236,is added in human_movement table
8,2236,is found in human_movement table
2260,John Gossage,✅ Found to fetch entity
2371,Sid Grossman,✅ Found to fetch entity
2424,Charles Gwathmey,✅ Found to fetch entity
2564,Dave Heath,✅ Found to fetch entity
2667,Joseph Hirsch,✅ Found to fetch entity
65,social realism,is found in movements table
65,2667,is added in human_movement table
65,2667,is found in human_movement table
2671,Morris Hirshfield,✅ Found to fetch entity
2895,Valerie Jaudon,✅ Found to fetch entity
56,feminist art,is found in movements table
56,2895,is added in human_movement table
56,2895,is found in human_movement table
215,Pattern and Decoration,is found in movements table
215,2895,is added in human_movement table
215,2895,is found in human_movement table
2982,John Kane,✅ Found to fetch entity
79,naïve art,is found in movements table
79,2982,is added in human_movement table
79,2982,is found in human_movement table
3011,Barbara Kasten,✅ Found to fetch entity
3085,Hubert Kiecol,✅ Found to fetch entity
3124,Jóhannes Sveinsson Kjarval,✅ Found to fetch entity
3186,Karl Koepping,✅ Found to fetch entity
3279,Alena Kučerová,✅ Found to fetch entity
3403,Ger Lataster,✅ Found to fetch entity
87,abstract expressionism,is found in movements table
87,3403,is added in human_movement table
87,3403,is found in human_movement table
3428,Jean Le Gac,✅ Found to fetch entity
3630,Jan Lukas,✅ Found to fetch entity
3642,Boris Lurie,✅ Found to fetch entity
3643,Urs Lüthi,✅ Found to fetch entity
3767,Maria Martins,✅ Found to fetch entity
3816,Alice Trumbull Mason,✅ Found to fetch entity
3825,Gregory Masurovsky,✅ Found to fetch entity
4385,Shinro Ohtake,✅ Found to fetch entity
4510,Jürgen Partenheimer,✅ Found to fetch entity
4739,Stephen Prina,✅ Found to fetch entity
4774,Lothar Quinte,✅ Found to fetch entity
4845,Anton Refregier,✅ Found to fetch entity
4909,Klaus Richter,✅ Found to fetch entity
4933,Klaus Rinke,✅ Found to fetch entity
4949,Manuel Robbe,✅ Found to fetch entity
5314,George H. Seeley,✅ Found to fetch entity
5403,Mieko Shiomi,✅ Found to fetch entity
12,Fluxus,is found in movements table
12,5403,is added in human_movement table
12,5403,is found in human_movement table
5482,G. E. Kidder Smith,✅ Found to fetch entity
5704,Fritz Stuckenberg,✅ Found to fetch entity
7,Expressionism,is found in movements table
7,5704,is added in human_movement table
7,5704,is found in human_movement table
5720,George Sugarman,✅ Found to fetch entity
5770,Isaiah West Taber,✅ Found to fetch entity
5836,Edmund Teske,✅ Found to fetch entity
6135,André Verlon (Willy Verkauf),✅ Found to fetch entity
6139,Aleksandr Vesnin,✅ Found to fetch entity
6287,Dan Weiner,✅ Found to fetch entity
6370,William T. Wiley,✅ Found to fetch entity
174,Funk art,is found in movements table
174,6370,is added in human_movement table
174,6370,is found in human_movement table
6561,Karl Zerbe,✅ Found to fetch entity
7,Expressionism,is found in movements table
7,6561,is added in human_movement table
7,6561,is found in human_movement table
6635,Jac Leirner,✅ Found to fetch entity
6702,Maurice Desvallières,✅ Found to fetch entity
6833,Michael Sorkin,✅ Found to fetch entity
6895,James Casebere,✅ Found to fetch entity
7057,Willie Cole,✅ Found to fetch entity
7080,Robert Therrien,✅ Found to fetch entity
7094,Martin Wong,✅ Found to fetch entity
7319,Ugo La Pietra,✅ Found to fetch entity
7487,Tom Friedman,✅ Found to fetch entity
7540,Stuart Brisley,✅ Found to fetch entity
154,Viennese Actionism,is found in movements table
154,7540,is added in human_movement table
154,7540,is found in human_movement table
7959,Jean-Michel Othoniel,✅ Found to fetch entity
8192,Eberhard Havekost,✅ Found to fetch entity
8696,Michael Cohen,✅ Found to fetch entity
13727,Billy Klüver,✅ Found to fetch entity
21199,AA Bronson,✅ Found to fetch entity
48,contemporary art,is found in movements table
48,21199,is added in human_movement table
48,21199,is found in human_movement table
22894,Affonso Eduardo Reidy,✅ Found to fetch entity
23402,Craigie Horsfield,✅ Found to fetch entity
48,contemporary art,is found in movements table
48,23402,is added in human_movement table
48,23402,is found in human_movement table
25299,Chéri Samba,✅ Found to fetch entity
26414,Tuli Kupferberg,✅ Found to fetch entity
32,Beat Generation,is found in movements table
32,26414,is added in human_movement table
32,26414,is found in human_movement table
26441,Paul Pfeiffer,✅ Found to fetch entity
48,contemporary art,is found in movements table
48,26441,is added in human_movement table
48,26441,is found in human_movement table
26479,Valérie Belin,✅ Found to fetch entity
27127,Beatrice Wood,✅ Found to fetch entity
22,Dada,is found in movements table
22,27127,is added in human_movement table
22,27127,is found in human_movement table
27203,Zwelethu Mthethwa,✅ Found to fetch entity
27326,Hugo Henneberg,✅ Found to fetch entity
28567,Cosima von Bonin,✅ Found to fetch entity
23,conceptual art,is found in movements table
23,28567,is added in human_movement table
23,28567,is found in human_movement table
28647,Alex Grey,✅ Found to fetch entity
28721,Bjarne Melgaard,✅ Found to fetch entity
30274,Olaf Nicolai,✅ Found to fetch entity
31321,Neal Ascherson,✅ Found to fetch entity
31678,Cory Arcangel,✅ Found to fetch entity
48,contemporary art,is found in movements table
48,31678,is added in human_movement table
48,31678,is found in human_movement table
32568,Olav Christopher Jenssen,✅ Found to fetch entity
36315,Adrien Tournachon,✅ Found to fetch entity
36439,Suzanne Lacy,✅ Found to fetch entity
37920,Bertalan Pór,✅ Found to fetch entity
38053,Mary Adshead,✅ Found to fetch entity
38739,Hank Willis Thomas,✅ Found to fetch entity
23,conceptual art,is found in movements table
23,38739,is added in human_movement table
23,38739,is found in human_movement table
39770,Moyra Davey,✅ Found to fetch entity
40529,Ryan Gander,✅ Found to fetch entity
43084,Simon Vinkenoog,✅ Found to fetch entity
44247,Claus Bremer,✅ Found to fetch entity
45442,Ann Demeulemeester,✅ Found to fetch entity
47627,Mike Watt,✅ Found to fetch entity
133225,Rosa Barba,✅ Found to fetch entity
121,Adrian Allinson,✅ Found to fetch entity
305,George Baldessin,✅ Found to fetch entity
348,Maurice Barraud,✅ Found to fetch entity
589,Nell Blaine,✅ Found to fetch entity
637,Alexander Bogomazov,✅ Found to fetch entity
1,Cubism,is found in movements table
1,637,is added in human_movement table
1,637,is found in human_movement table
44,Futurism,is found in movements table
44,637,is added in human_movement table
44,637,is found in human_movement table
705,Christine Boumeester,✅ Found to fetch entity
64,abstract art,is found in movements table
64,705,is added in human_movement table
64,705,is found in human_movement table
781,Horace Bristol,✅ Found to fetch entity
972,Arthur B. Carles,✅ Found to fetch entity
92,American modernism,is found in movements table
92,972,is added in human_movement table
92,972,is found in human_movement table
1345,Eugène Cuvelier,✅ Found to fetch entity
1385,Nassos Daphnis,✅ Found to fetch entity
1562,Pierre Dmitrienko,✅ Found to fetch entity
1609,Olin Dows,✅ Found to fetch entity
1632,Albert Dubois-Pillet,✅ Found to fetch entity
26,pointillism,is found in movements table
26,1632,is added in human_movement table
26,1632,is found in human_movement table
2088,Paolo Gasparini,✅ Found to fetch entity
2095,Yves Gaucher,✅ Found to fetch entity
2121,Vic Gentils,✅ Found to fetch entity
2221,Anne Goldthwaite,✅ Found to fetch entity
2375,Jan Groth,✅ Found to fetch entity
2658,Charles Hinman,✅ Found to fetch entity
104,Minimalism,is found in movements table
104,2658,is added in human_movement table
104,2658,is found in human_movement table
2944,Kenneth Josephson,✅ Found to fetch entity
2967,Wolf Kahn,✅ Found to fetch entity
3083,Michael Kidner,✅ Found to fetch entity
3159,Karl Knaths,✅ Found to fetch entity
1,Cubism,is found in movements table
1,3159,is added in human_movement table
1,3159,is found in human_movement table
3235,Joyce Kozloff,✅ Found to fetch entity
215,Pattern and Decoration,is found in movements table
215,3235,is added in human_movement table
215,3235,is found in human_movement table
3317,Robert Kushner,✅ Found to fetch entity
215,Pattern and Decoration,is found in movements table
215,3317,is added in human_movement table
215,3317,is found in human_movement table
3357,Jacob Landau,✅ Found to fetch entity
3523,Martin Lewis,✅ Found to fetch entity
3688,Vico Magistretti,✅ Found to fetch entity
3912,Alex Melamid,✅ Found to fetch entity
4012,Jean Miotte,✅ Found to fetch entity
4320,Georges Noël,✅ Found to fetch entity
4377,Donald M. Oenslager,✅ Found to fetch entity
4499,David Park,✅ Found to fetch entity
87,abstract expressionism,is found in movements table
87,4499,is added in human_movement table
87,4499,is found in human_movement table
188,Bay Area Figurative Movement,is found in movements table
188,4499,is added in human_movement table
188,4499,is found in human_movement table
4524,Pierre Paulin,✅ Found to fetch entity
4903,Eugene Richards,✅ Found to fetch entity
5224,Eberhard Schlotter,✅ Found to fetch entity
5230,Joost Schmidt,✅ Found to fetch entity
5328,Peter Sekaer,✅ Found to fetch entity
5376,Charles G. Shaw,✅ Found to fetch entity
92,American modernism,is found in movements table
92,5376,is added in human_movement table
92,5376,is found in human_movement table
5807,Mark Tansey,✅ Found to fetch entity
48,contemporary art,is found in movements table
48,5807,is added in human_movement table
48,5807,is found in human_movement table
6381,Mason Williams,✅ Found to fetch entity
6703,Frantz Jourdain,✅ Found to fetch entity
6916,Kati Horna,✅ Found to fetch entity
6979,Markéta Luskacová,✅ Found to fetch entity
7338,Jack Lenor Larsen,✅ Found to fetch entity
7397,Werner Büttner,✅ Found to fetch entity
7501,Toba Khedoori,✅ Found to fetch entity
7811,Jessie Tarbox Beals,✅ Found to fetch entity
7968,Jim Shaw,✅ Found to fetch entity
8154,Andreas Slominski,✅ Found to fetch entity
8452,Jockum Nordström,✅ Found to fetch entity
8612,Joe Rosenthal/Times World Wide Photos,✅ Found to fetch entity
11277,George Him,✅ Found to fetch entity
17500,William Edmondson,✅ Found to fetch entity
18660,The New York Times,✅ Found to fetch entity
20769,René Block,✅ Found to fetch entity
183,Mail-Art,is found in movements table
183,20769,is added in human_movement table
183,20769,is found in human_movement table
27186,Tatsuo Miyajima,✅ Found to fetch entity
30162,Janos Frecot,✅ Found to fetch entity
30279,Sérgio Camargo,✅ Found to fetch entity
31335,Roman Ondak,✅ Found to fetch entity
34411,George Lois,✅ Found to fetch entity
34555,Charlotte Posenenske,✅ Found to fetch entity
104,Minimalism,is found in movements table
104,34555,is added in human_movement table
104,34555,is found in human_movement table
35875,Charles Martin,✅ Found to fetch entity
35977,Christian Jankowski,✅ Found to fetch entity
36939,Bengt af Klintberg,✅ Found to fetch entity
36944,Philip Corner,✅ Found to fetch entity
12,Fluxus,is found in movements table
12,36944,is added in human_movement table
12,36944,is found in human_movement table
36952,Heinz-Klaus Metzger,✅ Found to fetch entity
37183,Julien Vallou de Villeneuve,✅ Found to fetch entity
38015,May Stevens,✅ Found to fetch entity
218,feminist art movement,is found in movements table
218,38015,is added in human_movement table
218,38015,is found in human_movement table
38143,James Fitton,✅ Found to fetch entity
40399,Bernd Lohaus,✅ Found to fetch entity
45124,John Hilliard,✅ Found to fetch entity
23,conceptual art,is found in movements table
23,45124,is added in human_movement table
23,45124,is found in human_movement table
46498,Robert Freeman,✅ Found to fetch entity
48662,Rita McBride,✅ Found to fetch entity
64,abstract art,is found in movements table
64,48662,is added in human_movement table
64,48662,is found in human_movement table
48858,Wilhelm Thiele,✅ Found to fetch entity
67675,Sandra Vásquez de la Horra,✅ Found to fetch entity
75711,Ian Tyson,✅ Found to fetch entity
114339,Peter Orlovsky,✅ Found to fetch entity
32,Beat Generation,is found in movements table
32,114339,is added in human_movement table
32,114339,is found in human_movement table
133803,Evelyne Axell,✅ Found to fetch entity
8,pop art,is found in movements table
8,133803,is added in human_movement table
8,133803,is found in human_movement table
64,Dennis Adams,✅ Found to fetch entity
182,Claudia Andujar,✅ Found to fetch entity
239,Charles Aubry,✅ Found to fetch entity
424,Robert Bechtle,✅ Found to fetch entity
560,Joseph Binder,✅ Found to fetch entity
585,Elizabeth Blackadder,✅ Found to fetch entity
760,K. P. Brehmer,✅ Found to fetch entity
1007,Andrea Cascella,✅ Found to fetch entity
1084,José Chávez Morado,✅ Found to fetch entity
1183,Robert Colescott,✅ Found to fetch entity
3,Surrealism,is found in movements table
3,1183,is added in human_movement table
3,1183,is found in human_movement table
96,neo-expressionism,is found in movements table
96,1183,is added in human_movement table
96,1183,is found in human_movement table
1260,Marie Cosindas,✅ Found to fetch entity
1262,Olga Costa,✅ Found to fetch entity
1428,Peter De Francia,✅ Found to fetch entity
1558,John Divola,✅ Found to fetch entity
1665,Mabel Dwight,✅ Found to fetch entity
1816,Philippe Favier,✅ Found to fetch entity
1855,Justino Fernández,✅ Found to fetch entity
1861,Rafael Ferrer,✅ Found to fetch entity
1872,Charles Filiger,✅ Found to fetch entity
28,Pont-Aven School,is found in movements table
28,1872,is added in human_movement table
28,1872,is found in human_movement table
29,synthetism,is found in movements table
29,1872,is added in human_movement table
29,1872,is found in human_movement table
11,Symbolism,is found in movements table
11,1872,is added in human_movement table
11,1872,is found in human_movement table
2110,Anna Bella Geiger,✅ Found to fetch entity
2165,Wilhelm Gimmi,✅ Found to fetch entity
2913,Jess,✅ Found to fetch entity
2924,Clifton Johnson,✅ Found to fetch entity
2945,Henri-Gustave Jossot,✅ Found to fetch entity
145,Orientalism,is found in movements table
145,2945,is added in human_movement table
145,2945,is found in human_movement table
2973,Richard Kalvar,✅ Found to fetch entity
3110,Darius Kinsey,✅ Found to fetch entity
3146,Erika Giovanna Klien,✅ Found to fetch entity
3217,Henning Koppel,✅ Found to fetch entity
3374,Otto Lange,✅ Found to fetch entity
3395,Mauricio Lasansky,✅ Found to fetch entity
92,American modernism,is found in movements table
92,3395,is added in human_movement table
92,3395,is found in human_movement table
3540,Riccardo Licata,✅ Found to fetch entity
3652,Nathan Lyons,✅ Found to fetch entity
3864,Michael Mazur,✅ Found to fetch entity
4124,Marlow Moss,✅ Found to fetch entity
4330,Richard Nonas,✅ Found to fetch entity
64,abstract art,is found in movements table
64,4330,is added in human_movement table
64,4330,is found in human_movement table
4352,Gunnel Nyman,✅ Found to fetch entity
4384,George Ohr,✅ Found to fetch entity
4461,Alice Rahon,✅ Found to fetch entity
3,Surrealism,is found in movements table
3,4461,is added in human_movement table
3,4461,is found in human_movement table
4497,Mimi Parent,✅ Found to fetch entity
4661,Anne Poirier,✅ Found to fetch entity
4798,Natacha Rambova,✅ Found to fetch entity
5097,Anne Ryan,✅ Found to fetch entity
87,abstract expressionism,is found in movements table
87,5097,is added in human_movement table
87,5097,is found in human_movement table
5203,Philip von Schantz,✅ Found to fetch entity
5273,Paul Schuitema,✅ Found to fetch entity
5566,Lino Eneas Spilimbergo,✅ Found to fetch entity
5652,Harry Sternberg,✅ Found to fetch entity
65,social realism,is found in movements table
65,5652,is added in human_movement table
65,5652,is found in human_movement table
6058,James Valentine,✅ Found to fetch entity
6256,Yoshio Watanabe,✅ Found to fetch entity
6335,John Adams Whipple,✅ Found to fetch entity
6350,Robert Whitman,✅ Found to fetch entity
6402,Jackie Winsor,✅ Found to fetch entity
6537,Alfredo Zalce,✅ Found to fetch entity
6738,Esphyr Slobodkina,✅ Found to fetch entity
6756,Greg Curnoe,✅ Found to fetch entity
250,London Regionalism,is added movements table
250,London Regionalism,is found in movements table
250,6756,is added in human_movement table
250,6756,is found in human_movement table
6955,OMA (Office for Metropolitan Architecture),✅ Found to fetch entity
7070,Paula Scher,✅ Found to fetch entity
7692,Terry Evans,✅ Found to fetch entity
7700,François Kollar,✅ Found to fetch entity
7936,Wendell Castle,✅ Found to fetch entity
8384,Francis Meynell,✅ Found to fetch entity
8492,Taylor Mead,✅ Found to fetch entity
9958,"Aluminum Company of America, Pittsburgh, Pennsylvania",✅ Found to fetch entity
11278,Jan Lewitt,✅ Found to fetch entity
64,abstract art,is found in movements table
64,11278,is added in human_movement table
64,11278,is found in human_movement table
12515,Guido Ballo,✅ Found to fetch entity
14195,Eugène Delâtre,✅ Found to fetch entity
26607,Fred Wilson,✅ Found to fetch entity
23,conceptual art,is found in movements table
23,26607,is added in human_movement table
23,26607,is found in human_movement table
27712,Marcel Dzama,✅ Found to fetch entity
27989,Alfredo Volpi,✅ Found to fetch entity
6,modernism,is found in movements table
6,27989,is added in human_movement table
6,27989,is found in human_movement table
28678,Raoul De Keyser,✅ Found to fetch entity
29817,Xu Bing,✅ Found to fetch entity
48,contemporary art,is found in movements table
48,29817,is added in human_movement table
48,29817,is found in human_movement table
30437,Julije Knifer,✅ Found to fetch entity
31042,Jeffrey Shaw,✅ Found to fetch entity
32286,Tom Kalin,✅ Found to fetch entity
32462,John Stezaker,✅ Found to fetch entity
48,contemporary art,is found in movements table
48,32462,is added in human_movement table
48,32462,is found in human_movement table
34814,Annabel Jankel,✅ Found to fetch entity
34928,William Dear,✅ Found to fetch entity
35921,Moi Ver,✅ Found to fetch entity
36973,Jutta Koether,✅ Found to fetch entity
38014,Sylvia Sleigh,✅ Found to fetch entity
56,feminist art,is found in movements table
56,38014,is added in human_movement table
56,38014,is found in human_movement table
38972,Kazuo Shiraga,✅ Found to fetch entity
41343,Jayne Cortez,✅ Found to fetch entity
41345,Kader Attia,✅ Found to fetch entity
43334,Jean Dupuy,✅ Found to fetch entity
12,Fluxus,is found in movements table
12,43334,is added in human_movement table
12,43334,is found in human_movement table
46772,Conte Candoli,✅ Found to fetch entity
48104,Alfred Le Petit,✅ Found to fetch entity
48665,Juan Uslé,✅ Found to fetch entity
49095,Nancy Reddin Kienholz,✅ Found to fetch entity
68998,Miuccia Prada,✅ Found to fetch entity
69897,James Guitet,✅ Found to fetch entity
74341,Bill Dixon,✅ Found to fetch entity
137174,Florian Schneider,✅ Found to fetch entity
144,Woody van Amen,✅ Found to fetch entity
159,Gunnar Aagaard Andersen,✅ Found to fetch entity
198,Garo Antreasian,✅ Found to fetch entity
397,Iain Baxter&,✅ Found to fetch entity
503,Mieczyslaw Berman,✅ Found to fetch entity
582,James Wallace Black,✅ Found to fetch entity
691,Rodolphe-Théophile Bosshard,✅ Found to fetch entity
1113,Dan Christensen,✅ Found to fetch entity
87,abstract expressionism,is found in movements table
87,1113,is added in human_movement table
87,1113,is found in human_movement table
1792,Patrick Faigenbaum,✅ Found to fetch entity
1915,Alan Fletcher,✅ Found to fetch entity
2061,Giuseppe Gallo,✅ Found to fetch entity
2086,William A. Garnett,✅ Found to fetch entity
2242,Robert Goodnough,✅ Found to fetch entity
87,abstract expressionism,is found in movements table
87,2242,is added in human_movement table
87,2242,is found in human_movement table
2312,Cleve Gray,✅ Found to fetch entity
87,abstract expressionism,is found in movements table
87,2312,is added in human_movement table
87,2312,is found in human_movement table
2695,Alfred Hofkunst,✅ Found to fetch entity
2941,Paul Joostens,✅ Found to fetch entity
3144,Mark Klett,✅ Found to fetch entity
3224,Mark Kostabi,✅ Found to fetch entity
8,pop art,is found in movements table
8,3224,is added in human_movement table
8,3224,is found in human_movement table
3237,Frans Krajcberg,✅ Found to fetch entity
64,abstract art,is found in movements table
64,3237,is added in human_movement table
64,3237,is found in human_movement table
3335,Charles Lacoste,✅ Found to fetch entity
3368,Octave Landuyt,✅ Found to fetch entity
3387,Raoul François Larche,✅ Found to fetch entity
41,Art Nouveau,is found in movements table
41,3387,is added in human_movement table
41,3387,is found in human_movement table
3399,Jonathan Lasker,✅ Found to fetch entity
48,contemporary art,is found in movements table
48,3399,is added in human_movement table
48,3399,is found in human_movement table
3503,Herbert Leupin,✅ Found to fetch entity
3609,Charles Loupot,✅ Found to fetch entity
3628,Konrad Lueg,✅ Found to fetch entity
3734,Constantine Manos,✅ Found to fetch entity
3884,James McGarrell,✅ Found to fetch entity
4178,Walter Tandy Murch,✅ Found to fetch entity
4204,Reinhold Nägele,✅ Found to fetch entity
4443,Fayga Ostrower,✅ Found to fetch entity
87,abstract expressionism,is found in movements table
87,4443,is added in human_movement table
87,4443,is found in human_movement table
4828,Marie Raymond,✅ Found to fetch entity
129,Tachisme,is found in movements table
129,4828,is added in human_movement table
129,4828,is found in human_movement table
5080,Knut Rumohr,✅ Found to fetch entity
5106,José Sabogal,✅ Found to fetch entity
5202,Louis Schanker,✅ Found to fetch entity
87,abstract expressionism,is found in movements table
87,5202,is added in human_movement table
87,5202,is found in human_movement table
5502,Giorgio Soavi,✅ Found to fetch entity
5561,Niles Spencer,✅ Found to fetch entity
5572,Ferdinand Springer,✅ Found to fetch entity
80,School of Paris,is found in movements table
80,5572,is added in human_movement table
80,5572,is found in human_movement table
5737,Miroslav Šutej,✅ Found to fetch entity
5814,Lenore Tawney,✅ Found to fetch entity
5858,Bob Thompson,✅ Found to fetch entity
5929,Otto Treumann,✅ Found to fetch entity
6549,Zarina,✅ Found to fetch entity
6820,Betsey Johnson,✅ Found to fetch entity
6875,Stephen Gilbert,✅ Found to fetch entity
6951,Elizabeth Diller,✅ Found to fetch entity
7229,Rafael Viñoly,✅ Found to fetch entity
7524,Minnie Evans,✅ Found to fetch entity
7815,Tommaso Cuccioni,✅ Found to fetch entity
7863,Seiichi Furuya,✅ Found to fetch entity
7868,Judith Rothschild,✅ Found to fetch entity
8034,Karen Kilimnik,✅ Found to fetch entity
8656,Georgina Starr,✅ Found to fetch entity
138,Young British Artists,is found in movements table
138,8656,is added in human_movement table
138,8656,is found in human_movement table
18094,Robert Storr,✅ Found to fetch entity
22669,Franz Ackermann,✅ Found to fetch entity
24591,Johan Hagemeyer,✅ Found to fetch entity
25465,Huang Yong Ping,✅ Found to fetch entity
26246,Michael Raedecker,✅ Found to fetch entity
27971,Rivane Neuenschwander,✅ Found to fetch entity
28630,Anna Gaskell,✅ Found to fetch entity
28766,Marjetica Potrč,✅ Found to fetch entity
28990,Keith Tyson,✅ Found to fetch entity
30075,Carmen Herrera,✅ Found to fetch entity
104,Minimalism,is found in movements table
104,30075,is added in human_movement table
104,30075,is found in human_movement table
63,op art,is found in movements table
63,30075,is added in human_movement table
63,30075,is found in human_movement table
151,concrete art,is found in movements table
151,30075,is added in human_movement table
151,30075,is found in human_movement table
134,hard-edge painting,is found in movements table
134,30075,is added in human_movement table
134,30075,is found in human_movement table
10,modern art,is found in movements table
10,30075,is added in human_movement table
10,30075,is found in human_movement table
111,geometric abstraction,is found in movements table
111,30075,is added in human_movement table
111,30075,is found in human_movement table
87,abstract expressionism,is found in movements table
87,30075,is added in human_movement table
87,30075,is found in human_movement table
31442,Yang Fudong,✅ Found to fetch entity
32896,Mike Disfarmer,✅ Found to fetch entity
33393,Mark Bradford,✅ Found to fetch entity
48,contemporary art,is found in movements table
48,33393,is added in human_movement table
48,33393,is found in human_movement table
33748,Mark Leckey,✅ Found to fetch entity
34742,Tino Sehgal,✅ Found to fetch entity
35159,Cao Fei,✅ Found to fetch entity
48,contemporary art,is found in movements table
48,35159,is added in human_movement table
48,35159,is found in human_movement table
35288,Joachim Koester,✅ Found to fetch entity
35531,Jorge Furtado,✅ Found to fetch entity
35563,Madelon Hooykaas,✅ Found to fetch entity
35605,Alec Empire,✅ Found to fetch entity
38490,Erik Spiekermann,✅ Found to fetch entity
39745,Egon Mathiesen,✅ Found to fetch entity
42752,Vibeke Tandberg,✅ Found to fetch entity
43108,Per Olof Ultvedt,✅ Found to fetch entity
45757,Sara Facio,✅ Found to fetch entity
46451,Wells Coates,✅ Found to fetch entity
47935,Margaret Watkins,✅ Found to fetch entity
48863,Pierre Daura,✅ Found to fetch entity
49821,Hervé Di Rosa,✅ Found to fetch entity
251,Figuration Libre,is added movements table
251,Figuration Libre,is found in movements table
251,49821,is added in human_movement table
251,49821,is found in human_movement table
65088,Ketty La Rocca,✅ Found to fetch entity
56,feminist art,is found in movements table
56,65088,is added in human_movement table
56,65088,is found in human_movement table
252,visual poetry,is added movements table
252,visual poetry,is found in movements table
252,65088,is added in human_movement table
252,65088,is found in human_movement table
67233,Bogdan Bogdanović,✅ Found to fetch entity
67441,Vojin Bakić,✅ Found to fetch entity
6,modernism,is found in movements table
6,67441,is added in human_movement table
6,67441,is found in human_movement table
69886,Jean-Jacques Lévêque,✅ Found to fetch entity
136585,Eslanda Goode Robeson,✅ Found to fetch entity
234,Terry Atkinson,✅ Found to fetch entity
48,contemporary art,is found in movements table
48,234,is added in human_movement table
48,234,is found in human_movement table
23,conceptual art,is found in movements table
23,234,is added in human_movement table
23,234,is found in human_movement table
178,Art & Language,is found in movements table
178,234,is added in human_movement table
178,234,is found in human_movement table
664,Paolo Boni,✅ Found to fetch entity
838,Tadeusz Brzozowski,✅ Found to fetch entity
849,Stephen Buckley,✅ Found to fetch entity
886,Larry Burrows,✅ Found to fetch entity
968,Emil Cardinaux,✅ Found to fetch entity
1042,Giorgio Cavallon,✅ Found to fetch entity
87,abstract expressionism,is found in movements table
87,1042,is added in human_movement table
87,1042,is found in human_movement table
1103,Bernard Childs,✅ Found to fetch entity
1130,Minna Citron,✅ Found to fetch entity
64,abstract art,is found in movements table
64,1130,is added in human_movement table
64,1130,is found in human_movement table
1182,Glenn O. Coleman,✅ Found to fetch entity
1292,Barbara Crane,✅ Found to fetch entity
1369,Horia Damian,✅ Found to fetch entity
1443,José de Rivera,✅ Found to fetch entity
1528,David Diao,✅ Found to fetch entity
130,lyrical abstraction,is found in movements table
130,1528,is added in human_movement table
130,1528,is found in human_movement table
1537,Preston Dickinson,✅ Found to fetch entity
1570,Stevan Dohanos,✅ Found to fetch entity
1691,Otto Eglau,✅ Found to fetch entity
1713,Dick Elffers,✅ Found to fetch entity
1836,Lorser Feitelson,✅ Found to fetch entity
134,hard-edge painting,is found in movements table
134,1836,is added in human_movement table
134,1836,is found in human_movement table
1890,Hans Fischli,✅ Found to fetch entity
1962,Terry Fox,✅ Found to fetch entity
2092,Lee Gatch,✅ Found to fetch entity
2442,Günter Haese,✅ Found to fetch entity
2524,Erich Hartmann,✅ Found to fetch entity
2713,Carl Holty,✅ Found to fetch entity
64,abstract art,is found in movements table
64,2713,is added in human_movement table
64,2713,is found in human_movement table
2737,Gordon House,✅ Found to fetch entity
2855,Christian Jaccard,✅ Found to fetch entity
2875,Yvonne Jacquette,✅ Found to fetch entity
3021,Craig Kauffman,✅ Found to fetch entity
104,Minimalism,is found in movements table
104,3021,is added in human_movement table
104,3021,is found in human_movement table
3042,Henry George Keller,✅ Found to fetch entity
3097,Ihei Kimura,✅ Found to fetch entity
3189,Moissey Kogan,✅ Found to fetch entity
253,Neoclassicism,is added movements table
253,Neoclassicism,is found in movements table
253,3189,is added in human_movement table
253,3189,is found in human_movement table
3290,Yrjö Kukkapuro,✅ Found to fetch entity
3576,Frank Lobdell,✅ Found to fetch entity
3854,Ingo Maurer,✅ Found to fetch entity
4010,Marta Minujín,✅ Found to fetch entity
8,pop art,is found in movements table
8,4010,is added in human_movement table
8,4010,is found in human_movement table
4075,Otto Morach,✅ Found to fetch entity
4085,Mattia Moreni,✅ Found to fetch entity
4194,Jerome Myers,✅ Found to fetch entity
172,Ashcan School,is found in movements table
172,4194,is added in human_movement table
172,4194,is found in human_movement table
4406,Lennart Olson,✅ Found to fetch entity
4509,Betty Parsons,✅ Found to fetch entity
87,abstract expressionism,is found in movements table
87,4509,is added in human_movement table
87,4509,is found in human_movement table
5015,Kitaoji Rosanjin,✅ Found to fetch entity
5199,Salvatore Scarpitta,✅ Found to fetch entity
5268,Karl Schrag,✅ Found to fetch entity
5413,José María Sicilia,✅ Found to fetch entity
87,abstract expressionism,is found in movements table
87,5413,is added in human_movement table
87,5413,is found in human_movement table
5524,Alan Sonfist,✅ Found to fetch entity
187,environmental art,is found in movements table
187,5524,is added in human_movement table
187,5524,is found in human_movement table
5702,Michelle Stuart,✅ Found to fetch entity
5711,Jock Sturges,✅ Found to fetch entity
5717,Jean-Pierre Sudre,✅ Found to fetch entity
5718,Nikolai Suetin,✅ Found to fetch entity
5840,Félix Teynard,✅ Found to fetch entity
6207,Jaap Wagemaker,✅ Found to fetch entity
6316,John Wesley,✅ Found to fetch entity
8,pop art,is found in movements table
8,6316,is added in human_movement table
8,6316,is found in human_movement table
3,Surrealism,is found in movements table
3,6316,is added in human_movement table
3,6316,is found in human_movement table
6317,"Henry Wessel, Jr.",✅ Found to fetch entity
6332,Stefan Wewerka,✅ Found to fetch entity
6586,Larry Zox,✅ Found to fetch entity
87,abstract expressionism,is found in movements table
87,6586,is added in human_movement table
87,6586,is found in human_movement table
6616,Lois Conner,✅ Found to fetch entity
6649,Vinicio Berti,✅ Found to fetch entity
6907,Tadaaki Kuwayama,✅ Found to fetch entity
7003,Markus Oehlen,✅ Found to fetch entity
7175,Toshio Shibata,✅ Found to fetch entity
7333,Alexander Girard,✅ Found to fetch entity
7432,Walter Pfeiffer,✅ Found to fetch entity
7441,Ross Lovegrove,✅ Found to fetch entity
7614,Pieter Laurens Mol,✅ Found to fetch entity
7616,Lari Pittman,✅ Found to fetch entity
48,contemporary art,is found in movements table
48,7616,is added in human_movement table
48,7616,is found in human_movement table
7644,Elaine Lustig Cohen,✅ Found to fetch entity
7867,Bertien van Manen,✅ Found to fetch entity
7929,Joseph Grigely,✅ Found to fetch entity
7965,Lisa Yuskavage,✅ Found to fetch entity
48,contemporary art,is found in movements table
48,7965,is added in human_movement table
48,7965,is found in human_movement table
8186,Micha Bar-Am,✅ Found to fetch entity
8456,Fernando Campana,✅ Found to fetch entity
8837,Iñaki Ábalos,✅ Found to fetch entity
12612,David Ignatow,✅ Found to fetch entity
22939,Jim Lambie,✅ Found to fetch entity
23260,Caroline Bos,✅ Found to fetch entity
23520,Aleksandr Gladkov,✅ Found to fetch entity
23706,Il'ia Chashnik,✅ Found to fetch entity
89,Suprematism,is found in movements table
89,23706,is added in human_movement table
89,23706,is found in human_movement table
23811,Aleksei Kravchenko,✅ Found to fetch entity
24086,Aleksandr Tyshler,✅ Found to fetch entity
26480,Collier Schorr,✅ Found to fetch entity
28422,Emily Jacir,✅ Found to fetch entity
29714,Benedetta Tagliabue,✅ Found to fetch entity
30618,Carlos Amorales,✅ Found to fetch entity
48,contemporary art,is found in movements table
48,30618,is added in human_movement table
48,30618,is found in human_movement table
31000,Oswald Oberhuber,✅ Found to fetch entity
31002,Melik Ohanian,✅ Found to fetch entity
31007,Lisl Ponger,✅ Found to fetch entity
32063,Philippe Apeloig,✅ Found to fetch entity
33217,Olaf Breuning,✅ Found to fetch entity
35609,Robert Morin,✅ Found to fetch entity
35817,Esther Bubley,✅ Found to fetch entity
37006,Peter Moore,✅ Found to fetch entity
12,Fluxus,is found in movements table
12,37006,is added in human_movement table
12,37006,is found in human_movement table
37028,Richard Kern,✅ Found to fetch entity
207,Cinema of Transgression,is found in movements table
207,37028,is added in human_movement table
207,37028,is found in human_movement table
37030,Barbara Ess,✅ Found to fetch entity
40516,Spain Rodriguez,✅ Found to fetch entity
41210,Mahonri M. Young,✅ Found to fetch entity
65,social realism,is found in movements table
65,41210,is added in human_movement table
65,41210,is found in human_movement table
42323,Yto Barrada,✅ Found to fetch entity
44757,Max Neuhaus,✅ Found to fetch entity
46261,Nancy Burson,✅ Found to fetch entity
47017,Eldzier Cortor,✅ Found to fetch entity
47810,Eugene Chadbourne,✅ Found to fetch entity
48275,Desiderius Orban,✅ Found to fetch entity
220,avant-garde,is found in movements table
220,48275,is added in human_movement table
220,48275,is found in human_movement table
48661,Liza Lou,✅ Found to fetch entity
49125,Micha Ullman,✅ Found to fetch entity
68159,Barkley L. Hendricks,✅ Found to fetch entity
48,contemporary art,is found in movements table
48,68159,is added in human_movement table
48,68159,is found in human_movement table
69918,Bob Cobbing,✅ Found to fetch entity
70053,Martin Margiela,✅ Found to fetch entity
70368,Camille Billops,✅ Found to fetch entity
74933,Rasheed Araeen,✅ Found to fetch entity
254,British black arts movement,is added movements table
254,British black arts movement,is found in movements table
254,74933,is added in human_movement table
254,74933,is found in human_movement table
131903,Laure Prouvost,✅ Found to fetch entity
132499,Arieh Sharon,✅ Found to fetch entity
123,Carlos Alonso,✅ Found to fetch entity
65,social realism,is found in movements table
65,123,is added in human_movement table
65,123,is found in human_movement table
136,Dag Alveng,✅ Found to fetch entity
263,Johannes Theodor Baargeld (Alfred Emanuel Ferdinand Gruenwald),✅ Found to fetch entity
265,Alice Baber,✅ Found to fetch entity
87,abstract expressionism,is found in movements table
87,265,is added in human_movement table
87,265,is found in human_movement table
381,Eugen Batz,✅ Found to fetch entity
701,Alice Boughton,✅ Found to fetch entity
110,pictorialism,is found in movements table
110,701,is added in human_movement table
110,701,is found in human_movement table
724,Mark Boyle,✅ Found to fetch entity
48,contemporary art,is found in movements table
48,724,is added in human_movement table
48,724,is found in human_movement table
1001,Flávio de R. Carvalho,✅ Found to fetch entity
1029,Pier Giacomo Castiglioni,✅ Found to fetch entity
192,Metodo Castiglioni,is found in movements table
192,1029,is added in human_movement table
192,1029,is found in human_movement table
1041,Alik Cavaliere,✅ Found to fetch entity
1050,Edmond Ceria,✅ Found to fetch entity
1461,Riko Debenjak,✅ Found to fetch entity
1734,William England,✅ Found to fetch entity
1805,Francisco Farreras,✅ Found to fetch entity
2003,Arnold Friedman,✅ Found to fetch entity
2032,Sue Fuller,✅ Found to fetch entity
2073,Claude Garache,✅ Found to fetch entity
2091,Marco Gastini,✅ Found to fetch entity
2103,Johannes Gecelli,✅ Found to fetch entity
2195,Hermann Glockner,✅ Found to fetch entity
2450,Hideo Hagiwara,✅ Found to fetch entity
2582,Walter Helbig,✅ Found to fetch entity
7,Expressionism,is found in movements table
7,2582,is added in human_movement table
7,2582,is found in human_movement table
2926,Lester F. Johnson,✅ Found to fetch entity
87,abstract expressionism,is found in movements table
87,2926,is added in human_movement table
87,2926,is found in human_movement table
3116,Alain Kirili,✅ Found to fetch entity
3256,Ferdinand Kriwet,✅ Found to fetch entity
3359,Armin Landeck,✅ Found to fetch entity
4114,Ree Morton,✅ Found to fetch entity
56,feminist art,is found in movements table
56,4114,is added in human_movement table
56,4114,is found in human_movement table
4127,Sadamasa Motonaga,✅ Found to fetch entity
4159,Lee Mullican,✅ Found to fetch entity
4187,Edo Murtić,✅ Found to fetch entity
87,abstract expressionism,is found in movements table
87,4187,is added in human_movement table
87,4187,is found in human_movement table
4240,Gertrud Natzler,✅ Found to fetch entity
4358,Pablo O'Higgins,✅ Found to fetch entity
4454,Bill Owens,✅ Found to fetch entity
4539,Jozef Peeters,✅ Found to fetch entity
4561,Bernard Perlin,✅ Found to fetch entity
4829,Jean Pierre Raynaud,✅ Found to fetch entity
4842,Ethel Reed,✅ Found to fetch entity
5117,Takako Saito,✅ Found to fetch entity
12,Fluxus,is found in movements table
12,5117,is added in human_movement table
12,5117,is found in human_movement table
5182,C. R. Savage,✅ Found to fetch entity
5198,Tobia Scarpa,✅ Found to fetch entity
5323,Friedrich Seidenstücker,✅ Found to fetch entity
5348,Iaroslav Serpan,✅ Found to fetch entity
5450,Art Sinsabaugh,✅ Found to fetch entity
5940,Niklaus Troxler,✅ Found to fetch entity
6010,Hans Unger,✅ Found to fetch entity
41,Art Nouveau,is found in movements table
41,6010,is added in human_movement table
41,6010,is found in human_movement table
6397,Gerd Winner,✅ Found to fetch entity
6453,Troels Wörsel,✅ Found to fetch entity
6551,Marian Zazeela,✅ Found to fetch entity
6613,Antti Nurmesniemi,✅ Found to fetch entity
6640,Jane Hammond,✅ Found to fetch entity
7058,Tony Fitzpatrick,✅ Found to fetch entity
8,pop art,is found in movements table
8,7058,is added in human_movement table
8,7058,is found in human_movement table
7467,René Herbst,✅ Found to fetch entity
7474,General Idea,✅ Found to fetch entity
23,conceptual art,is found in movements table
23,7474,is added in human_movement table
23,7474,is found in human_movement table
118,new media art,is found in movements table
118,7474,is added in human_movement table
118,7474,is found in human_movement table
7627,Rudolf Stingel,✅ Found to fetch entity
7655,Floris M. Neusüss,✅ Found to fetch entity
8068,Jorge Ribalta,✅ Found to fetch entity
8093,Marcia Hafif,✅ Found to fetch entity
8115,Max Peintner,✅ Found to fetch entity
8157,Giovanni Guerrini,✅ Found to fetch entity
95,Movimento Arte Concreta,is found in movements table
95,8157,is added in human_movement table
95,8157,is found in human_movement table
8315,Greta Knutson,✅ Found to fetch entity
8331,Diana Thater,✅ Found to fetch entity
8449,Johann Palisa,✅ Found to fetch entity
8526,Bill Cunningham/The New York Times,✅ Found to fetch entity
11964,Alastair Reid,✅ Found to fetch entity
12382,Liz Larner,✅ Found to fetch entity
12409,Aleksandr Shevchenko,✅ Found to fetch entity
212,neo-primitivism,is found in movements table
212,12409,is added in human_movement table
212,12409,is found in human_movement table
108,Rayonism,is found in movements table
108,12409,is added in human_movement table
108,12409,is found in human_movement table
19747,Adrian Schiess,✅ Found to fetch entity
22715,Laura Owens,✅ Found to fetch entity
48,contemporary art,is found in movements table
48,22715,is added in human_movement table
48,22715,is found in human_movement table
22982,Eugen Kirchner,✅ Found to fetch entity
24396,Lotte Beese,✅ Found to fetch entity
24490,Otto Lindig,✅ Found to fetch entity
24573,Sasha Stone,✅ Found to fetch entity
25582,Arturo Herrera,✅ Found to fetch entity
26620,Regina Silveira,✅ Found to fetch entity
26983,Otto Wichterle,✅ Found to fetch entity
27485,Michael Landy,✅ Found to fetch entity
48,contemporary art,is found in movements table
48,27485,is added in human_movement table
48,27485,is found in human_movement table
28636,Bruno Gironcoli,✅ Found to fetch entity
64,abstract art,is found in movements table
64,28636,is added in human_movement table
64,28636,is found in human_movement table
28874,Wade Guyton,✅ Found to fetch entity
30623,Clemens von Wedemeyer,✅ Found to fetch entity
30957,Udo Kittelmann,✅ Found to fetch entity
31672,Michel Parmentier,✅ Found to fetch entity
31784,Nasreen Mohamedi,✅ Found to fetch entity
32087,Scottie Wilson,✅ Found to fetch entity
34426,Lodovico Barbiano di Belgiojoso,✅ Found to fetch entity
34804,Shu Lea Cheang,✅ Found to fetch entity
35522,Beryl Korot,✅ Found to fetch entity
35574,Michael Klier,✅ Found to fetch entity
36051,Robin Day,✅ Found to fetch entity
36776,Aloys Wach,✅ Found to fetch entity
7,Expressionism,is found in movements table
7,36776,is added in human_movement table
7,36776,is found in human_movement table
38011,Harmony Hammond,✅ Found to fetch entity
218,feminist art movement,is found in movements table
218,38011,is added in human_movement table
218,38011,is found in human_movement table
56,feminist art,is found in movements table
56,38011,is added in human_movement table
56,38011,is found in human_movement table
38017,Martha Wilson,✅ Found to fetch entity
56,feminist art,is found in movements table
56,38017,is added in human_movement table
56,38017,is found in human_movement table
38491,Neville Brody,✅ Found to fetch entity
38634,James Wells Champney,✅ Found to fetch entity
40680,Tomislav Gotovac,✅ Found to fetch entity
41271,Nick Cave,✅ Found to fetch entity
48,contemporary art,is found in movements table
48,41271,is added in human_movement table
48,41271,is found in human_movement table
42465,Rashid Johnson,✅ Found to fetch entity
43150,Geta Brătescu,✅ Found to fetch entity
48,contemporary art,is found in movements table
48,43150,is added in human_movement table
48,43150,is found in human_movement table
45381,Nick Knight,✅ Found to fetch entity
46203,Keld Helmer-Petersen,✅ Found to fetch entity
46471,David Tindle,✅ Found to fetch entity
46479,Francis Wolff,✅ Found to fetch entity
46480,Jerry Harrison,✅ Found to fetch entity
48389,Wilhelm Schürmann,✅ Found to fetch entity
48664,Tom Sachs,✅ Found to fetch entity
72375,David Medalla,✅ Found to fetch entity
131853,Irena Blühová,✅ Found to fetch entity
132604,Latifa Echakhch,✅ Found to fetch entity
23,conceptual art,is found in movements table
23,132604,is added in human_movement table
23,132604,is found in human_movement table
134584,Dirk Braeckman,✅ Found to fetch entity
136089,Natalia LL,✅ Found to fetch entity
56,feminist art,is found in movements table
56,136089,is added in human_movement table
56,136089,is found in human_movement table
67,Shelby Lee Adams,✅ Found to fetch entity
169,Paul L. Anderson,✅ Found to fetch entity
323,John Banting,✅ Found to fetch entity
364,Bernard Baschet,✅ Found to fetch entity
513,Valère Bernard,✅ Found to fetch entity
605,Pierrette Bloch,✅ Found to fetch entity
10,modern art,is found in movements table
10,605,is added in human_movement table
10,605,is found in human_movement table
660,Marcelo Bonevardi,✅ Found to fetch entity
720,Stanley Boxer,✅ Found to fetch entity
726,Paul Brach,✅ Found to fetch entity
1231,Austin Cooper,✅ Found to fetch entity
1289,Konrad Cramer,✅ Found to fetch entity
1293,Meg Cranston,✅ Found to fetch entity
1540,Julio de Diego,✅ Found to fetch entity
1860,John Ferren,✅ Found to fetch entity
87,abstract expressionism,is found in movements table
87,1860,is added in human_movement table
87,1860,is found in human_movement table
1892,Janet Fish,✅ Found to fetch entity
140,realism,is found in movements table
140,1892,is added in human_movement table
140,1892,is found in human_movement table
2213,Michael Goldberg,✅ Found to fetch entity
87,abstract expressionism,is found in movements table
87,2213,is added in human_movement table
87,2213,is found in human_movement table
2319,Alan Green,✅ Found to fetch entity
2321,Balcomb Greene,✅ Found to fetch entity
87,abstract expressionism,is found in movements table
87,2321,is added in human_movement table
87,2321,is found in human_movement table
2725,Charles Hopkinson,✅ Found to fetch entity
2838,Marvin Israel,✅ Found to fetch entity
2886,Franz Maria Jansen,✅ Found to fetch entity
7,Expressionism,is found in movements table
7,2886,is added in human_movement table
7,2886,is found in human_movement table
2904,Neil Jenney,✅ Found to fetch entity
3261,Abram Krol,✅ Found to fetch entity
3415,Warja Lavater,✅ Found to fetch entity
6,modernism,is found in movements table
6,3415,is added in human_movement table
6,3415,is found in human_movement table
3505,John Levee,✅ Found to fetch entity
87,abstract expressionism,is found in movements table
87,3505,is added in human_movement table
87,3505,is found in human_movement table
3522,Julien Levy,✅ Found to fetch entity
3795,Paul Martin,✅ Found to fetch entity
4033,Jan Młodożeniec,✅ Found to fetch entity
4043,Curtis Moffat,✅ Found to fetch entity
4122,Robert Moskowitz,✅ Found to fetch entity
4448,Tom Otterness,✅ Found to fetch entity
4481,José Pancetti,✅ Found to fetch entity
4490,Tod Papageorge,✅ Found to fetch entity
4503,Raymond Parker,✅ Found to fetch entity
87,abstract expressionism,is found in movements table
87,4503,is added in human_movement table
87,4503,is found in human_movement table
4790,Bedri Rahmi,✅ Found to fetch entity
4967,T. H. Robsjohn-Gibbings,✅ Found to fetch entity
5163,Alan Saret,✅ Found to fetch entity
5194,Italo Scanga,✅ Found to fetch entity
5341,Jan Senbergs,✅ Found to fetch entity
5954,Lill Tschudi,✅ Found to fetch entity
6002,Maria Uhden,✅ Found to fetch entity
6174,Giuseppe Viviani,✅ Found to fetch entity
6198,Vaclav Vytlacil,✅ Found to fetch entity
6447,Joseph Janvier Woodward,✅ Found to fetch entity
6560,Charles Hossein Zenderoudi,✅ Found to fetch entity
10,modern art,is found in movements table
10,6560,is added in human_movement table
10,6560,is found in human_movement table
255,Saqqa-khaneh school,is added movements table
255,Saqqa-khaneh school,is found in movements table
255,6560,is added in human_movement table
255,6560,is found in human_movement table
6618,Robert Andrew Parker,✅ Found to fetch entity
6660,Maurice Réalier-Dumas,✅ Found to fetch entity
145,Orientalism,is found in movements table
145,6660,is added in human_movement table
145,6660,is found in human_movement table
7493,Alexis Smith,✅ Found to fetch entity
7565,Jonathan Crary,✅ Found to fetch entity
7567,"Herzog & de Meuron, Basel",✅ Found to fetch entity
7725,Raphael Drouart,✅ Found to fetch entity
7913,Werner Rohde,✅ Found to fetch entity
7914,Ian Wallace,✅ Found to fetch entity
7927,Rona Pondick,✅ Found to fetch entity
7978,Georgi Zelma,✅ Found to fetch entity
8161,Michael Asher,✅ Found to fetch entity
8177,Willem Jan Neutelings,✅ Found to fetch entity
8577,S.L.A. Marshall,✅ Found to fetch entity
23712,Aleksandr Labas,✅ Found to fetch entity
24529,Jean Moral,✅ Found to fetch entity
24578,Iwao Yamawaki,✅ Found to fetch entity
25182,Mark Manders,✅ Found to fetch entity
27403,Walton Ford,✅ Found to fetch entity
140,realism,is found in movements table
140,27403,is added in human_movement table
140,27403,is found in human_movement table
27821,Robin Rhode,✅ Found to fetch entity
28565,Norbert Bisky,✅ Found to fetch entity
28981,Carole Benzaken,✅ Found to fetch entity
30621,Adrian Paci,✅ Found to fetch entity
30876,Frédéric Bruly Bouabré,✅ Found to fetch entity
31037,Walter Schmögner,✅ Found to fetch entity
31324,Edi Rama,✅ Found to fetch entity
31375,Johanna Billing,✅ Found to fetch entity
32032,Victor Grippo,✅ Found to fetch entity
32115,John Muafangejo,✅ Found to fetch entity
32709,Rebecca Warren,✅ Found to fetch entity
48,contemporary art,is found in movements table
48,32709,is added in human_movement table
48,32709,is found in human_movement table
33908,Jan De Cock,✅ Found to fetch entity
34056,Steven Parrino,✅ Found to fetch entity
34597,Anthony McCall,✅ Found to fetch entity
48,contemporary art,is found in movements table
48,34597,is added in human_movement table
48,34597,is found in human_movement table
34948,Matthew Rolston,✅ Found to fetch entity
35145,Josephine Meckseper,✅ Found to fetch entity
35423,Linder [Linda Sterling],✅ Found to fetch entity
56,feminist art,is found in movements table
56,35423,is added in human_movement table
56,35423,is found in human_movement table
37008,Yoshi Wada,✅ Found to fetch entity
12,Fluxus,is found in movements table
12,37008,is added in human_movement table
12,37008,is found in human_movement table
37145,Pope.L,✅ Found to fetch entity
37616,Ragnar Kjartansson,✅ Found to fetch entity
38257,Billy Apple,✅ Found to fetch entity
8,pop art,is found in movements table
8,38257,is added in human_movement table
8,38257,is found in human_movement table
38373,Thomas Heatherwick,✅ Found to fetch entity
38612,Richard Eichberg,✅ Found to fetch entity
40578,Thomas Huber,✅ Found to fetch entity
48,contemporary art,is found in movements table
48,40578,is added in human_movement table
48,40578,is found in human_movement table
40579,Peter Piller,✅ Found to fetch entity
40874,Willy Ørskov,✅ Found to fetch entity
42454,Nathalie Djurberg,✅ Found to fetch entity
43441,Molly Crabapple,✅ Found to fetch entity
3,Surrealism,is found in movements table
3,43441,is added in human_movement table
3,43441,is found in human_movement table
47659,Ingram Marshall,✅ Found to fetch entity
49627,Palmer Hayden,✅ Found to fetch entity
38,Harlem Renaissance,is found in movements table
38,49627,is added in human_movement table
38,49627,is found in human_movement table
62653,Karl Wirsum,✅ Found to fetch entity
69486,Nikolay Diulgheroff,✅ Found to fetch entity
69858,Gil J Wolman,✅ Found to fetch entity
69884,Luc Peire,✅ Found to fetch entity
4,Charles Arnoldi,✅ Found to fetch entity
230,John Atherton,✅ Found to fetch entity
254,Kiyoshi Awazu,✅ Found to fetch entity
261,Kengiro Azuma,✅ Found to fetch entity
384,Karl Bauer,✅ Found to fetch entity
527,René Bertholo,✅ Found to fetch entity
534,Forrest Bess,✅ Found to fetch entity
256,visionary art,is added movements table
256,visionary art,is found in movements table
256,534,is added in human_movement table
256,534,is found in human_movement table
59,outsider art,is found in movements table
59,534,is added in human_movement table
59,534,is found in human_movement table
689,Richard Bosman,✅ Found to fetch entity
773,Marilyn Bridges,✅ Found to fetch entity
822,Anton Bruehl,✅ Found to fetch entity
842,Gustave Buchet,✅ Found to fetch entity
1148,Pierre Clerk,✅ Found to fetch entity
1373,Ken Danby,✅ Found to fetch entity
140,realism,is found in movements table
140,1373,is added in human_movement table
140,1373,is found in human_movement table
1477,Tony DeLap,✅ Found to fetch entity
1529,Antonio Dias,✅ Found to fetch entity
198,Antropophagia,is found in movements table
198,1529,is added in human_movement table
198,1529,is found in human_movement table
1568,Betty Dodson,✅ Found to fetch entity
2071,Emil Ganso,✅ Found to fetch entity
2116,Robert Genin,✅ Found to fetch entity
2130,Paul-Elie Gernez,✅ Found to fetch entity
2258,François Gos,✅ Found to fetch entity
2323,John B. Greene,✅ Found to fetch entity
2644,Rowland Hilder,✅ Found to fetch entity
2765,Ralph Humphrey,✅ Found to fetch entity
87,abstract expressionism,is found in movements table
87,2765,is added in human_movement table
87,2765,is found in human_movement table
2771,Max Hunziker,✅ Found to fetch entity
3078,Bhupen Khakhar,✅ Found to fetch entity
3193,Misch Kohn,✅ Found to fetch entity
3416,Alma Lavenson,✅ Found to fetch entity
110,pictorialism,is found in movements table
110,3416,is added in human_movement table
110,3416,is found in human_movement table
3468,Arthur Leipzig,✅ Found to fetch entity
3487,Leonid (Leonid Berman),✅ Found to fetch entity
3601,Erle Loran,✅ Found to fetch entity
3708,Robert Malaval,✅ Found to fetch entity
3727,Per Maning,✅ Found to fetch entity
3999,Keiko Minami,✅ Found to fetch entity
4134,Seong Moy,✅ Found to fetch entity
87,abstract expressionism,is found in movements table
87,4134,is added in human_movement table
87,4134,is found in human_movement table
4139,Grant Mudford,✅ Found to fetch entity
4150,Jan Müller,✅ Found to fetch entity
7,Expressionism,is found in movements table
7,4150,is added in human_movement table
7,4150,is found in human_movement table
4408,Toni Onley,✅ Found to fetch entity
4438,Robert Osborn,✅ Found to fetch entity
4541,Amelia Peláez Del Casal,✅ Found to fetch entity
4606,Jean Piaubert,✅ Found to fetch entity
4662,Patrick Poirier,✅ Found to fetch entity
4767,Harvey Quaytman,✅ Found to fetch entity
64,abstract art,is found in movements table
64,4767,is added in human_movement table
64,4767,is found in human_movement table
4803,Eduardo Ramírez Villamizar,✅ Found to fetch entity
4831,Omar Rayo,✅ Found to fetch entity
4955,Louis-Rémy Robert,✅ Found to fetch entity
4968,Hugo Robus,✅ Found to fetch entity
5012,William Ronald,✅ Found to fetch entity
87,abstract expressionism,is found in movements table
87,5012,is added in human_movement table
87,5012,is found in human_movement table
5180,Raymond Saunders,✅ Found to fetch entity
5244,Hans Schmithals,✅ Found to fetch entity
5581,J. Allen St. John,✅ Found to fetch entity
5683,Myron Stout,✅ Found to fetch entity
5817,Prentiss Taylor,✅ Found to fetch entity
38,Harlem Renaissance,is found in movements table
38,5817,is added in human_movement table
38,5817,is found in human_movement table
5908,Endre Tót,✅ Found to fetch entity
183,Mail-Art,is found in movements table
183,5908,is added in human_movement table
183,5908,is found in human_movement table
6047,Burk Uzzle,✅ Found to fetch entity
6180,Ruth Vollmer,✅ Found to fetch entity
6267,Eva Watson-Schütze,✅ Found to fetch entity
6274,Hugo Weber,✅ Found to fetch entity
6619,Tone Vigeland,✅ Found to fetch entity
6696,Paul Leroy,✅ Found to fetch entity
6714,Henri Guinier,✅ Found to fetch entity
6921,Steven Pippin,✅ Found to fetch entity
48,contemporary art,is found in movements table
48,6921,is added in human_movement table
48,6921,is found in human_movement table
6972,Juan Hidalgo,✅ Found to fetch entity
220,avant-garde,is found in movements table
220,6972,is added in human_movement table
220,6972,is found in human_movement table
7025,Carl Chiarenza,✅ Found to fetch entity
7098,Seth Tobocman,✅ Found to fetch entity
7490,Kcho (Alexis Leyva Machado),✅ Found to fetch entity
7533,Jean-Luc Moulène,✅ Found to fetch entity
7607,Marcel Kammerer,✅ Found to fetch entity
7648,Shimon Attie,✅ Found to fetch entity
7668,Robert Howlett,✅ Found to fetch entity
7672,Léon Vidal,✅ Found to fetch entity
7717,Catherine Wagner,✅ Found to fetch entity
23,conceptual art,is found in movements table
23,7717,is added in human_movement table
23,7717,is found in human_movement table
7814,Jean-Luc Mylayne,✅ Found to fetch entity
7942,Charles Moore,✅ Found to fetch entity
7971,Ernest Cole,✅ Found to fetch entity
7996,Antonio Citterio,✅ Found to fetch entity
8074,Jitka Hanzlová,✅ Found to fetch entity
8223,Adolfo Natalini,✅ Found to fetch entity
8269,Eryk Lipinski,✅ Found to fetch entity
8486,Pae White,✅ Found to fetch entity
8600,Igor Moukhin,✅ Found to fetch entity
8688,Jens H. Quistgaard,✅ Found to fetch entity
13929,Russell Lynes,✅ Found to fetch entity
18838,Karl Nierendorf,✅ Found to fetch entity
19163,Michael Krebber,✅ Found to fetch entity
19194,Hans Danuser,✅ Found to fetch entity
22847,Richard Rosson,✅ Found to fetch entity
23028,Tibor Kalman,✅ Found to fetch entity
24150,Sarra Lebedeva,✅ Found to fetch entity
26299,Lebbeus Woods,✅ Found to fetch entity
257,experimental architecture,is added movements table
257,experimental architecture,is found in movements table
257,26299,is added in human_movement table
257,26299,is found in human_movement table
27492,Valentina Kulagina,✅ Found to fetch entity
50,Constructivism,is found in movements table
50,27492,is added in human_movement table
50,27492,is found in human_movement table
28222,Sue Williamson,✅ Found to fetch entity
30164,Dr. Emil Mayer,✅ Found to fetch entity
30187,Rudy VanderLans,✅ Found to fetch entity
30478,Rafael Lozano-Hemmer,✅ Found to fetch entity
30506,Barbara Probst,✅ Found to fetch entity
48,contemporary art,is found in movements table
48,30506,is added in human_movement table
48,30506,is found in human_movement table
32208,Jem Cohen,✅ Found to fetch entity
32312,Mary Lucier,✅ Found to fetch entity
32793,Gianfredo Camesi,✅ Found to fetch entity
220,avant-garde,is found in movements table
220,32793,is added in human_movement table
220,32793,is found in human_movement table
35286,Franz Ehrlich,✅ Found to fetch entity
36606,Andrea Modica,✅ Found to fetch entity
37440,Edward Krasiński,✅ Found to fetch entity
37934,Haegue Yang,✅ Found to fetch entity
40407,Val Telberg,✅ Found to fetch entity
3,Surrealism,is found in movements table
3,40407,is added in human_movement table
3,40407,is found in human_movement table
40736,Ernest La Jeunesse,✅ Found to fetch entity
40804,Gerwald Rockenschaub,✅ Found to fetch entity
41160,Eberhard Viegener,✅ Found to fetch entity
7,Expressionism,is found in movements table
7,41160,is added in human_movement table
7,41160,is found in human_movement table
44844,Eladio Dieste,✅ Found to fetch entity
46454,Jann Haworth,✅ Found to fetch entity
11,Symbolism,is found in movements table
11,46454,is added in human_movement table
11,46454,is found in human_movement table
47150,Ruth Krauss,✅ Found to fetch entity
47983,Mirko Ilić,✅ Found to fetch entity
48117,Tala Madani,✅ Found to fetch entity
48,contemporary art,is found in movements table
48,48117,is added in human_movement table
48,48117,is found in human_movement table
49419,Roberto Iras Baldessari,✅ Found to fetch entity
49585,Miguel Rio Branco,✅ Found to fetch entity
69541,Elger Esser,✅ Found to fetch entity
69765,Enrico Filippini,✅ Found to fetch entity
132929,Ilka Gedő,✅ Found to fetch entity
7,Expressionism,is found in movements table
7,132929,is added in human_movement table
7,132929,is found in human_movement table
134681,Angèle Etoundi Essamba,✅ Found to fetch entity
52,Rodolfo Abularach,✅ Found to fetch entity
108,Peter Alexander,✅ Found to fetch entity
193,Light and Space,is found in movements table
193,108,is added in human_movement table
193,108,is found in human_movement table
195,William Anthony,✅ Found to fetch entity
377,Josef Bato,✅ Found to fetch entity
469,Luis Fernando Benedit,✅ Found to fetch entity
258,Centro de Arte y Comunicación,is added movements table
258,Centro de Arte y Comunicación,is found in movements table
258,469,is added in human_movement table
258,469,is found in human_movement table
529,Jake Berthot,✅ Found to fetch entity
546,Pamela Bianco,✅ Found to fetch entity
814,Byron Browne,✅ Found to fetch entity
1081,Roger Chastel,✅ Found to fetch entity
80,School of Paris,is found in movements table
80,1081,is added in human_movement table
80,1081,is found in human_movement table
1312,Ted Croner,✅ Found to fetch entity
1893,Vernon Fisher,✅ Found to fetch entity
1959,Gabriel Fournier,✅ Found to fetch entity
2169,Paolo Gioli,✅ Found to fetch entity
2365,Michael Gross,✅ Found to fetch entity
2373,Robert Grosvenor,✅ Found to fetch entity
2556,Louis Hayet,✅ Found to fetch entity
26,pointillism,is found in movements table
26,2556,is added in human_movement table
26,2556,is found in human_movement table
2566,Milton Elting Hebald,✅ Found to fetch entity
2596,Frederick H. K. Henrion,✅ Found to fetch entity
2612,Anthony Hernandez,✅ Found to fetch entity
2661,Hans Hinterreiter,✅ Found to fetch entity
2663,Philippe Hiquily,✅ Found to fetch entity
2939,Raymond Jonson,✅ Found to fetch entity
2953,Dora Jung,✅ Found to fetch entity
3157,Stefan Knapp,✅ Found to fetch entity
3790,Fletcher Martin,✅ Found to fetch entity
65,social realism,is found in movements table
65,3790,is added in human_movement table
65,3790,is found in human_movement table
3827,Margrethe Mather,✅ Found to fetch entity
4045,Bill Moggridge,✅ Found to fetch entity
4318,Tetsuya Noda,✅ Found to fetch entity
4341,David Novros,✅ Found to fetch entity
4496,Richard Pare,✅ Found to fetch entity
4517,César Paternosto,✅ Found to fetch entity
4578,Irving Petlin,✅ Found to fetch entity
222,Chicago Imagists,is found in movements table
222,4578,is added in human_movement table
222,4578,is found in human_movement table
4590,Cesare Peverelli,✅ Found to fetch entity
4711,William B. Post,✅ Found to fetch entity
4788,Joseph Raffael,✅ Found to fetch entity
4870,Edda Renouf,✅ Found to fetch entity
4919,Henry Ries,✅ Found to fetch entity
5010,Osvaldo Romberg,✅ Found to fetch entity
5174,Key Sato,✅ Found to fetch entity
5189,Jan Sawka,✅ Found to fetch entity
5196,Afra Scarpa,✅ Found to fetch entity
5302,Tim Scott,✅ Found to fetch entity
64,abstract art,is found in movements table
64,5302,is added in human_movement table
64,5302,is found in human_movement table
48,contemporary art,is found in movements table
48,5302,is added in human_movement table
48,5302,is found in human_movement table
5335,Charles Seliger,✅ Found to fetch entity
87,abstract expressionism,is found in movements table
87,5335,is added in human_movement table
87,5335,is found in human_movement table
5568,Serge Spitzer,✅ Found to fetch entity
5593,Carl-Harry Stålhane,✅ Found to fetch entity
5948,Nina Tryggvadottir,✅ Found to fetch entity
87,abstract expressionism,is found in movements table
87,5948,is added in human_movement table
87,5948,is found in human_movement table
5966,Jakob Tuggener,✅ Found to fetch entity
6059,Walter Valentini,✅ Found to fetch entity
6062,Gino Valle,✅ Found to fetch entity
6085,Willem van Leusden,✅ Found to fetch entity
6169,Claude Viseux,✅ Found to fetch entity
6308,Jack Welpott,✅ Found to fetch entity
6309,Stow Wengenroth,✅ Found to fetch entity
6386,Christopher Wilmarth,✅ Found to fetch entity
6563,Zero (Hans Schleger),✅ Found to fetch entity
6657,Louis-Auguste Girardot,✅ Found to fetch entity
145,Orientalism,is found in movements table
145,6657,is added in human_movement table
145,6657,is found in human_movement table
6685,Gaston Bussière,✅ Found to fetch entity
11,Symbolism,is found in movements table
11,6685,is added in human_movement table
11,6685,is found in human_movement table
6693,Fernand Piet,✅ Found to fetch entity
4,Post-impressionism,is found in movements table
4,6693,is added in human_movement table
4,6693,is found in human_movement table
6853,Siegfried Schott,✅ Found to fetch entity
7,Expressionism,is found in movements table
7,6853,is added in human_movement table
7,6853,is found in human_movement table
6903,Lesley Dill,✅ Found to fetch entity
7117,Mel Chin,✅ Found to fetch entity
7473,Grenville Davey,✅ Found to fetch entity
48,contemporary art,is found in movements table
48,7473,is added in human_movement table
48,7473,is found in human_movement table
7491,Simon Patterson,✅ Found to fetch entity
48,contemporary art,is found in movements table
48,7491,is added in human_movement table
48,7491,is found in human_movement table
7572,Wolf D. Prix,✅ Found to fetch entity
7666,Eugène Druet,✅ Found to fetch entity
7963,James Castle,✅ Found to fetch entity
7986,Cedric Price,✅ Found to fetch entity
7987,Michael Webb,✅ Found to fetch entity
8198,Do Ho Suh,✅ Found to fetch entity
48,contemporary art,is found in movements table
48,8198,is added in human_movement table
48,8198,is found in human_movement table
12607,Harold Norse,✅ Found to fetch entity
32,Beat Generation,is found in movements table
32,12607,is added in human_movement table
32,12607,is found in human_movement table
13012,Aleksei Gan,✅ Found to fetch entity
17416,Shirley C. Burden,✅ Found to fetch entity
22591,Hajime Sorayama,✅ Found to fetch entity
22596,Maarten Van Severen,✅ Found to fetch entity
22663,Carel Blazer,✅ Found to fetch entity
24627,Jürgen Mayer H.,✅ Found to fetch entity
25973,Paul Noble,✅ Found to fetch entity
48,contemporary art,is found in movements table
48,25973,is added in human_movement table
48,25973,is found in human_movement table
26740,Dinh Q. Lê,✅ Found to fetch entity
28410,Geraldo de Barros,✅ Found to fetch entity
28578,Fritz Bultman,✅ Found to fetch entity
87,abstract expressionism,is found in movements table
87,28578,is added in human_movement table
87,28578,is found in human_movement table
28798,Dana Schutz,✅ Found to fetch entity
30116,Heinrich Riebesehl,✅ Found to fetch entity
30658,Runa Islam,✅ Found to fetch entity
48,contemporary art,is found in movements table
48,30658,is added in human_movement table
48,30658,is found in human_movement table
30944,Stephan von Huene,✅ Found to fetch entity
30974,Erik van Lieshout,✅ Found to fetch entity
30988,Leonore Mau,✅ Found to fetch entity
32586,Vladimir Shukhov,✅ Found to fetch entity
259,constructivist architecture,is added movements table
259,constructivist architecture,is found in movements table
259,32586,is added in human_movement table
259,32586,is found in human_movement table
32652,Jeremy Blake,✅ Found to fetch entity
33965,Sam Durant,✅ Found to fetch entity
34528,Guy de Cointet,✅ Found to fetch entity
34716,Justine Kurland,✅ Found to fetch entity
205,Neo-romanticism,is found in movements table
205,34716,is added in human_movement table
205,34716,is found in human_movement table
34782,Lida Abdul,✅ Found to fetch entity
34847,Gregg Bordowitz,✅ Found to fetch entity
34884,Norman Cohn,✅ Found to fetch entity
35645,Zhang Yuan,✅ Found to fetch entity
260,sixth generation Chinese cinema,is added movements table
260,sixth generation Chinese cinema,is found in movements table
260,35645,is added in human_movement table
260,35645,is found in human_movement table
36955,Tomas Schmit,✅ Found to fetch entity
12,Fluxus,is found in movements table
12,36955,is added in human_movement table
12,36955,is found in human_movement table
36959,Yasunao Tone,✅ Found to fetch entity
37153,Emil Pottner,✅ Found to fetch entity
37601,Bo Welch,✅ Found to fetch entity
37618,Svetlana Kopystiansky,✅ Found to fetch entity
37691,Cyprien Gaillard,✅ Found to fetch entity
38624,Joseph Turner Keiley,✅ Found to fetch entity
39218,Maarten Baas,✅ Found to fetch entity
40400,Lambert Maria Wintersberger,✅ Found to fetch entity
40564,Charles Gaines,✅ Found to fetch entity
41105,Jorinde Voigt,✅ Found to fetch entity
41330,Marcel Lods,✅ Found to fetch entity
41394,Gustav Heinrich Wolff,✅ Found to fetch entity
64,abstract art,is found in movements table
64,41394,is added in human_movement table
64,41394,is found in human_movement table
42300,Roland Kayn,✅ Found to fetch entity
42856,Waldemar Cordeiro,✅ Found to fetch entity
44334,Mark Morrisroe,✅ Found to fetch entity
156,punk subculture,is found in movements table
156,44334,is added in human_movement table
156,44334,is found in human_movement table
46891,Alex James,✅ Found to fetch entity
47008,LaToya Ruby Frazier,✅ Found to fetch entity
48,contemporary art,is found in movements table
48,47008,is added in human_movement table
48,47008,is found in human_movement table
47219,Rick Griffin,✅ Found to fetch entity
47850,Peter Gordon,✅ Found to fetch entity
48316,Ian Davenport,✅ Found to fetch entity
48,contemporary art,is found in movements table
48,48316,is added in human_movement table
48,48316,is found in human_movement table
48791,Lucienne Day,✅ Found to fetch entity
49093,Eric Owen Moss,✅ Found to fetch entity
49919,David Meltzer,✅ Found to fetch entity
32,Beat Generation,is found in movements table
32,49919,is added in human_movement table
32,49919,is found in human_movement table
67545,Sunil Gupta,✅ Found to fetch entity
68023,Adrian Ghenie,✅ Found to fetch entity
6,modernism,is found in movements table
6,68023,is added in human_movement table
6,68023,is found in human_movement table
133026,Alfred Tritschler,✅ Found to fetch entity
135294,Hung Liu,✅ Found to fetch entity
48,contemporary art,is found in movements table
48,135294,is added in human_movement table
48,135294,is found in human_movement table
135825,Otobong Nkanga,✅ Found to fetch entity
136894,Maurice Wyckaert,✅ Found to fetch entity
137046,Jean Benoît,✅ Found to fetch entity
137106,Tomie Ohtake,✅ Found to fetch entity
64,abstract art,is found in movements table
64,137106,is added in human_movement table
64,137106,is found in human_movement table
5,Per Arnoldi,✅ Found to fetch entity
91,Roberto Aizenberg,✅ Found to fetch entity
3,Surrealism,is found in movements table
3,91,is added in human_movement table
3,91,is found in human_movement table
132,John Altoon,✅ Found to fetch entity
87,abstract expressionism,is found in movements table
87,132,is added in human_movement table
87,132,is found in human_movement table
260,Umetaro Azechi,✅ Found to fetch entity
428,Bill Beckley,✅ Found to fetch entity
23,conceptual art,is found in movements table
23,428,is added in human_movement table
23,428,is found in human_movement table
432,Jan Bontjes van Beek,✅ Found to fetch entity
631,Marinus Boezem,✅ Found to fetch entity
771,William Brice,✅ Found to fetch entity
790,Jürgen Brodwolf,✅ Found to fetch entity
1023,Moshe Elazar Castel,✅ Found to fetch entity
1150,Henry Cliffe,✅ Found to fetch entity
1410,Paul Davis,✅ Found to fetch entity
1580,Tadeusz Dominik,✅ Found to fetch entity
1608,Joe Downing,✅ Found to fetch entity
1775,Garth Evans,✅ Found to fetch entity
2222,Joseph Webster Golinkin,✅ Found to fetch entity
2254,April Gornik,✅ Found to fetch entity
2546,Ashley Havinden,✅ Found to fetch entity
2782,Peter Hutchinson,✅ Found to fetch entity
2857,Bill Jacklin,✅ Found to fetch entity
2907,Bill Jensen,✅ Found to fetch entity
3354,Mark Lancaster,✅ Found to fetch entity
3691,Greta Magnusson Grossman,✅ Found to fetch entity
3880,Jean McEwen,✅ Found to fetch entity
130,lyrical abstraction,is found in movements table
130,3880,is added in human_movement table
130,3880,is found in human_movement table
3952,Henri Meunier,✅ Found to fetch entity
3995,Keith Milow,✅ Found to fetch entity
64,abstract art,is found in movements table
64,3995,is added in human_movement table
64,3995,is found in human_movement table
48,contemporary art,is found in movements table
48,3995,is added in human_movement table
48,3995,is found in human_movement table
142,postminimalism,is found in movements table
142,3995,is added in human_movement table
142,3995,is found in human_movement table
4064,Jan Montyn,✅ Found to fetch entity
4198,Kazumasa Nagai,✅ Found to fetch entity
4238,Robert Natkin,✅ Found to fetch entity
4290,Don Nice,✅ Found to fetch entity
4323,Anne Noggle,✅ Found to fetch entity
4475,Marion Palfi,✅ Found to fetch entity
4772,Achille Quinet,✅ Found to fetch entity
5009,Clare Romano,✅ Found to fetch entity
5022,Bernard Rosenthal,✅ Found to fetch entity
5146,Ludwig Sander,✅ Found to fetch entity
5201,Fritz Schaefler,✅ Found to fetch entity
7,Expressionism,is found in movements table
7,5201,is added in human_movement table
7,5201,is found in human_movement table
5229,Wilhelm Schmid,✅ Found to fetch entity
5402,Ushio Shinohara,✅ Found to fetch entity
77,Neo-Dada,is found in movements table
77,5402,is added in human_movement table
77,5402,is found in human_movement table
5547,Pravoslav Sovak,✅ Found to fetch entity
5578,Jerzy Srokowski,✅ Found to fetch entity
5606,Ottomar Starke,✅ Found to fetch entity
5621,Milly Steger,✅ Found to fetch entity
5784,Peter Takal,✅ Found to fetch entity
5823,Jerzy Tchorzewski,✅ Found to fetch entity
6372,Ulfert Wilke,✅ Found to fetch entity
6388,Jane Wilson,✅ Found to fetch entity
6517,Alfred Young,✅ Found to fetch entity
6629,Hermann Pitz,✅ Found to fetch entity
6661,Émile Berchmans,✅ Found to fetch entity
41,Art Nouveau,is found in movements table
41,6661,is added in human_movement table
41,6661,is found in human_movement table
11,Symbolism,is found in movements table
11,6661,is added in human_movement table
11,6661,is found in human_movement table
261,intimism,is added movements table
261,intimism,is found in movements table
261,6661,is added in human_movement table
261,6661,is found in human_movement table
13,Impressionism,is found in movements table
13,6661,is added in human_movement table
13,6661,is found in human_movement table
6856,Edward Dwurnik,✅ Found to fetch entity
6864,Jan Tarasin,✅ Found to fetch entity
6991,John Murray,✅ Found to fetch entity
7095,Miguel Piñero,✅ Found to fetch entity
7596,Florence Knoll,✅ Found to fetch entity
7926,Terry Adkins,✅ Found to fetch entity
8070,Charles Thurston Thompson,✅ Found to fetch entity
8255,Solomon Telingater,✅ Found to fetch entity
8257,Armando Testa,✅ Found to fetch entity
12001,Vladimir Burliuk,✅ Found to fetch entity
31,primitivism,is found in movements table
31,12001,is added in human_movement table
31,12001,is found in human_movement table
15688,Pierre Falké,✅ Found to fetch entity
21940,Kazuo Nakamura,✅ Found to fetch entity
26839,Fang Lijun,✅ Found to fetch entity
27759,Karim Rashid,✅ Found to fetch entity
27818,Roy Arden,✅ Found to fetch entity
28050,Tomoko Sawada,✅ Found to fetch entity
28098,Mark Grotjahn,✅ Found to fetch entity
28621,Urs Fischer,✅ Found to fetch entity
23,conceptual art,is found in movements table
23,28621,is added in human_movement table
23,28621,is found in human_movement table
28808,Amy Sillman,✅ Found to fetch entity
28956,Mika Rottenberg,✅ Found to fetch entity
29675,Clifford Ross,✅ Found to fetch entity
30156,Guy Tillim,✅ Found to fetch entity
30997,Christian Philipp Müller,✅ Found to fetch entity
31032,Hans Scheugl,✅ Found to fetch entity
31070,Lois Weinberger,✅ Found to fetch entity
33915,Huma Bhabha,✅ Found to fetch entity
34901,Rocky Morton,✅ Found to fetch entity
37067,Silvie Defraoui,✅ Found to fetch entity
37299,Lorraine O'Grady,✅ Found to fetch entity
56,feminist art,is found in movements table
56,37299,is added in human_movement table
56,37299,is found in human_movement table
38901,Adam Pendleton,✅ Found to fetch entity
39113,Peter Opsvik,✅ Found to fetch entity
39654,Peter Saville,✅ Found to fetch entity
42597,Rand Miller,✅ Found to fetch entity
42751,Daniela Rossell,✅ Found to fetch entity
43078,Sheela Gowda,✅ Found to fetch entity
43343,Ryan Trecartin,✅ Found to fetch entity
44921,George Trakas,✅ Found to fetch entity
45581,Abe Frajndlich,✅ Found to fetch entity
46482,Robert Whitaker,✅ Found to fetch entity
47216,Brian Duffy,✅ Found to fetch entity
48271,Ewa Partum,✅ Found to fetch entity
56,feminist art,is found in movements table
56,48271,is added in human_movement table
56,48271,is found in human_movement table
183,Mail-Art,is found in movements table
183,48271,is added in human_movement table
183,48271,is found in human_movement table
48591,John Oswald,✅ Found to fetch entity
49613,Lida Moser,✅ Found to fetch entity
61871,Carlotta Corpron,✅ Found to fetch entity
62329,Roger Schall,✅ Found to fetch entity
67482,Andrija Mutnjaković,✅ Found to fetch entity
67665,Fré Cohen,✅ Found to fetch entity
69636,Jon Rafman,✅ Found to fetch entity
69641,Nairy Baghramian,✅ Found to fetch entity
6,modernism,is found in movements table
6,69641,is added in human_movement table
6,69641,is found in human_movement table
69770,Silke Otto-Knapp,✅ Found to fetch entity
70943,Emory Douglas,✅ Found to fetch entity
74888,Eduardo Kac,✅ Found to fetch entity
118,new media art,is found in movements table
118,74888,is added in human_movement table
118,74888,is found in human_movement table
262,bioart,is added movements table
262,bioart,is found in movements table
262,74888,is added in human_movement table
262,74888,is found in human_movement table
183,Mail-Art,is found in movements table
183,74888,is added in human_movement table
183,74888,is found in human_movement table
87436,Denis Cannan,✅ Found to fetch entity
133265,Sonya Noskowiak,✅ Found to fetch entity
133731,Milford Graves,✅ Found to fetch entity
136535,Annegret Soltau,✅ Found to fetch entity
137024,Philip Lamantia,✅ Found to fetch entity
137101,Jack Shadbolt,✅ Found to fetch entity
12,Jüri Arrak,✅ Found to fetch entity
74,Roy Adzak,✅ Found to fetch entity
247,Edward Avedisian,✅ Found to fetch entity
64,abstract art,is found in movements table
64,247,is added in human_movement table
64,247,is found in human_movement table
268,Edmondo Bacci,✅ Found to fetch entity
314,Theo H. Ballmer,✅ Found to fetch entity
431,René Beeh,✅ Found to fetch entity
463,Ben-Zion,✅ Found to fetch entity
549,Alberto Biasi,✅ Found to fetch entity
550,Guido Biasi,✅ Found to fetch entity
640,Karl Bohrmann,✅ Found to fetch entity
706,Louis Bouquet,✅ Found to fetch entity
184,Art Deco,is found in movements table
184,706,is added in human_movement table
184,706,is found in human_movement table
715,Jean-Louis Boussingault,✅ Found to fetch entity
779,Denis Brihat,✅ Found to fetch entity
783,René Brô,✅ Found to fetch entity
789,Alexander Brodsky,✅ Found to fetch entity
894,Wolf von dem Bussche,✅ Found to fetch entity
925,Kenneth Callahan,✅ Found to fetch entity
998,Clarence H. Carter,✅ Found to fetch entity
1134,John Clem Clarke,✅ Found to fetch entity
1176,Sheldon Cohen,✅ Found to fetch entity
1184,Warrington Colescott,✅ Found to fetch entity
1311,Allan Rohan Crite,✅ Found to fetch entity
1483,Victor Delhez,✅ Found to fetch entity
1484,Christian Dell,✅ Found to fetch entity
1560,Henry Dixon,✅ Found to fetch entity
1582,Hisao Domoto,✅ Found to fetch entity
1733,Pieter Engels,✅ Found to fetch entity
1749,Vera Ermolaeva,✅ Found to fetch entity
90,Russian avant-garde,is found in movements table
90,1749,is added in human_movement table
90,1749,is found in human_movement table
1857,Jackie Ferrara,✅ Found to fetch entity
142,postminimalism,is found in movements table
142,1857,is added in human_movement table
142,1857,is found in human_movement table
1864,Gianfranco Ferroni,✅ Found to fetch entity
2209,Ralph Goings,✅ Found to fetch entity
210,photorealism,is found in movements table
210,2209,is added in human_movement table
210,2209,is found in human_movement table
54,hyperrealism,is found in movements table
54,2209,is added in human_movement table
54,2209,is found in human_movement table
2212,Jim Goldberg,✅ Found to fetch entity
2240,Sidney Goodman,✅ Found to fetch entity
2245,Ron Gorchov,✅ Found to fetch entity
2439,Dimitri Hadzi,✅ Found to fetch entity
2510,Richard Harrington,✅ Found to fetch entity
2517,Alfred A. Hart,✅ Found to fetch entity
2653,Hans Hillmann,✅ Found to fetch entity
2888,Richard Janthur,✅ Found to fetch entity
2909,Jacob Jensen,✅ Found to fetch entity
2919,Patricia Johanson,✅ Found to fetch entity
2977,Gerome Kamrowski,✅ Found to fetch entity
3145,Carl Heinz Kliemann,✅ Found to fetch entity
3177,Aleksander Kobzdej,✅ Found to fetch entity
3192,Gabriel Kohn,✅ Found to fetch entity
3438,June Leaf,✅ Found to fetch entity
3490,Stanislao Lepri,✅ Found to fetch entity
3564,Peter Lipman-Wulf,✅ Found to fetch entity
3572,Harvey Littleton,✅ Found to fetch entity
3800,Maria Martinez,✅ Found to fetch entity
3805,Aldemir Martins,✅ Found to fetch entity
3808,Antonio Martorell,✅ Found to fetch entity
4023,Mary Miss,✅ Found to fetch entity
4161,Ferdinand Mulnier,✅ Found to fetch entity
4241,Otto Natzler,✅ Found to fetch entity
4530,Henry Pearson,✅ Found to fetch entity
4643,Pitseolak Ashoona,✅ Found to fetch entity
4833,George Reavey,✅ Found to fetch entity
4843,Ruth Reeves,✅ Found to fetch entity
5112,Donald Saff,✅ Found to fetch entity
5136,Roberto Sambonet,✅ Found to fetch entity
5263,Rudolf Schoofs,✅ Found to fetch entity
5359,Mark Severin,✅ Found to fetch entity
5452,Mitchell Siporin,✅ Found to fetch entity
5756,John Swope,✅ Found to fetch entity
5835,Emilio Terry,✅ Found to fetch entity
5947,Georg Trump,✅ Found to fetch entity
5956,Hiromi Tsuchida,✅ Found to fetch entity
6196,Gérard Vulliamy,✅ Found to fetch entity
6371,Thomas Wilfred,✅ Found to fetch entity
6541,Enrique Zañartu,✅ Found to fetch entity
6725,Armand Berton,✅ Found to fetch entity
263,academic art,is added movements table
263,academic art,is found in movements table
263,6725,is added in human_movement table
263,6725,is found in human_movement table
6778,Enrique Grau,✅ Found to fetch entity
6893,Zofia Rydet,✅ Found to fetch entity
6952,Ricardo Scofidio,✅ Found to fetch entity
6975,Via Lewandowsky,✅ Found to fetch entity
6992,Gundula Schulze-Eldowy,✅ Found to fetch entity
7133,Robert Welch,✅ Found to fetch entity
7378,Roger Tallon,✅ Found to fetch entity
7613,Peter Lynch,✅ Found to fetch entity
7673,Fred Tomaselli,✅ Found to fetch entity
7901,An-My Lê,✅ Found to fetch entity
7981,Serge Mouille,✅ Found to fetch entity
8609,Osamu Kanemura,✅ Found to fetch entity
14546,Merle Armitage,✅ Found to fetch entity
18844,Ernst Caramelle,✅ Found to fetch entity
22980,Mark Lombardi,✅ Found to fetch entity
264,Neo-conceptual art,is added movements table
264,Neo-conceptual art,is found in movements table
264,22980,is added in human_movement table
264,22980,is found in human_movement table
25817,Walter Hopps,✅ Found to fetch entity
26178,Kai Althoff,✅ Found to fetch entity
26867,Paul Chan,✅ Found to fetch entity
27669,Barry McGee,✅ Found to fetch entity
27904,Naoto Fukasawa,✅ Found to fetch entity
28660,Roger Hiorns,✅ Found to fetch entity
48,contemporary art,is found in movements table
48,28660,is added in human_movement table
48,28660,is found in human_movement table
28714,Lucy McKenzie,✅ Found to fetch entity
48,contemporary art,is found in movements table
48,28714,is added in human_movement table
48,28714,is found in human_movement table
28852,Andro Wekua,✅ Found to fetch entity
29640,Patricia Urquiola,✅ Found to fetch entity
30896,Ingar Dragset,✅ Found to fetch entity
32272,Faith Hubley,✅ Found to fetch entity
32356,Marlon Riggs,✅ Found to fetch entity
32631,Mark Lewis,✅ Found to fetch entity
33913,Trisha Donnelly,✅ Found to fetch entity
34303,Sigalit Landau,✅ Found to fetch entity
48,contemporary art,is found in movements table
48,34303,is added in human_movement table
48,34303,is found in human_movement table
34808,Jill Godmilow,✅ Found to fetch entity
34940,Tim Pope,✅ Found to fetch entity
35380,A. Lawrence Kocher,✅ Found to fetch entity
36931,Louis Adolphe Humbert de Molard,✅ Found to fetch entity
36951,Pierre Mercure,✅ Found to fetch entity
36980,Walead Beshty,✅ Found to fetch entity
37044,Jesper Just,✅ Found to fetch entity
38104,George Landow,✅ Found to fetch entity
38273,Mikhail Cheremnykh,✅ Found to fetch entity
38961,Kiyoji Otsuji,✅ Found to fetch entity
39560,Will Wright,✅ Found to fetch entity
39640,Martin Maloney,✅ Found to fetch entity
48,contemporary art,is found in movements table
48,39640,is added in human_movement table
48,39640,is found in human_movement table
265,Bad Painting,is added movements table
265,Bad Painting,is found in movements table
265,39640,is added in human_movement table
265,39640,is found in human_movement table
40880,Emmy van Leersum,✅ Found to fetch entity
41376,Eugen Hoffmann,✅ Found to fetch entity
41797,Oscar Muñoz,✅ Found to fetch entity
42854,Joseph Byrd,✅ Found to fetch entity
12,Fluxus,is found in movements table
12,42854,is added in human_movement table
12,42854,is found in human_movement table
43501,Liu Xiaodong,✅ Found to fetch entity
45800,Mladen Stilinović,✅ Found to fetch entity
49428,Antonio Marasco,✅ Found to fetch entity
68036,Martine Syms,✅ Found to fetch entity
68319,Bodys Isek Kingelez,✅ Found to fetch entity
69859,Julien Blaine,✅ Found to fetch entity
183,Mail-Art,is found in movements table
183,69859,is added in human_movement table
183,69859,is found in human_movement table
70300,Arnold Belkin,✅ Found to fetch entity
75465,Romuald Hazoumè,✅ Found to fetch entity
134591,Kay WalkingStick,✅ Found to fetch entity
136957,Maxwell Bates,✅ Found to fetch entity
7,Expressionism,is found in movements table
7,136957,is added in human_movement table
7,136957,is found in human_movement table
137173,Ralf Hütter,✅ Found to fetch entity
116,Wobbe Alkema,✅ Found to fetch entity
129,Harold Altman,✅ Found to fetch entity
232,Conrad Atkinson,✅ Found to fetch entity
327,Anthony Barboza,✅ Found to fetch entity
351,David Francis Barry,✅ Found to fetch entity
474,Anthony Benjamin,✅ Found to fetch entity
87,abstract expressionism,is found in movements table
87,474,is added in human_movement table
87,474,is found in human_movement table
699,René Robert Bouché,✅ Found to fetch entity
785,Gottfried Brockmann,✅ Found to fetch entity
266,German Expressionism,is added movements table
266,German Expressionism,is found in movements table
266,785,is added in human_movement table
266,785,is found in human_movement table
876,Paul Burlin,✅ Found to fetch entity
87,abstract expressionism,is found in movements table
87,876,is added in human_movement table
87,876,is found in human_movement table
954,Federico Cantú,✅ Found to fetch entity
1078,Louisa Chase,✅ Found to fetch entity
1155,Carroll Cloar,✅ Found to fetch entity
1216,Gregory Conniff,✅ Found to fetch entity
1245,Eugène Corneau,✅ Found to fetch entity
1257,Jean Cortot,✅ Found to fetch entity
1280,John Covert,✅ Found to fetch entity
1564,Alexander Dobkin,✅ Found to fetch entity
1726,Chansonetta Stanley Emmons,✅ Found to fetch entity
2077,Clive Gardiner,✅ Found to fetch entity
2330,April Greiman,✅ Found to fetch entity
2389,Piero Guccione,✅ Found to fetch entity
2526,Josef Hartwig,✅ Found to fetch entity
2697,Armin Hofmann,✅ Found to fetch entity
2703,Tom Holland,✅ Found to fetch entity
2984,Matsumi Kanemitsu,✅ Found to fetch entity
3027,Kikuji Kawada (川田 喜久治),✅ Found to fetch entity
3101,David Kindersley,✅ Found to fetch entity
3160,Werner Knaupp,✅ Found to fetch entity
3280,Rainer Küchenmeister,✅ Found to fetch entity
3412,Uwe Lausen,✅ Found to fetch entity
3547,Alphonse Liébert,✅ Found to fetch entity
3762,Boris Margo,✅ Found to fetch entity
3,Surrealism,is found in movements table
3,3762,is added in human_movement table
3,3762,is found in human_movement table
3950,Sheila Metzner,✅ Found to fetch entity
3954,Floris Meydam,✅ Found to fetch entity
3965,Midorikawa Yoichi,✅ Found to fetch entity
4398,Elizabeth Olds,✅ Found to fetch entity
65,social realism,is found in movements table
65,4398,is added in human_movement table
65,4398,is found in human_movement table
4404,Axel Olson,✅ Found to fetch entity
4502,Olivia Parker,✅ Found to fetch entity
4608,Lil Picard,✅ Found to fetch entity
267,counterculture,is added movements table
267,counterculture,is found in movements table
267,4608,is added in human_movement table
267,4608,is found in human_movement table
220,avant-garde,is found in movements table
220,4608,is added in human_movement table
220,4608,is found in human_movement table
4678,Gaetano Pompa,✅ Found to fetch entity
4714,Jane Poupelet,✅ Found to fetch entity
4719,Lucio Pozzi,✅ Found to fetch entity
4926,Robert Riggs,✅ Found to fetch entity
5016,James Rosati,✅ Found to fetch entity
87,abstract expressionism,is found in movements table
87,5016,is added in human_movement table
87,5016,is found in human_movement table
5262,Ben Schonzeit,✅ Found to fetch entity
5285,Douglas Schwartz,✅ Found to fetch entity
5300,Patrick Scott,✅ Found to fetch entity
5381,Judith Shea,✅ Found to fetch entity
5525,Eve Sonneman,✅ Found to fetch entity
5691,Max Arthur Stremel,✅ Found to fetch entity
5815,Al Taylor,✅ Found to fetch entity
5839,Nahum Tevet,✅ Found to fetch entity
104,Minimalism,is found in movements table
104,5839,is added in human_movement table
104,5839,is found in human_movement table
5898,Kristians Tonny,✅ Found to fetch entity
3,Surrealism,is found in movements table
3,5898,is added in human_movement table
3,5898,is found in human_movement table
6120,Jorge de la Vega,✅ Found to fetch entity
6162,André Villeboeuf,✅ Found to fetch entity
6330,Harold Weston,✅ Found to fetch entity
6435,Paul Wonner,✅ Found to fetch entity
87,abstract expressionism,is found in movements table
87,6435,is added in human_movement table
87,6435,is found in human_movement table
6658,Louis Malteste,✅ Found to fetch entity
6920,Keith Coventry,✅ Found to fetch entity
48,contemporary art,is found in movements table
48,6920,is added in human_movement table
48,6920,is found in human_movement table
7355,Sigurd Persson,✅ Found to fetch entity
7409,Cecil Stephenson,✅ Found to fetch entity
7471,Hélène Delprat,✅ Found to fetch entity
7538,Henry Bond,✅ Found to fetch entity
48,contemporary art,is found in movements table
48,7538,is added in human_movement table
48,7538,is found in human_movement table
7605,Emil Hoppe,✅ Found to fetch entity
7719,Sven Dalsgaard,✅ Found to fetch entity
7938,Tom Dixon,✅ Found to fetch entity
7974,Ivan Shagin,✅ Found to fetch entity
8125,Massimo Scolari,✅ Found to fetch entity
8651,Matthias Hoch,✅ Found to fetch entity
8902,Terence Riley,✅ Found to fetch entity
10328,Alvin Lustig,✅ Found to fetch entity
19238,Tim Rollins,✅ Found to fetch entity
22719,Manfred Pernice,✅ Found to fetch entity
23264,Claudy Jongstra,✅ Found to fetch entity
24425,Jacques-André Boiffard,✅ Found to fetch entity
24602,Andreas Walser,✅ Found to fetch entity
24770,Miriam Bäckström,✅ Found to fetch entity
26155,Fernando Bryce,✅ Found to fetch entity
26393,Greg Lynn,✅ Found to fetch entity
26637,Glen Luchford,✅ Found to fetch entity
26871,Lars Tunbjörk,✅ Found to fetch entity
27154,Anne Chu,✅ Found to fetch entity
27325,Hans Watzek,✅ Found to fetch entity
27966,Nayland Blake,✅ Found to fetch entity
28195,Christiane Baumgartner,✅ Found to fetch entity
28812,Lucy Skaer,✅ Found to fetch entity
29430,Dan Perjovschi,✅ Found to fetch entity
29592,Thomas Locher,✅ Found to fetch entity
29972,Kota Ezawa,✅ Found to fetch entity
30884,Patrick Corillon,✅ Found to fetch entity
30897,Michael Elmgreen,✅ Found to fetch entity
30938,Noritoshi Hirakawa,✅ Found to fetch entity
30991,J. Abbott Miller,✅ Found to fetch entity
31011,Rob Pruitt,✅ Found to fetch entity
8,pop art,is found in movements table
8,31011,is added in human_movement table
8,31011,is found in human_movement table
31012,Florian Pumhösl,✅ Found to fetch entity
32121,James Young,✅ Found to fetch entity
33398,Leo Matiz,✅ Found to fetch entity
33737,Robert Cahen,✅ Found to fetch entity
62,classical music,is found in movements table
62,33737,is added in human_movement table
62,33737,is found in human_movement table
34841,Donigan Cumming,✅ Found to fetch entity
34894,Pratibha Parmar,✅ Found to fetch entity
35122,Heinz Gappmayr,✅ Found to fetch entity
35468,Claudia Von Alemann,✅ Found to fetch entity
35515,Gusztáv Hámos,✅ Found to fetch entity
35906,Lotty Rosenfeld,✅ Found to fetch entity
12,Fluxus,is found in movements table
12,35906,is added in human_movement table
12,35906,is found in human_movement table
36950,Yoriaki Matsudaira,✅ Found to fetch entity
37071,Glenn O'Brien,✅ Found to fetch entity
37617,Igor Kopystiansky,✅ Found to fetch entity
37779,Jeff Preiss,✅ Found to fetch entity
38013,Joan Semmel,✅ Found to fetch entity
56,feminist art,is found in movements table
56,38013,is added in human_movement table
56,38013,is found in human_movement table
54,hyperrealism,is found in movements table
54,38013,is added in human_movement table
54,38013,is found in human_movement table
39052,Max Penson,✅ Found to fetch entity
39651,Anne Collier,✅ Found to fetch entity
39822,Phil Collins,✅ Found to fetch entity
48,contemporary art,is found in movements table
48,39822,is added in human_movement table
48,39822,is found in human_movement table
39853,Stephen Vitiello,✅ Found to fetch entity
40057,Sanford Biggers,✅ Found to fetch entity
40531,Senga Nengudi,✅ Found to fetch entity
41241,Takuma Nakahira,✅ Found to fetch entity
41310,Noah Purifoy,✅ Found to fetch entity
41444,Ernst Moritz Engert,✅ Found to fetch entity
41664,Wael Shawky,✅ Found to fetch entity
45807,Judith Scott,✅ Found to fetch entity
59,outsider art,is found in movements table
59,45807,is added in human_movement table
59,45807,is found in human_movement table
47164,Patrick Nagel,✅ Found to fetch entity
47237,Brian Griffin,✅ Found to fetch entity
49157,Sanne Sannes,✅ Found to fetch entity
49837,Mark Brusse,✅ Found to fetch entity
66134,Otto Haesler,✅ Found to fetch entity
57,Neues Bauen,is found in movements table
57,66134,is added in human_movement table
57,66134,is found in human_movement table
107890,Fabien Loris,✅ Found to fetch entity
133268,Charlotte Rudolph,✅ Found to fetch entity
133875,Tom Russell,✅ Found to fetch entity
134959,Noa Eshkol,✅ Found to fetch entity
136206,Kazuya Sakai,✅ Found to fetch entity
137242,Virgil Abloh,✅ Found to fetch entity
9,David Aronson,✅ Found to fetch entity
344,Hannelore Baron,✅ Found to fetch entity
545,Domenico Bianchi,✅ Found to fetch entity
694,Dorr Bothwell,✅ Found to fetch entity
747,Pieter Brattinga,✅ Found to fetch entity
928,Jo Ann Callis,✅ Found to fetch entity
1047,Pérez Celis,✅ Found to fetch entity
1163,Chema Cobo,✅ Found to fetch entity
1411,Ron Davis,✅ Found to fetch entity
87,abstract expressionism,is found in movements table
87,1411,is added in human_movement table
87,1411,is found in human_movement table
1505,Gérard Deschamps,✅ Found to fetch entity
1557,Eugenio Dittborn,✅ Found to fetch entity
1856,Gabriel Fernández Ledesma,✅ Found to fetch entity
2070,Paul Gangolf,✅ Found to fetch entity
2105,William Gedney,✅ Found to fetch entity
2391,Svavar Guðnason,✅ Found to fetch entity
2394,Jesús Guerrero Galvan,✅ Found to fetch entity
66,Mexican muralism,is found in movements table
66,2394,is added in human_movement table
66,2394,is found in human_movement table
2451,Raoul Hague,✅ Found to fetch entity
2759,Sipke Huismans,✅ Found to fetch entity
2784,Paul Huxley,✅ Found to fetch entity
2803,Ikkō Narahara (奈良原一高),✅ Found to fetch entity
2850,Takeji Iwamiya,✅ Found to fetch entity
2933,Harold Jones,✅ Found to fetch entity
2934,Joe Jones,✅ Found to fetch entity
12,Fluxus,is found in movements table
12,2934,is added in human_movement table
12,2934,is found in human_movement table
2988,Morris Kantor,✅ Found to fetch entity
21,Catalan modernism,is found in movements table
21,2988,is added in human_movement table
21,2988,is found in human_movement table
1,Cubism,is found in movements table
1,2988,is added in human_movement table
1,2988,is found in human_movement table
3056,Roland Kempe,✅ Found to fetch entity
3267,Harry van Kruiningen,✅ Found to fetch entity
3699,Lucien Mainssieux,✅ Found to fetch entity
3765,Joseph Margulies,✅ Found to fetch entity
3780,Gino Marotta,✅ Found to fetch entity
3803,Raúl Martínez,✅ Found to fetch entity
4103,Carl Morris,✅ Found to fetch entity
4186,Robert Murray,✅ Found to fetch entity
4270,Bea Nettles,✅ Found to fetch entity
4434,George Ortman,✅ Found to fetch entity
4466,Homer Page,✅ Found to fetch entity
4468,Andrzej Pagowski,✅ Found to fetch entity
4482,Jerzy Panek,✅ Found to fetch entity
4599,Coles Phillips,✅ Found to fetch entity
4660,Alfred Pohl,✅ Found to fetch entity
4813,Edward Ranney,✅ Found to fetch entity
4850,Josua Reichert,✅ Found to fetch entity
4939,Humberto Rivas,✅ Found to fetch entity
4974,Juan Antonio Roda,✅ Found to fetch entity
4989,Kurt Roesch,✅ Found to fetch entity
5122,Attilio Salemme,✅ Found to fetch entity
5127,John Salt,✅ Found to fetch entity
210,photorealism,is found in movements table
210,5127,is added in human_movement table
210,5127,is found in human_movement table
5190,Diet Sayler,✅ Found to fetch entity
50,Constructivism,is found in movements table
50,5190,is added in human_movement table
50,5190,is found in human_movement table
5212,Gustav Schenk,✅ Found to fetch entity
5223,Edwin Schlossberg,✅ Found to fetch entity
5462,Birgit Skiöld,✅ Found to fetch entity
5583,Peter Stackpole,✅ Found to fetch entity
5589,Otto Arpke,✅ Found to fetch entity
5644,Gary Stephan,✅ Found to fetch entity
5660,Norman Stevens,✅ Found to fetch entity
5729,Carol Summers,✅ Found to fetch entity
6224,August Walla,✅ Found to fetch entity
6255,Sadao Watanabe,✅ Found to fetch entity
6280,Harry Mohr Weese,✅ Found to fetch entity
6315,Wolfgang von Wersin,✅ Found to fetch entity
6454,Don Worth,✅ Found to fetch entity
6506,Hodaka Yoshida,✅ Found to fetch entity
6644,Roberto Barni,✅ Found to fetch entity
6815,Jimmy DeSana,✅ Found to fetch entity
6855,Gretchen Bender,✅ Found to fetch entity
6863,Robert Stackhouse,✅ Found to fetch entity
6888,Michael Bierut,✅ Found to fetch entity
7116,Judith Francisca Baca,✅ Found to fetch entity
268,National Chicano Moratorium Committee Against the Vietnam War,is added movements table
268,National Chicano Moratorium Committee Against the Vietnam War,is found in movements table
268,7116,is added in human_movement table
268,7116,is found in human_movement table
7317,Donato D'Urbino,✅ Found to fetch entity
7381,Bertel Gardberg,✅ Found to fetch entity
7424,George Howe,✅ Found to fetch entity
7442,Lella Vignelli,✅ Found to fetch entity
7575,Winy Maas,✅ Found to fetch entity
7608,Otto Schönthal,✅ Found to fetch entity
7718,Mogens Balle,✅ Found to fetch entity
8032,Belkis Ayón,✅ Found to fetch entity
8085,Sari Dienes,✅ Found to fetch entity
8089,Christopher Bucklow,✅ Found to fetch entity
8102,Paul Nelson,✅ Found to fetch entity
8122,Fabian Marcaccio,✅ Found to fetch entity
8194,Michael Wesely,✅ Found to fetch entity
8237,Hajo Rose,✅ Found to fetch entity
8316,Esteban Francés,✅ Found to fetch entity
3,Surrealism,is found in movements table
3,8316,is added in human_movement table
3,8316,is found in human_movement table
17332,Bernhard Leitner,✅ Found to fetch entity
22617,Hani Rashid,✅ Found to fetch entity
23421,Christina Ramberg,✅ Found to fetch entity
56,feminist art,is found in movements table
56,23421,is added in human_movement table
56,23421,is found in human_movement table
222,Chicago Imagists,is found in movements table
222,23421,is added in human_movement table
222,23421,is found in human_movement table
24576,František Vobecký,✅ Found to fetch entity
24859,Elinor Carucci,✅ Found to fetch entity
26465,Josiah McElheny,✅ Found to fetch entity
28048,Barry Frydlender,✅ Found to fetch entity
28549,Martin Assig,✅ Found to fetch entity
28602,Jaime Davidovich,✅ Found to fetch entity
12,Fluxus,is found in movements table
12,28602,is added in human_movement table
12,28602,is found in human_movement table
28613,Martin Eder,✅ Found to fetch entity
28781,Eva Rothschild,✅ Found to fetch entity
28806,Andreas Siekmann,✅ Found to fetch entity
28847,Kelley Walker,✅ Found to fetch entity
30271,Sze Tsung Leong,✅ Found to fetch entity
30883,Nathan Coley,✅ Found to fetch entity
48,contemporary art,is found in movements table
48,30883,is added in human_movement table
48,30883,is found in human_movement table
31034,Hubert Schmalix,✅ Found to fetch entity
31242,Bill Morrison,✅ Found to fetch entity
31292,Monika Sosnowska,✅ Found to fetch entity
33825,Aleksandra Mir,✅ Found to fetch entity
34851,Irit Batsry,✅ Found to fetch entity
34862,Jon Alpert,✅ Found to fetch entity
34869,Kevin Godley,✅ Found to fetch entity
34871,Lol Crème,✅ Found to fetch entity
34945,Rudi Dolezal,✅ Found to fetch entity
35516,Guy Ben-Ner,✅ Found to fetch entity
35538,Katsuhiro Yamaguchi,✅ Found to fetch entity
35564,Elsa Stansfield,✅ Found to fetch entity
35980,Gedi Sibony,✅ Found to fetch entity
37179,Martín Ramírez,✅ Found to fetch entity
37694,Jean Tschumi,✅ Found to fetch entity
39487,Armando Andrade Tudela,✅ Found to fetch entity
39633,Jacques Charlier,✅ Found to fetch entity
39856,Henry Patrick Raleigh,✅ Found to fetch entity
39912,Andrei Ujică,✅ Found to fetch entity
39961,Tauba Auerbach,✅ Found to fetch entity
40859,Annemarie Heinrich,✅ Found to fetch entity
41554,Ivan Kožarić,✅ Found to fetch entity
42750,Tom Hunter,✅ Found to fetch entity
44768,Diana Agrest,✅ Found to fetch entity
44883,Camille Henrot,✅ Found to fetch entity
45282,Felipe Ehrenberg,✅ Found to fetch entity
45801,Ed Clark,✅ Found to fetch entity
87,abstract expressionism,is found in movements table
87,45801,is added in human_movement table
87,45801,is found in human_movement table
48044,Anna Boghiguian,✅ Found to fetch entity
48186,George Hand Wright,✅ Found to fetch entity
48318,Ben Johnson,✅ Found to fetch entity
48324,Catherine Yass,✅ Found to fetch entity
48,contemporary art,is found in movements table
48,48324,is added in human_movement table
48,48324,is found in human_movement table
48440,Werner David Feist,✅ Found to fetch entity
48774,Luc Delahaye,✅ Found to fetch entity
49122,Michael Gitlin,✅ Found to fetch entity
49584,Shaun Gladwell,✅ Found to fetch entity
50083,Richard Learoyd,✅ Found to fetch entity
67288,Whitfield Lovell,✅ Found to fetch entity
67622,Feliza Bursztyn,✅ Found to fetch entity
68261,Marie Losier,✅ Found to fetch entity
69879,Aubrey Powell,✅ Found to fetch entity
74339,Saloua Raouda Choucair,✅ Found to fetch entity
64,abstract art,is found in movements table
64,74339,is added in human_movement table
64,74339,is found in human_movement table
176,Hurufiyya movement,is found in movements table
176,74339,is added in human_movement table
176,74339,is found in human_movement table
134179,Huguette Caland,✅ Found to fetch entity
135226,Rose Finn-Kelcey,✅ Found to fetch entity
135871,Friedrich König,✅ Found to fetch entity
137004,Nanos Valaoritis,✅ Found to fetch entity
137966,Samia Halaby,✅ Found to fetch entity
138471,Paul Bonet,✅ Found to fetch entity
40,Jussuf Abbo,✅ Found to fetch entity
61,Alice Adams,✅ Found to fetch entity
88,Gregory Ain,✅ Found to fetch entity
118,Alexander Alland,✅ Found to fetch entity
161,Clarence William Anderson,✅ Found to fetch entity
233,Lawrence Atkinson,✅ Found to fetch entity
507,Cundo Bermúdez,✅ Found to fetch entity
562,Robert J. Bingham,✅ Found to fetch entity
793,Stig Brøgger,✅ Found to fetch entity
828,Donald Brun,✅ Found to fetch entity
839,Gernot Bubenik,✅ Found to fetch entity
878,Ian Burn,✅ Found to fetch entity
23,conceptual art,is found in movements table
23,878,is added in human_movement table
23,878,is found in human_movement table
178,Art & Language,is found in movements table
178,878,is added in human_movement table
178,878,is found in human_movement table
1126,Nicolai Cikovsky,✅ Found to fetch entity
1612,Tom Drahos,✅ Found to fetch entity
1687,Benni Efrat,✅ Found to fetch entity
1700,Hans Eijkelboom,✅ Found to fetch entity
1896,Joel Fisher,✅ Found to fetch entity
1939,Lauren Ford,✅ Found to fetch entity
1941,Pere Formiguera,✅ Found to fetch entity
1991,Leonard French,✅ Found to fetch entity
2060,Frank Gallo,✅ Found to fetch entity
2104,Sonia Gechtoff,✅ Found to fetch entity
87,abstract expressionism,is found in movements table
87,2104,is added in human_movement table
87,2104,is found in human_movement table
2152,Ruth Gikow,✅ Found to fetch entity
2160,Gregory Gillespie,✅ Found to fetch entity
2322,Gertrude Greene,✅ Found to fetch entity
64,abstract art,is found in movements table
64,2322,is added in human_movement table
64,2322,is found in human_movement table
2334,Hermann Gretsch,✅ Found to fetch entity
2354,René Groebli,✅ Found to fetch entity
2387,Klaas Gubbels,✅ Found to fetch entity
2446,Otto Hagel,✅ Found to fetch entity
2545,Paul Haustein,✅ Found to fetch entity
2668,Stefan Hirsch,✅ Found to fetch entity
2673,Franz Hitzler,✅ Found to fetch entity
2717,Lorenzo Homar,✅ Found to fetch entity
2761,John Hultberg,✅ Found to fetch entity
87,abstract expressionism,is found in movements table
87,2761,is added in human_movement table
87,2761,is found in human_movement table
2816,Genichiro Inokuma,✅ Found to fetch entity
2929,Ynez Johnston,✅ Found to fetch entity
2935,John Paul Jones,✅ Found to fetch entity
2936,Pirkle Jones,✅ Found to fetch entity
3050,Leon Kelly,✅ Found to fetch entity
3053,Paul Kelpe,✅ Found to fetch entity
64,abstract art,is found in movements table
64,3053,is added in human_movement table
64,3053,is found in human_movement table
3074,Jon Kessler,✅ Found to fetch entity
3087,William Kienbusch,✅ Found to fetch entity
3167,Christopher Knowles,✅ Found to fetch entity
3257,Vilem Kriz,✅ Found to fetch entity
3393,William G. Larson,✅ Found to fetch entity
3625,Hans Luckhardt,✅ Found to fetch entity
3678,Bea Maddock,✅ Found to fetch entity
3870,Henry McCarter,✅ Found to fetch entity
3907,Howard Mehring,✅ Found to fetch entity
3961,Lucjan Mianowski,✅ Found to fetch entity
4180,Catherine Murphy,✅ Found to fetch entity
4236,Jacques Nathan-Garamond,✅ Found to fetch entity
4251,Joseph Nechvatal,✅ Found to fetch entity
4258,Joan Nelson,✅ Found to fetch entity
4344,Thomas Nozkowski,✅ Found to fetch entity
4478,Sven Palmqvist,✅ Found to fetch entity
4683,Jacqueline Poncelet,✅ Found to fetch entity
4799,Gunter Rambow,✅ Found to fetch entity
4872,Marcia Resnick,✅ Found to fetch entity
4983,Manuel Rodríguez Lozano,✅ Found to fetch entity
66,Mexican muralism,is found in movements table
66,4983,is added in human_movement table
66,4983,is found in human_movement table
4999,Gilbert Rohde,✅ Found to fetch entity
5011,Gust Romijn,✅ Found to fetch entity
5051,Paul Rotterdam,✅ Found to fetch entity
5071,Leo Rubinfien,✅ Found to fetch entity
5313,Paul Adolf Seehaus,✅ Found to fetch entity
7,Expressionism,is found in movements table
7,5313,is added in human_movement table
7,5313,is found in human_movement table
5327,Alfred Seiland,✅ Found to fetch entity
5599,Julian Stanczak,✅ Found to fetch entity
5646,Magnus Stephensen,✅ Found to fetch entity
5666,Nanny Still,✅ Found to fetch entity
5953,Oswald Tschirtner,✅ Found to fetch entity
6142,David Vestal,✅ Found to fetch entity
6410,Kurt Wirth,✅ Found to fetch entity
6484,Takeo Yamaguchi,✅ Found to fetch entity
6732,Hananiah Harari,✅ Found to fetch entity
6754,Sidney Shapiro,✅ Found to fetch entity
6966,Edward Larrabee Barnes,✅ Found to fetch entity
7101,James Romberger,✅ Found to fetch entity
7180,"Pininfarina (Battista ""Pinin"" Farina)",✅ Found to fetch entity
7494,Sue Williams,✅ Found to fetch entity
7664,John Claude White,✅ Found to fetch entity
7834,Rose Mandel,✅ Found to fetch entity
7847,Raphael Montañez Ortiz,✅ Found to fetch entity
7896,Stephen Westfall,✅ Found to fetch entity
8062,Hans Coray,✅ Found to fetch entity
8259,Willem Hendrik Gispen,✅ Found to fetch entity
8328,Polly Apfelbaum,✅ Found to fetch entity
8399,Pierre Gauchat,✅ Found to fetch entity
8928,Coop Himmelb(l)au,✅ Found to fetch entity
12171,Nikolai Kul'bin,✅ Found to fetch entity
22284,Masayuki Nagare,✅ Found to fetch entity
22481,Manfredo Massironi,✅ Found to fetch entity
22935,Matthew Ritchie,✅ Found to fetch entity
24586,Alma Siedhoff-Buscher,✅ Found to fetch entity
24771,Oliver Boberg,✅ Found to fetch entity
25977,Jessica Diamond,✅ Found to fetch entity
26421,Louise Wilson,✅ Found to fetch entity
26446,Simone Nieweg,✅ Found to fetch entity
27436,Farshid Moussavi,✅ Found to fetch entity
27822,Melanie Smith,✅ Found to fetch entity
48,contemporary art,is found in movements table
48,27822,is added in human_movement table
48,27822,is found in human_movement table
28232,Bob Noorda,✅ Found to fetch entity
28543,Hurvin Anderson,✅ Found to fetch entity
48,contemporary art,is found in movements table
48,28543,is added in human_movement table
48,28543,is found in human_movement table
28570,Carol Bove,✅ Found to fetch entity
28742,Paulina Olowska,✅ Found to fetch entity
30654,Gary Hincks,✅ Found to fetch entity
30723,Amanda Levete,✅ Found to fetch entity
30916,Simryn Gill,✅ Found to fetch entity
30923,Franz Graf,✅ Found to fetch entity
31020,Willem de Rooij,✅ Found to fetch entity
31033,Markus Schinwald,✅ Found to fetch entity
31308,Aloys Zötl,✅ Found to fetch entity
32750,Chip Lord,✅ Found to fetch entity
32792,David Askevold,✅ Found to fetch entity
33197,Yves Béhar,✅ Found to fetch entity
34462,Marine Hugonnier,✅ Found to fetch entity
34708,Sterling Ruby,✅ Found to fetch entity
34821,Bob Giraldi,✅ Found to fetch entity
34825,Bruce Gowers,✅ Found to fetch entity
35340,Amar Kanwar,✅ Found to fetch entity
35474,Jacques Louis Nyst,✅ Found to fetch entity
35796,Henry Flynt,✅ Found to fetch entity
12,Fluxus,is found in movements table
12,35796,is added in human_movement table
12,35796,is found in human_movement table
36892,Song Dong,✅ Found to fetch entity
38687,Carmela Gross,✅ Found to fetch entity
38858,Deana Lawson,✅ Found to fetch entity
41251,John Outterbridge,✅ Found to fetch entity
41479,Jean Badovici,✅ Found to fetch entity
41758,Iván Hevesy,✅ Found to fetch entity
42265,Alexey Pajitnov,✅ Found to fetch entity
43480,Thomas Lanigan-Schmidt,✅ Found to fetch entity
215,Pattern and Decoration,is found in movements table
215,43480,is added in human_movement table
215,43480,is found in human_movement table
44508,Delia Smith,✅ Found to fetch entity
45203,Heidi Bucher,✅ Found to fetch entity
46584,Leo Fender,✅ Found to fetch entity
47288,András Wahorn,✅ Found to fetch entity
47458,Sarah Grilo,✅ Found to fetch entity
47956,Uche Okeke,✅ Found to fetch entity
48095,Sou Fujimoto,✅ Found to fetch entity
48280,Hal Missingham,✅ Found to fetch entity
140,realism,is found in movements table
140,48280,is added in human_movement table
140,48280,is found in human_movement table
48422,Sven-Åke Johansson,✅ Found to fetch entity
50018,Franz Weissmann,✅ Found to fetch entity
66091,Lois Dodd,✅ Found to fetch entity
69483,Mark Stewart,✅ Found to fetch entity
69898,Françoise Janicot,✅ Found to fetch entity
73104,Julia Scher,✅ Found to fetch entity
73693,Wang Qingsong,✅ Found to fetch entity
74134,Boyd Rice,✅ Found to fetch entity
131607,Benode Behari Mukherjee,✅ Found to fetch entity
132734,Hans Behrendt,✅ Found to fetch entity
133356,Wang Shu,✅ Found to fetch entity
134119,Barbara Rossi,✅ Found to fetch entity
222,Chicago Imagists,is found in movements table
222,134119,is added in human_movement table
222,134119,is found in human_movement table
137062,Robert Farris Thompson,✅ Found to fetch entity
137438,Louis Oppenheim,✅ Found to fetch entity
37,Jules Aarons,✅ Found to fetch entity
143,Irving Amen,✅ Found to fetch entity
257,Pierre Ayot,✅ Found to fetch entity
279,Frank Badur,✅ Found to fetch entity
324,Rudolf Baranik,✅ Found to fetch entity
473,Jim Bengston,✅ Found to fetch entity
476,Henry Hamilton Bennett,✅ Found to fetch entity
673,Peter Booth,✅ Found to fetch entity
860,John G. Bullock,✅ Found to fetch entity
991,Mario Carrieri,✅ Found to fetch entity
1031,Rosemarie Castoro,✅ Found to fetch entity
1070,Walter Chappell,✅ Found to fetch entity
1117,Halina Chrostowska,✅ Found to fetch entity
1225,George Constant,✅ Found to fetch entity
1344,Ronnie Cutrone,✅ Found to fetch entity
8,pop art,is found in movements table
8,1344,is added in human_movement table
8,1344,is found in human_movement table
1409,Lynn Davis,✅ Found to fetch entity
1659,Caroline Durieux,✅ Found to fetch entity
1697,Hermann Eidenbenz,✅ Found to fetch entity
1729,Jules Engel,✅ Found to fetch entity
1804,Thomaz Farkas,✅ Found to fetch entity
1981,David Fredenthal,✅ Found to fetch entity
2064,José Gamarra,✅ Found to fetch entity
2217,Shirley Goldfarb,✅ Found to fetch entity
87,abstract expressionism,is found in movements table
87,2217,is added in human_movement table
87,2217,is found in human_movement table
2368,Maurice Grosser,✅ Found to fetch entity
2625,Raymonde Heudebert,✅ Found to fetch entity
2712,Pieter Holstein,✅ Found to fetch entity
2817,Will Insley,✅ Found to fetch entity
2866,Walter Jacob,✅ Found to fetch entity
2882,Sidney Janis,✅ Found to fetch entity
2901,Werner Jeker,✅ Found to fetch entity
2940,Sven Jonson,✅ Found to fetch entity
2952,Bishin Jumonji,✅ Found to fetch entity
3018,Leo Katz,✅ Found to fetch entity
3029,Kawanishi Hide,✅ Found to fetch entity
3407,Jean Launois,✅ Found to fetch entity
3440,Lawrence Lebduska,✅ Found to fetch entity
3509,Julian E. Levi,✅ Found to fetch entity
3588,Alfred Lombard,✅ Found to fetch entity
3673,Angus MacLise,✅ Found to fetch entity
3706,Zbigniew Makowski,✅ Found to fetch entity
3797,Ezio Martinelli,✅ Found to fetch entity
87,abstract expressionism,is found in movements table
87,3797,is added in human_movement table
87,3797,is found in human_movement table
3914,Mohamed Melehi,✅ Found to fetch entity
3942,Felix Meseck,✅ Found to fetch entity
3973,Tomio Miki,✅ Found to fetch entity
3997,Peter Milton,✅ Found to fetch entity
4008,Marilyn Minter,✅ Found to fetch entity
8,pop art,is found in movements table
8,4008,is added in human_movement table
8,4008,is found in human_movement table
48,contemporary art,is found in movements table
48,4008,is added in human_movement table
48,4008,is found in human_movement table
56,feminist art,is found in movements table
56,4008,is added in human_movement table
56,4008,is found in human_movement table
4216,Iwata Nakayama,✅ Found to fetch entity
4302,Rodolfo Nieto,✅ Found to fetch entity
4386,Koyo Okada,✅ Found to fetch entity
4435,Erik Ortvad,✅ Found to fetch entity
4444,Arthur Osver,✅ Found to fetch entity
4512,Roi Partridge,✅ Found to fetch entity
4686,Isabel Pons,✅ Found to fetch entity
4729,James Prestini,✅ Found to fetch entity
4733,Zlatko Prica,✅ Found to fetch entity
4752,Peter Rose Pulham,✅ Found to fetch entity
4793,Tomas Rajlich,✅ Found to fetch entity
5028,Seymour Rosofsky,✅ Found to fetch entity
5183,Naomi Savage,✅ Found to fetch entity
5487,Kimber Smith,✅ Found to fetch entity
5529,Jørgen Haugen Sørensen,✅ Found to fetch entity
5710,Walter Stuempfig,✅ Found to fetch entity
5738,Hugo Suter,✅ Found to fetch entity
5773,Yasse Tabuchi,✅ Found to fetch entity
5818,Richard Taylor,✅ Found to fetch entity
5878,William Tillyer,✅ Found to fetch entity
5903,Mario Toral,✅ Found to fetch entity
5904,Helen Torr,✅ Found to fetch entity
5928,Joyce Treiman,✅ Found to fetch entity
6040,Tony Urquhart,✅ Found to fetch entity
6222,Todd Walker,✅ Found to fetch entity
6289,Wolfgang Weingart,✅ Found to fetch entity
6415,Adrian Wiszniewski,✅ Found to fetch entity
6445,George Woodman,✅ Found to fetch entity
215,Pattern and Decoration,is found in movements table
215,6445,is added in human_movement table
215,6445,is found in human_movement table
6974,Deborah Kass,✅ Found to fetch entity
7044,Junichi Arai,✅ Found to fetch entity
7446,Moira Dryer,✅ Found to fetch entity
7523,Willie Birch,✅ Found to fetch entity
7726,Jeanne Bardey,✅ Found to fetch entity
8061,Osvaldo Borsani,✅ Found to fetch entity
8092,Suzan Frecon,✅ Found to fetch entity
8094,Marco Breuer,✅ Found to fetch entity
8140,Mario Gabinio,✅ Found to fetch entity
8385,Frank Newbould,✅ Found to fetch entity
8397,Emil Ruder,✅ Found to fetch entity
8502,George Grantham Bain,✅ Found to fetch entity
9345,"Allgemeine Elektricitäts Gesellschaft (A.E.G.), Germany",✅ Found to fetch entity
12318,Sergei Bobrov,✅ Found to fetch entity
14138,Nikki Bell,✅ Found to fetch entity
20080,Robert Blackburn,✅ Found to fetch entity
20354,Alfredo Boulton,✅ Found to fetch entity
23439,Lev Bruni,✅ Found to fetch entity
24430,Marjorie Content,✅ Found to fetch entity
24538,József Pécsi,✅ Found to fetch entity
24697,Tokujin Yoshioka,✅ Found to fetch entity
25599,Denise Green,✅ Found to fetch entity
26128,Adolf Gustav Friedrich Schneck,✅ Found to fetch entity
26129,Adolf Abel,✅ Found to fetch entity
28738,David Noonan,✅ Found to fetch entity
28814,Zak Smith,✅ Found to fetch entity
28820,Frances Stark,✅ Found to fetch entity
28826,Katja Strunz,✅ Found to fetch entity
28862,Richard Wright,✅ Found to fetch entity
48,contemporary art,is found in movements table
48,28862,is added in human_movement table
48,28862,is found in human_movement table
30879,Mircea Cantor,✅ Found to fetch entity
31035,Ferdinand Schmatz,✅ Found to fetch entity
31048,Wolfgang Staehle,✅ Found to fetch entity
31050,Dominik Steiger,✅ Found to fetch entity
31062,Christoph Tannert,✅ Found to fetch entity
31732,Christoph Ruckhäberle,✅ Found to fetch entity
31742,Joëlle Tuerlinckx,✅ Found to fetch entity
32560,Kohei Yoshiyuki,✅ Found to fetch entity
32796,David Robilliard,✅ Found to fetch entity
48,contemporary art,is found in movements table
48,32796,is added in human_movement table
48,32796,is found in human_movement table
33750,Paolo Canevari,✅ Found to fetch entity
33865,Ivan Serpa,✅ Found to fetch entity
35067,Peter Singer,✅ Found to fetch entity
35986,Klara Liden,✅ Found to fetch entity
37360,Matthias Sauerbruch,✅ Found to fetch entity
37361,Louisa Hutton,✅ Found to fetch entity
37764,Anne Lacaton,✅ Found to fetch entity
38027,Alex Prager,✅ Found to fetch entity
41167,Rüdiger Berlit,✅ Found to fetch entity
41393,Alfred Zacharias,✅ Found to fetch entity
41828,Cathy Wilkes,✅ Found to fetch entity
42491,Richard Barnes,✅ Found to fetch entity
43277,Richard Maxfield,✅ Found to fetch entity
12,Fluxus,is found in movements table
12,43277,is added in human_movement table
12,43277,is found in human_movement table
43440,John Langdon,✅ Found to fetch entity
44065,Michael C. Gross,✅ Found to fetch entity
46495,Adelle Lutz,✅ Found to fetch entity
46630,Massimo Banzi,✅ Found to fetch entity
46786,Billy Name,✅ Found to fetch entity
46873,Arrigo Lora Totino,✅ Found to fetch entity
47530,Bill Fontana,✅ Found to fetch entity
47854,Thomas Zipp,✅ Found to fetch entity
48050,Martine Bedin,✅ Found to fetch entity
48600,Alison Rossiter,✅ Found to fetch entity
48752,Kristin Oppenheim,✅ Found to fetch entity
49194,Newton Harrison,✅ Found to fetch entity
67625,Jochen Lempert,✅ Found to fetch entity
67949,Regina José Galindo,✅ Found to fetch entity
69882,John Furnival,✅ Found to fetch entity
183,Mail-Art,is found in movements table
183,69882,is added in human_movement table
183,69882,is found in human_movement table
70054,Norma Kamali,✅ Found to fetch entity
74554,Ulla von Brandenburg,✅ Found to fetch entity
132441,Suzy Lake,✅ Found to fetch entity
133276,Germán Cueto,✅ Found to fetch entity
136102,Pacita Abad,✅ Found to fetch entity
56,feminist art,is found in movements table
56,136102,is added in human_movement table
56,136102,is found in human_movement table
44,Robert Abel,✅ Found to fetch entity
46,Sigmund Abeles,✅ Found to fetch entity
103,Albert Alcalay,✅ Found to fetch entity
131,Gioacchino Altobelli,✅ Found to fetch entity
259,Luis Cruz Azaceta,✅ Found to fetch entity
409,Lester Beall,✅ Found to fetch entity
487,Roberto Berdecio,✅ Found to fetch entity
519,Judith Bernstein,✅ Found to fetch entity
56,feminist art,is found in movements table
56,519,is added in human_movement table
56,519,is found in human_movement table
607,Gay Block,✅ Found to fetch entity
764,Uwe Bremer,✅ Found to fetch entity
787,Gandy Brodie,✅ Found to fetch entity
919,Letterio Calapai,✅ Found to fetch entity
1205,Ulysse Comtois,✅ Found to fetch entity
1240,Edward Corbett,✅ Found to fetch entity
87,abstract expressionism,is found in movements table
87,1240,is added in human_movement table
87,1240,is found in human_movement table
1596,Francisco Dosamantes,✅ Found to fetch entity
1677,Thomas Eckersley,✅ Found to fetch entity
1720,Kosso Eloul,✅ Found to fetch entity
1834,Harold Feinstein,✅ Found to fetch entity
1854,Agustín Fernández,✅ Found to fetch entity
1978,Gianfranco Frattini,✅ Found to fetch entity
2051,Vasudeo S. Gaitonde,✅ Found to fetch entity
87,abstract expressionism,is found in movements table
87,2051,is added in human_movement table
87,2051,is found in human_movement table
2187,Joseph Glasco,✅ Found to fetch entity
87,abstract expressionism,is found in movements table
87,2187,is added in human_movement table
87,2187,is found in human_movement table
2255,Fritz Goro,✅ Found to fetch entity
2263,Zbigniew Gostomski,✅ Found to fetch entity
2290,Toni Grand,✅ Found to fetch entity
2411,Satish Gujral,✅ Found to fetch entity
2538,Shigeru Hatsuyama,✅ Found to fetch entity
2542,Johann Hauser,✅ Found to fetch entity
2654,Fannie Hillsmith,✅ Found to fetch entity
2789,Scott Hyde,✅ Found to fetch entity
2805,Toshimitsu Imai,✅ Found to fetch entity
2823,David Ireland,✅ Found to fetch entity
23,conceptual art,is found in movements table
23,2823,is added in human_movement table
23,2823,is found in human_movement table
2858,Robert Jacks,✅ Found to fetch entity
3058,Mel Kendrick,✅ Found to fetch entity
3060,Clarence Kennedy,✅ Found to fetch entity
3119,Toshiyuki Kita,✅ Found to fetch entity
3152,Gustav Kluge,✅ Found to fetch entity
3300,Lawrence Kupferman,✅ Found to fetch entity
3383,Tadeusz Lapinski,✅ Found to fetch entity
3386,Magali Lara,✅ Found to fetch entity
3437,Alun Leach-Jones,✅ Found to fetch entity
3684,Karel Maes,✅ Found to fetch entity
3845,Holger Matthies,✅ Found to fetch entity
3894,George McNeil,✅ Found to fetch entity
3991,Edward Millman,✅ Found to fetch entity
4097,Andreas Moritz,✅ Found to fetch entity
4414,Rodolfo Opazo,✅ Found to fetch entity
4500,Ann Parker,✅ Found to fetch entity
4775,Walter Quirt,✅ Found to fetch entity
4781,Leo Rabkin,✅ Found to fetch entity
4839,Robert S. Redfield,✅ Found to fetch entity
4885,Grant T. Reynard,✅ Found to fetch entity
5282,Peter Schuyff,✅ Found to fetch entity
5286,Manfred Schwartz,✅ Found to fetch entity
5368,Li-Fa Shaih,✅ Found to fetch entity
5374,Honoré Sharrer,✅ Found to fetch entity
5386,Peter Shelton,✅ Found to fetch entity
142,postminimalism,is found in movements table
142,5386,is added in human_movement table
142,5386,is found in human_movement table
5506,Giacomo Soffiantino,✅ Found to fetch entity
64,abstract art,is found in movements table
64,5506,is added in human_movement table
64,5506,is found in human_movement table
5761,Sam Szafran,✅ Found to fetch entity
5763,Geza Szobel,✅ Found to fetch entity
5793,Reuben Tam,✅ Found to fetch entity
5868,Leslie Thornton,✅ Found to fetch entity
5926,Marc Treib,✅ Found to fetch entity
6038,Maciej Urbaniec,✅ Found to fetch entity
6285,Elbert Weinberg,✅ Found to fetch entity
6422,Emerson Woelffer,✅ Found to fetch entity
87,abstract expressionism,is found in movements table
87,6422,is added in human_movement table
87,6422,is found in human_movement table
6478,Kazuo Yagi,✅ Found to fetch entity
6522,Peter Young,✅ Found to fetch entity
87,abstract expressionism,is found in movements table
87,6522,is added in human_movement table
87,6522,is found in human_movement table
6681,Robert Engels,✅ Found to fetch entity
6806,Dan Dailey,✅ Found to fetch entity
6891,Victor Skrebneski,✅ Found to fetch entity
6896,Edward Cheney,✅ Found to fetch entity
6971,Jacob Jongert,✅ Found to fetch entity
6987,Robert Dawson,✅ Found to fetch entity
7087,Eric Drooker,✅ Found to fetch entity
7480,Enrique Chagoya,✅ Found to fetch entity
48,contemporary art,is found in movements table
48,7480,is added in human_movement table
48,7480,is found in human_movement table
7618,Nicola Tyson,✅ Found to fetch entity
7688,Adam Bartos,✅ Found to fetch entity
7894,Peter Stroud,✅ Found to fetch entity
8247,Harry Shunk,✅ Found to fetch entity
8252,Mac Adams,✅ Found to fetch entity
8386,Pierre Fix-Masseau,✅ Found to fetch entity
8395,Alton Kelley,✅ Found to fetch entity
8433,Grete Jalk,✅ Found to fetch entity
8457,Humberto Campana,✅ Found to fetch entity
14137,Ben Langlands,✅ Found to fetch entity
22618,Lise Anne Couture,✅ Found to fetch entity
22697,Brad Kahlhamer,✅ Found to fetch entity
23881,Viola Gråsten,✅ Found to fetch entity
24470,Imre Kinszki,✅ Found to fetch entity
24577,Wanda Wulz,✅ Found to fetch entity
25103,Jutta Sika,✅ Found to fetch entity
25997,Myron Goldsmith,✅ Found to fetch entity
26131,Richard Döcker,✅ Found to fetch entity
26166,Carl Auböck,✅ Found to fetch entity
27007,Kenji Ekuan,✅ Found to fetch entity
27786,Anthony Dunne,✅ Found to fetch entity
28429,Raqib Shaw,✅ Found to fetch entity
28552,Monika Baer,✅ Found to fetch entity
28658,Jörg Herold,✅ Found to fetch entity
28663,Christian Holstad,✅ Found to fetch entity
28733,Rei Naito,✅ Found to fetch entity
28789,Yehudit Sasportas,✅ Found to fetch entity
28791,Matt Saunders,✅ Found to fetch entity
30717,Glenn Brown,✅ Found to fetch entity
48,contemporary art,is found in movements table
48,30717,is added in human_movement table
48,30717,is found in human_movement table
30850,Maria Thereza Alves,✅ Found to fetch entity
31031,Eran Schaerf,✅ Found to fetch entity
31036,Rudolf Schmitz,✅ Found to fetch entity
31381,Franz Kaltenbeck,✅ Found to fetch entity
31960,Jorge Macchi,✅ Found to fetch entity
32559,Berni Searle,✅ Found to fetch entity
32690,Seth Price,✅ Found to fetch entity
23,conceptual art,is found in movements table
23,32690,is added in human_movement table
23,32690,is found in human_movement table
33131,Matthew Pillsbury,✅ Found to fetch entity
34174,Richard Hutten,✅ Found to fetch entity
34451,Jennifer Allora,✅ Found to fetch entity
34698,James Luna,✅ Found to fetch entity
34789,George Bures Miller,✅ Found to fetch entity
34854,Jean-Bernard Menoud,✅ Found to fetch entity
34898,Richard Lowenstein,✅ Found to fetch entity
35421,Enrico David,✅ Found to fetch entity
35895,Alfred Choubrac,✅ Found to fetch entity
36548,Rosa Loy,✅ Found to fetch entity
36615,Guido van der Werve,✅ Found to fetch entity
36617,Edith Dekyndt,✅ Found to fetch entity
36619,Tomás Saraceno,✅ Found to fetch entity
37181,Laurel Nakadate,✅ Found to fetch entity
37681,Teresita Fernández,✅ Found to fetch entity
38245,Marcel Alocco,✅ Found to fetch entity
38914,Andrea Geyer,✅ Found to fetch entity
39007,Carl Becker,✅ Found to fetch entity
39904,Walter Käch,✅ Found to fetch entity
39943,Ray Yoshida,✅ Found to fetch entity
222,Chicago Imagists,is found in movements table
222,39943,is added in human_movement table
222,39943,is found in human_movement table
40559,Mathias Poledna,✅ Found to fetch entity
40921,Abraham Cruzvillegas,✅ Found to fetch entity
41159,Richard Bampi,✅ Found to fetch entity
41279,Fred Eversley,✅ Found to fetch entity
42816,Filip Dujardin,✅ Found to fetch entity
42909,Bill Bollinger,✅ Found to fetch entity
104,Minimalism,is found in movements table
104,42909,is added in human_movement table
104,42909,is found in human_movement table
43281,Mary Vieira,✅ Found to fetch entity
44622,Peter Buggenhout,✅ Found to fetch entity
44912,Lee Jaffe,✅ Found to fetch entity
47316,Chris D.,✅ Found to fetch entity
47359,Annette Peacock,✅ Found to fetch entity
48464,Max Abramovitz,✅ Found to fetch entity
48658,Aaron Curry,✅ Found to fetch entity
48913,Will Burtin,✅ Found to fetch entity
49089,Clare Strand,✅ Found to fetch entity
49222,Jumana Manna,✅ Found to fetch entity
49261,Robert Massin,✅ Found to fetch entity
49855,Edvard Ravnikar,✅ Found to fetch entity
49959,Luc Dietrich,✅ Found to fetch entity
62654,James Ingo Freed,✅ Found to fetch entity
66101,Eileen Cowin,✅ Found to fetch entity
67264,Ewald Hoinkis,✅ Found to fetch entity
67272,Toyin Ojih Odutola,✅ Found to fetch entity
68247,Douglas Lockwood,✅ Found to fetch entity
69701,Ted Joans,✅ Found to fetch entity
32,Beat Generation,is found in movements table
32,69701,is added in human_movement table
32,69701,is found in human_movement table
71721,Gavin Jantjes,✅ Found to fetch entity
73135,Mira Schor,✅ Found to fetch entity
75011,Nelly Richard,✅ Found to fetch entity
131891,Paolo Roversi,✅ Found to fetch entity
132145,Jeff Mermelstein,✅ Found to fetch entity
137028,Ronald Sukenick,✅ Found to fetch entity
137048,Susana Wald,✅ Found to fetch entity
137102,Takao Tanabe,✅ Found to fetch entity
137574,Beverly Buchanan,✅ Found to fetch entity
111,Carlo Alfano,✅ Found to fetch entity
506,Zeke Berman,✅ Found to fetch entity
569,James Bishop,✅ Found to fetch entity
87,abstract expressionism,is found in movements table
87,569,is added in human_movement table
87,569,is found in human_movement table
638,Blythe Bohnen,✅ Found to fetch entity
642,Charles Boily,✅ Found to fetch entity
733,Dove Bradshaw,✅ Found to fetch entity
882,Marsha Burns,✅ Found to fetch entity
1026,Julio Castellanos,✅ Found to fetch entity
1336,William R. Current,✅ Found to fetch entity
1367,Oskar Dalvit,✅ Found to fetch entity
1460,Howard Dearstyne,✅ Found to fetch entity
1545,Laddie John Dill,✅ Found to fetch entity
1548,Rick Dingus,✅ Found to fetch entity
1572,Isami Doi,✅ Found to fetch entity
1912,Karl Anton Fleck,✅ Found to fetch entity
2005,Dan Friedman,✅ Found to fetch entity
2046,Wolfgang Gäfgen,✅ Found to fetch entity
2267,Hans Gött,✅ Found to fetch entity
2279,Gottfried Graf,✅ Found to fetch entity
2445,Hideo Haga,✅ Found to fetch entity
2476,Theora Hamblett,✅ Found to fetch entity
2539,Pierre Haubensak,✅ Found to fetch entity
2951,Mervin Jules,✅ Found to fetch entity
2960,Reuben Kadish,✅ Found to fetch entity
3039,Neysa McMein,✅ Found to fetch entity
3244,George Krause,✅ Found to fetch entity
3251,Irving Kriesberg,✅ Found to fetch entity
3433,Guillaume Le Roy,✅ Found to fetch entity
3506,Hugo Leven,✅ Found to fetch entity
4090,Maud Morgan,✅ Found to fetch entity
4149,Grégoire Müller,✅ Found to fetch entity
4308,Gladys Nilsson,✅ Found to fetch entity
222,Chicago Imagists,is found in movements table
222,4308,is added in human_movement table
222,4308,is found in human_movement table
4371,Miguel Ocampo,✅ Found to fetch entity
4395,Alexander Olbricht,✅ Found to fetch entity
4498,Harold Paris,✅ Found to fetch entity
4598,Ellen Phelan,✅ Found to fetch entity
56,feminist art,is found in movements table
56,4598,is added in human_movement table
56,4598,is found in human_movement table
4614,Joseph Pickett,✅ Found to fetch entity
4629,Giovanni Pintori,✅ Found to fetch entity
4712,Hannes Postma,✅ Found to fetch entity
4718,Rudy Pozzatti,✅ Found to fetch entity
5008,Romolo Romani,✅ Found to fetch entity
5108,Rolf Sackenheim,✅ Found to fetch entity
5150,Armin Sandig,✅ Found to fetch entity
5176,Michel Sauer,✅ Found to fetch entity
5289,Reiner Schwarz,✅ Found to fetch entity
5512,Luis Alberto Solari,✅ Found to fetch entity
5695,James Strombotne,✅ Found to fetch entity
5712,Jan Stussy,✅ Found to fetch entity
5733,Superstudio,✅ Found to fetch entity
5768,Ivan Tabaković,✅ Found to fetch entity
5832,Rouben Ter-Arutunian,✅ Found to fetch entity
6217,Sylvia Wald,✅ Found to fetch entity
6306,James Lesesne Wells,✅ Found to fetch entity
6481,Yamaguchi Gen,✅ Found to fetch entity
6536,Jack Zajac,✅ Found to fetch entity
6639,Julio Larraz,✅ Found to fetch entity
6666,Maurice Eliot,✅ Found to fetch entity
6800,Jacobo Borges,✅ Found to fetch entity
6816,Evergon,✅ Found to fetch entity
6926,Ellen Brooks,✅ Found to fetch entity
7016,Penelope Umbrico,✅ Found to fetch entity
7084,Anton van Dalen,✅ Found to fetch entity
7499,Paul Balluriau,✅ Found to fetch entity
7640,Steve Wolfe,✅ Found to fetch entity
8096,Jeanne Dunning,✅ Found to fetch entity
8113,Ron Herron,✅ Found to fetch entity
8275,Nicola Costantino,✅ Found to fetch entity
8277,Horst Hoheisel,✅ Found to fetch entity
8312,Max Morise,✅ Found to fetch entity
8474,Willys de Castro,✅ Found to fetch entity
8493,Paolo Lombardi,✅ Found to fetch entity
8701,Franca Stagi,✅ Found to fetch entity
12402,Joseph Blumenthal,✅ Found to fetch entity
13056,Antonina Sofronova,✅ Found to fetch entity
21325,Michael Baldwin,✅ Found to fetch entity
23,conceptual art,is found in movements table
23,21325,is added in human_movement table
23,21325,is found in human_movement table
178,Art & Language,is found in movements table
178,21325,is added in human_movement table
178,21325,is found in human_movement table
21447,Jim Hodges,✅ Found to fetch entity
23253,Preston Scott Cohen,✅ Found to fetch entity
24401,Georges Blanc,✅ Found to fetch entity
26195,Charles LeDray,✅ Found to fetch entity
26336,Robin Page,✅ Found to fetch entity
26821,Corradino D'Ascanio,✅ Found to fetch entity
27488,Jeanne Moutoussamy-Ashe,✅ Found to fetch entity
27596,Heike Baranowsky,✅ Found to fetch entity
28596,Amy Cutler,✅ Found to fetch entity
28639,Anthony Goicolea,✅ Found to fetch entity
28723,Matthew Monahan,✅ Found to fetch entity
28807,Paul Sietsema,✅ Found to fetch entity
28859,Johannes Wohnseifer,✅ Found to fetch entity
29621,Matthew Buckingham,✅ Found to fetch entity
29874,Paul Resika,✅ Found to fetch entity
30081,Adam Dant,✅ Found to fetch entity
30632,Ernie Gehr,✅ Found to fetch entity
30932,Jens Haaning,✅ Found to fetch entity
30951,Adrian Jones,✅ Found to fetch entity
31056,Ingeborg Strobl,✅ Found to fetch entity
32176,Ant Farm,✅ Found to fetch entity
32331,Linda Montano,✅ Found to fetch entity
33034,Joris Laarman,✅ Found to fetch entity
33046,Neri Oxman,✅ Found to fetch entity
33984,Kurt Schmidt,✅ Found to fetch entity
34452,Guillermo Calzadilla,✅ Found to fetch entity
34889,Peter Care,✅ Found to fetch entity
34920,Thierry Kuntzel,✅ Found to fetch entity
35517,Hans Breder,✅ Found to fetch entity
35639,Wang Jianwei,✅ Found to fetch entity
35641,Xu Zhen,✅ Found to fetch entity
36310,Dr. Arvid Gutschow,✅ Found to fetch entity
36965,Jerzy Flisak,✅ Found to fetch entity
37079,R. H. Quaytman,✅ Found to fetch entity
64,abstract art,is found in movements table
64,37079,is added in human_movement table
64,37079,is found in human_movement table
38028,Elad Lassry,✅ Found to fetch entity
38239,Hans Leistikow,✅ Found to fetch entity
38549,De Wain Valentine,✅ Found to fetch entity
39192,Manon de Boer,✅ Found to fetch entity
39193,Ion Grigorescu,✅ Found to fetch entity
40905,Nicholas Pope,✅ Found to fetch entity
40914,Han Schuil,✅ Found to fetch entity
41303,Danny Fields,✅ Found to fetch entity
41328,Ralph Lemon,✅ Found to fetch entity
41635,Didier Faustino,✅ Found to fetch entity
42463,Norman Seeff,✅ Found to fetch entity
42464,Gardar Eide Einarsson,✅ Found to fetch entity
46468,David Inshaw,✅ Found to fetch entity
8,pop art,is found in movements table
8,46468,is added in human_movement table
8,46468,is found in human_movement table
46887,Henrik Håkansson,✅ Found to fetch entity
47100,Bouchra Khalili,✅ Found to fetch entity
47524,Juan Batlle Planas,✅ Found to fetch entity
47977,Gilbert Baker,✅ Found to fetch entity
48124,Robert Wittmann,❌ Failed to fetch entity
48296,Hermann Bek-Gran,✅ Found to fetch entity
48388,Thomas Wachweger,✅ Found to fetch entity
48640,Sean Landers,✅ Found to fetch entity
50015,Rubem Valentim,✅ Found to fetch entity
74412,Idelle Weber,✅ Found to fetch entity
8,pop art,is found in movements table
8,74412,is added in human_movement table
8,74412,is found in human_movement table
75065,Giorgetto Giugiaro,✅ Found to fetch entity
132079,Laura Aguilar,✅ Found to fetch entity
136201,Luis Nishizawa,✅ Found to fetch entity
137060,Philip West,✅ Found to fetch entity
10,Irene Aronson,✅ Found to fetch entity
42,Nobuya Abe,✅ Found to fetch entity
76,Nicholas Africano,✅ Found to fetch entity
82,Peter Agostini,✅ Found to fetch entity
252,Mordechai Avniel,✅ Found to fetch entity
298,Vagrich Bakhchanyan,✅ Found to fetch entity
365,François Baschet,✅ Found to fetch entity
586,Morris Blackburn,✅ Found to fetch entity
587,Tom Blackwell,✅ Found to fetch entity
668,Maria Bonomi,✅ Found to fetch entity
816,Robert Brownjohn,✅ Found to fetch entity
941,Antonia Campi,✅ Found to fetch entity
967,Santiago Cárdenas,✅ Found to fetch entity
1105,Thomas Chimes,✅ Found to fetch entity
1142,Roman Clemens,✅ Found to fetch entity
1264,Flavio Costantini,✅ Found to fetch entity
1648,Gert Dumbar,✅ Found to fetch entity
1675,Christian Eckart,✅ Found to fetch entity
1689,Eberhard Eggers,✅ Found to fetch entity
1810,Nicolas Faure,✅ Found to fetch entity
2052,Jacek Gaj,✅ Found to fetch entity
2124,Thomas George,✅ Found to fetch entity
2128,Rimma Gerlovina,✅ Found to fetch entity
2131,Bert Gerresheim,✅ Found to fetch entity
2264,Werner Gothein,✅ Found to fetch entity
2363,Arnold Gross,✅ Found to fetch entity
2514,Margaret Harris,✅ Found to fetch entity
2518,Claudia Hart,✅ Found to fetch entity
2590,Alexander Henderson,✅ Found to fetch entity
2632,Nankoku Hidai,✅ Found to fetch entity
2684,Beth Van Hoesen,✅ Found to fetch entity
2779,Dalla Husband,✅ Found to fetch entity
2788,Philip Hyde,✅ Found to fetch entity
2797,Takenobu Igarashi,✅ Found to fetch entity
2822,Angelo Ippolito,✅ Found to fetch entity
87,abstract expressionism,is found in movements table
87,2822,is added in human_movement table
87,2822,is found in human_movement table
2845,Olja Ivanjicki,✅ Found to fetch entity
8,pop art,is found in movements table
8,2845,is added in human_movement table
8,2845,is found in human_movement table
2878,N. Jay Jaffee,✅ Found to fetch entity
2958,Fred Kabotie,✅ Found to fetch entity
2972,Simpson Kalisher,✅ Found to fetch entity
3079,Krishen Khanna,✅ Found to fetch entity
3131,Ron Kleemann,✅ Found to fetch entity
210,photorealism,is found in movements table
210,3131,is added in human_movement table
210,3131,is found in human_movement table
3180,Benita Koch-Otte,✅ Found to fetch entity
3218,Chaim Koppelman,✅ Found to fetch entity
3322,Jean L'Anselme,✅ Found to fetch entity
3361,Ronnie Landfield,✅ Found to fetch entity
87,abstract expressionism,is found in movements table
87,3361,is added in human_movement table
87,3361,is found in human_movement table
3449,Arthur Lee,✅ Found to fetch entity
3539,Sol Libsohn,✅ Found to fetch entity
3593,Vincent Longo,✅ Found to fetch entity
3698,Gaspard Maillol,✅ Found to fetch entity
3711,Robert Mallary,✅ Found to fetch entity
3737,John Mansbridge,✅ Found to fetch entity
3861,Elaine Mayes,✅ Found to fetch entity
3866,Azaria Mbatha,✅ Found to fetch entity
3911,Leo Meissner,✅ Found to fetch entity
3936,Richard Merkin,✅ Found to fetch entity
4276,Joshua Neustein,✅ Found to fetch entity
4298,Nic Nicosia,✅ Found to fetch entity
4355,Hugh O'Donnell,✅ Found to fetch entity
4426,Felipe Orlando,✅ Found to fetch entity
4519,Izhar Patkin,✅ Found to fetch entity
4655,David Plowden,✅ Found to fetch entity
4666,Rogelio Polesello,✅ Found to fetch entity
4764,William Pye,✅ Found to fetch entity
64,abstract art,is found in movements table
64,4764,is added in human_movement table
64,4764,is found in human_movement table
4769,Bernard Quentin,✅ Found to fetch entity
80,School of Paris,is found in movements table
80,4769,is added in human_movement table
80,4769,is found in human_movement table
5195,Concetta Scaravaglione,✅ Found to fetch entity
5235,Katherine Schmidt,✅ Found to fetch entity
5321,Jochen Seidel,✅ Found to fetch entity
5395,William J. Shew,✅ Found to fetch entity
5405,Jun Shiraoka,✅ Found to fetch entity
5515,Carlos Soler,✅ Found to fetch entity
5570,Hans Jurgen Spohn,✅ Found to fetch entity
5709,Juliusz Studnicki,✅ Found to fetch entity
5877,Sidney Tillim,✅ Found to fetch entity
5922,Philip Trager,✅ Found to fetch entity
5965,Rafael Tufiño,✅ Found to fetch entity
5998,Ansei Uchima,✅ Found to fetch entity
6053,Meyer Vaisman,✅ Found to fetch entity
6110,Sigurd Vasegaard,✅ Found to fetch entity
6154,Romas Viesulas,✅ Found to fetch entity
6365,Gerald Wilde,✅ Found to fetch entity
6407,Robin Winters,✅ Found to fetch entity
6414,Benno Wissing,✅ Found to fetch entity
6419,Ben Wittick,✅ Found to fetch entity
6452,Edward Wormley,✅ Found to fetch entity
6539,Wojciech Zamecznik,✅ Found to fetch entity
6588,Joe Zucker,✅ Found to fetch entity
6593,Toots Zynsky,✅ Found to fetch entity
6781,Francisco Corzas,✅ Found to fetch entity
6906,Silvia Kolbowski,✅ Found to fetch entity
6915,Eberhard Grames,✅ Found to fetch entity
7316,Paolo Lomazzi,✅ Found to fetch entity
7346,Astrid Sampe,✅ Found to fetch entity
7732,Hubertus von Pilgrim,✅ Found to fetch entity
7877,James Gross,✅ Found to fetch entity
7900,Tom Slaughter,✅ Found to fetch entity
7911,Charles Long,✅ Found to fetch entity
7969,Gary Simmons,✅ Found to fetch entity
8191,Inka Essenhigh,✅ Found to fetch entity
8368,Rudi Feld,✅ Found to fetch entity
8400,Heinz Fuchs,✅ Found to fetch entity
12704,Natan Vengrov,✅ Found to fetch entity
18125,Fernando Castro Pacheco,✅ Found to fetch entity
140,realism,is found in movements table
140,18125,is added in human_movement table
140,18125,is found in human_movement table
22580,Fritz Haller,✅ Found to fetch entity
23005,James Siena,✅ Found to fetch entity
87,abstract expressionism,is found in movements table
87,23005,is added in human_movement table
87,23005,is found in human_movement table
23519,Vasyl Yermilov,✅ Found to fetch entity
220,avant-garde,is found in movements table
220,23519,is added in human_movement table
220,23519,is found in human_movement table
24427,Edmund Collein,✅ Found to fetch entity
27464,Tord Boontje,✅ Found to fetch entity
28119,Johannes Kahrs,✅ Found to fetch entity
28571,Andrea Bowers,✅ Found to fetch entity
23,conceptual art,is found in movements table
23,28571,is added in human_movement table
23,28571,is found in human_movement table
56,feminist art,is found in movements table
56,28571,is added in human_movement table
56,28571,is found in human_movement table
28643,Dryden Goodwin,✅ Found to fetch entity
28666,Jonathan Horowitz,✅ Found to fetch entity
28703,Ján Mančuška,✅ Found to fetch entity
28737,Frank Nitsche,✅ Found to fetch entity
28752,Toby Paterson,✅ Found to fetch entity
28769,Tobias Putrih,✅ Found to fetch entity
28829,Ricky Swallow,✅ Found to fetch entity
78,Postmodernism,is found in movements table
78,28829,is added in human_movement table
78,28829,is found in human_movement table
29582,Rosalind Nashashibi,✅ Found to fetch entity
30074,Adi Rosenblum,✅ Found to fetch entity
30898,Heinrich Dunst,✅ Found to fetch entity
30915,Jef Geys,✅ Found to fetch entity
30984,Dorit Margreiter,✅ Found to fetch entity
31057,Ernst Strouhal,✅ Found to fetch entity
32468,Matthew Carter,✅ Found to fetch entity
33945,Abraham Palatnik,✅ Found to fetch entity
34484,Katy Grannan,✅ Found to fetch entity
35061,Malachi Farrell,✅ Found to fetch entity
36438,Sheila Levrant de Bretteville,✅ Found to fetch entity
36476,John Moffat,✅ Found to fetch entity
37288,Auguste Mestral,✅ Found to fetch entity
38241,Kudzanai Chiurai,✅ Found to fetch entity
38518,Tunga,✅ Found to fetch entity
64,abstract art,is found in movements table
64,38518,is added in human_movement table
64,38518,is found in human_movement table
39391,Oscar Bony,✅ Found to fetch entity
41148,Ricardo Porro,✅ Found to fetch entity
42824,Bülent Arel,✅ Found to fetch entity
44442,Christian Barman,✅ Found to fetch entity
44503,Mogens Lassen,✅ Found to fetch entity
44636,Cinthia Marcelle,✅ Found to fetch entity
44648,Karel Vaca,✅ Found to fetch entity
45783,David Horvitz,✅ Found to fetch entity
46351,T. Hayes Hunter,✅ Found to fetch entity
46832,Marc Hurtado,✅ Found to fetch entity
48322,Paul Winstanley,✅ Found to fetch entity
48392,Wolfgang Weber,✅ Found to fetch entity
48778,Lita Albuquerque,✅ Found to fetch entity
48915,Bruno Monguzzi,✅ Found to fetch entity
50003,Alfredo Hlito,✅ Found to fetch entity
66093,Richard Mayhew,✅ Found to fetch entity
67128,Egidio Bonfante,✅ Found to fetch entity
67458,Antoni Llena,✅ Found to fetch entity
68085,Dante Giacosa,✅ Found to fetch entity
68811,Jamie Reid,✅ Found to fetch entity
48,contemporary art,is found in movements table
48,68811,is added in human_movement table
48,68811,is found in human_movement table
269,indie,is added movements table
269,indie,is found in movements table
269,68811,is added in human_movement table
269,68811,is found in human_movement table
156,punk subculture,is found in movements table
156,68811,is added in human_movement table
156,68811,is found in human_movement table
74342,Kwame Brathwaite,✅ Found to fetch entity
74404,Miyoko Ito,✅ Found to fetch entity
64,abstract art,is found in movements table
64,74404,is added in human_movement table
64,74404,is found in human_movement table
270,Allusive Abstractionists,is added movements table
270,Allusive Abstractionists,is found in movements table
270,74404,is added in human_movement table
270,74404,is found in human_movement table
74848,Mirtha Dermisache,✅ Found to fetch entity
121873,Merton Simpson,✅ Found to fetch entity
87,abstract expressionism,is found in movements table
87,121873,is added in human_movement table
87,121873,is found in human_movement table
131253,Joanne Leonard,✅ Found to fetch entity
131688,Koos Vorrink,✅ Found to fetch entity
132461,Rifat Chadirji,✅ Found to fetch entity
18,modern architecture,is found in movements table
18,132461,is added in human_movement table
18,132461,is found in human_movement table
132603,Zilla Leutenegger,✅ Found to fetch entity
134348,Vaginal Davis,✅ Found to fetch entity
137041,Pavel Řezníček,✅ Found to fetch entity
137055,Franklin Rosemont,✅ Found to fetch entity
137456,Carlos Almaraz,✅ Found to fetch entity
178,Laura Andreson,✅ Found to fetch entity
238,Carl Auböck,✅ Found to fetch entity
414,Bruce Beasley,✅ Found to fetch entity
64,abstract art,is found in movements table
64,414,is added in human_movement table
64,414,is found in human_movement table
580,Ion Bitzan,✅ Found to fetch entity
863,Louis Bunce,✅ Found to fetch entity
903,Michael Byron,✅ Found to fetch entity
906,Luigi Caccia Dominioni,✅ Found to fetch entity
965,Miguel-Ángel Cárdenas,✅ Found to fetch entity
55,Nouveau réalisme,is found in movements table
55,965,is added in human_movement table
55,965,is found in human_movement table
8,pop art,is found in movements table
8,965,is added in human_movement table
8,965,is found in human_movement table
1056,Roger Chailloux,✅ Found to fetch entity
1175,Mark Cohen,✅ Found to fetch entity
1271,Graham Coughtry,✅ Found to fetch entity
1302,Leon Cremière,✅ Found to fetch entity
1343,Lily Cushing,✅ Found to fetch entity
1594,Nell Dorr,✅ Found to fetch entity
1598,Saliba Douaihy,✅ Found to fetch entity
1812,Arthur Fauser,✅ Found to fetch entity
2208,David Lance Goines,✅ Found to fetch entity
2347,Peter Grippe,✅ Found to fetch entity
2452,Betty Hahn,✅ Found to fetch entity
2507,Richard Harlfinger,✅ Found to fetch entity
2560,Frank Hazenplug,✅ Found to fetch entity
2614,Helena Hernmarck,✅ Found to fetch entity
2642,Jene Highstein,✅ Found to fetch entity
2715,Friedl Holzer-Kjellberg,✅ Found to fetch entity
2832,Sheila Isham,✅ Found to fetch entity
2847,Norman Ives,✅ Found to fetch entity
2990,Herbert W. Kapitzki,✅ Found to fetch entity
3150,Stuart Klipper,✅ Found to fetch entity
3168,Justin Knowles,✅ Found to fetch entity
3264,Christian Kruck,✅ Found to fetch entity
7,Expressionism,is found in movements table
7,3264,is added in human_movement table
7,3264,is found in human_movement table
3472,Michael Lekakis,✅ Found to fetch entity
3590,Lois Long,✅ Found to fetch entity
3603,John Loring,✅ Found to fetch entity
3773,Tom Marioni,✅ Found to fetch entity
3840,Shin Matsunaga,✅ Found to fetch entity
3852,Jacques Mauny,✅ Found to fetch entity
3939,Roger Mertin,✅ Found to fetch entity
3960,Guillermo Meza,✅ Found to fetch entity
3975,Eleanore Mikus,✅ Found to fetch entity
4027,Allan Mitelman,✅ Found to fetch entity
4031,George Miyasaki,✅ Found to fetch entity
87,abstract expressionism,is found in movements table
87,4031,is added in human_movement table
87,4031,is found in human_movement table
4170,Maina-Miriam Munsky,✅ Found to fetch entity
4304,Minoru Niizuma,✅ Found to fetch entity
4335,John Warner Norton,✅ Found to fetch entity
4368,Philomé Obin,✅ Found to fetch entity
4370,Isidoro Ocampo,✅ Found to fetch entity
4672,Reginald Pollack,✅ Found to fetch entity
4673,Joseph Pollet,✅ Found to fetch entity
4681,Fidelio Ponce De León,✅ Found to fetch entity
4722,Charles Pratt,✅ Found to fetch entity
5032,Ed Rossbach,✅ Found to fetch entity
5055,Gaston Roullet,✅ Found to fetch entity
5164,Gino Sarfatti,✅ Found to fetch entity
5290,William Schwedler,✅ Found to fetch entity
5423,Jean Signovert,✅ Found to fetch entity
5436,Jeffrey Silverthorne,✅ Found to fetch entity
5481,Gordon A. Smith,✅ Found to fetch entity
5495,Vincent Smith,✅ Found to fetch entity
5575,Everett Spruce,✅ Found to fetch entity
5625,Joël Stein,✅ Found to fetch entity
5912,Harold Tovish,✅ Found to fetch entity
6134,JoAnn Verburg,✅ Found to fetch entity
6211,Wilhelm Wagner,✅ Found to fetch entity
6239,Allan Walton,✅ Found to fetch entity
6382,William T. Williams,✅ Found to fetch entity
6398,Geoff Winningham,✅ Found to fetch entity
6607,Ueli Berger,✅ Found to fetch entity
6647,George Mann Niedecken,✅ Found to fetch entity
7165,Cesare Leonardi,✅ Found to fetch entity
7168,Livio Castiglioni,✅ Found to fetch entity
192,Metodo Castiglioni,is found in movements table
192,7168,is added in human_movement table
192,7168,is found in human_movement table
7209,Giotto Stoppino,✅ Found to fetch entity
7344,Dorothy Liebes,✅ Found to fetch entity
7386,Warren Platner,✅ Found to fetch entity
7406,Tadeusz Myslowski,✅ Found to fetch entity
7460,Simon Leung,✅ Found to fetch entity
7465,Elyn Zimmerman,✅ Found to fetch entity
7478,Richard Mock,✅ Found to fetch entity
7573,Helmut Swiczinsky,✅ Found to fetch entity
7678,Martin Walde,✅ Found to fetch entity
7689,Yukinori Yanagi,✅ Found to fetch entity
48,contemporary art,is found in movements table
48,7689,is added in human_movement table
48,7689,is found in human_movement table
7704,Susan Weil,✅ Found to fetch entity
7823,Franco Zecchin,✅ Found to fetch entity
7905,Adolphe Terris,✅ Found to fetch entity
7970,Katharina Bosse,✅ Found to fetch entity
8048,Ralph Schraivogel,✅ Found to fetch entity
8079,Merry Alpern,✅ Found to fetch entity
8120,Michael Ray Charles,✅ Found to fetch entity
8155,Wijnanda Deroo,✅ Found to fetch entity
8265,Wes Wilson,✅ Found to fetch entity
8464,Hércules Barsotti,✅ Found to fetch entity
271,neo-concrete movement,is added movements table
271,neo-concrete movement,is found in movements table
271,8464,is added in human_movement table
271,8464,is found in human_movement table
22579,Jens Risom,✅ Found to fetch entity
23262,Ronan Bouroullec,✅ Found to fetch entity
24276,Konstantin Rotov,✅ Found to fetch entity
24462,Peter A. Juley,✅ Found to fetch entity
24477,Jiří Lehovec,✅ Found to fetch entity
24598,Paul Parker,✅ Found to fetch entity
26375,Zhang Peili,✅ Found to fetch entity
27307,Enrique Metinides,✅ Found to fetch entity
27713,Trenton Doyle Hancock,✅ Found to fetch entity
28198,Robert Hodgins,✅ Found to fetch entity
28684,Terence Koh,✅ Found to fetch entity
28851,Paloma Varga Weisz,✅ Found to fetch entity
28864,Amelie von Wulffen,✅ Found to fetch entity
29428,Peter Kogler,✅ Found to fetch entity
30073,Markus Muntean,✅ Found to fetch entity
30365,Mikhael Subotzky,✅ Found to fetch entity
30869,Ecke Bonk,✅ Found to fetch entity
30947,Cameron Jamie,✅ Found to fetch entity
31006,Paola Pivi,✅ Found to fetch entity
31312,Koo Jeong-a,✅ Found to fetch entity
31450,Francisco Castro Leñero,✅ Found to fetch entity
87,abstract expressionism,is found in movements table
87,31450,is added in human_movement table
87,31450,is found in human_movement table
32297,Paul Kos,✅ Found to fetch entity
32372,Lisa Steele,✅ Found to fetch entity
32799,Jaap Berghuis,✅ Found to fetch entity
32964,Ben Fry,✅ Found to fetch entity
34145,Juan Melé,✅ Found to fetch entity
34867,Ken Feingold,✅ Found to fetch entity
35251,Sergej Jensen,✅ Found to fetch entity
35902,Tabaimo,✅ Found to fetch entity
36879,Toshio Iwai,✅ Found to fetch entity
37499,Dave Thompson,✅ Found to fetch entity
37554,Sophie Tottie,✅ Found to fetch entity
37966,Shahryar Nashat,✅ Found to fetch entity
38029,Roe Ethridge,✅ Found to fetch entity
38629,Rose Clark,✅ Found to fetch entity
38915,Sharon Hayes,✅ Found to fetch entity
40207,Damián Ortega,✅ Found to fetch entity
41156,Augusta von Zitzewitz,✅ Found to fetch entity
41280,Maren Hassinger,✅ Found to fetch entity
41369,Margarete Kubicka,✅ Found to fetch entity
41555,Miljenko Horvat,✅ Found to fetch entity
41569,Jan Sanders,✅ Found to fetch entity
42293,Nina Leen,✅ Found to fetch entity
42442,DoDo Jin Ming,✅ Found to fetch entity
43491,Fernand Fau,✅ Found to fetch entity
44135,Alfonso Ianelli,✅ Found to fetch entity
272,Streamline Moderne,is added movements table
272,Streamline Moderne,is found in movements table
272,44135,is added in human_movement table
272,44135,is found in human_movement table
45535,Charles de Meaux,✅ Found to fetch entity
46315,Keiji Uematsu,✅ Found to fetch entity
46489,Michael Cooper,✅ Found to fetch entity
47104,Wu Tsang,✅ Found to fetch entity
47317,Péter Nagy,✅ Found to fetch entity
47693,Princess,✅ Found to fetch entity
47764,Jake Tilson,✅ Found to fetch entity
47801,Carl Stone,✅ Found to fetch entity
47908,Iain Macmillan,✅ Found to fetch entity
48017,Titus Kaphar,✅ Found to fetch entity
48,contemporary art,is found in movements table
48,48017,is added in human_movement table
48,48017,is found in human_movement table
48461,Alvin Baltrop,✅ Found to fetch entity
48525,Tom Finkelpearl,✅ Found to fetch entity
49361,Louis Draper,✅ Found to fetch entity
49468,Channa Horwitz,✅ Found to fetch entity
49972,Elisabeth Hase,✅ Found to fetch entity
50004,Judith Lauand,✅ Found to fetch entity
50020,Nat Fein,✅ Found to fetch entity
61973,Ignacio Aguirre,✅ Found to fetch entity
67950,Mario García Torres,✅ Found to fetch entity
68025,Pat Passlof,✅ Found to fetch entity
87,abstract expressionism,is found in movements table
87,68025,is added in human_movement table
87,68025,is found in human_movement table
68347,Kaari Upson,✅ Found to fetch entity
69612,Ivan Cardoso,✅ Found to fetch entity
69832,Kid Congo Powers,✅ Found to fetch entity
74481,Marianne Wex,✅ Found to fetch entity
74696,Georg Ettl,✅ Found to fetch entity
131750,Wadsworth Jarrell,✅ Found to fetch entity
273,Black Aesthetic,is added movements table
273,Black Aesthetic,is found in movements table
273,131750,is added in human_movement table
273,131750,is found in human_movement table
131907,Petra Cortright,✅ Found to fetch entity
132545,Anne Tyng,✅ Found to fetch entity
136323,Ismael Nery,✅ Found to fetch entity
136893,Pierre Wemaëre,✅ Found to fetch entity
130,lyrical abstraction,is found in movements table
130,136893,is added in human_movement table
130,136893,is found in human_movement table
137019,Kazuko Shiraishi,✅ Found to fetch entity
137020,Natascha Ungeheuer,✅ Found to fetch entity
137033,Seymour Krim,✅ Found to fetch entity
32,Beat Generation,is found in movements table
32,137033,is added in human_movement table
32,137033,is found in human_movement table
137039,Vincent Bounoure,✅ Found to fetch entity
172,Joe Andoe,✅ Found to fetch entity
291,Eugenie Baizerman,✅ Found to fetch entity
374,Myriam Bat-Yosef,✅ Found to fetch entity
488,Vera Berdich,✅ Found to fetch entity
557,Wilson Bigaud,✅ Found to fetch entity
564,Peter Birkhauser,✅ Found to fetch entity
635,Varujan Boghosian,✅ Found to fetch entity
3,Surrealism,is found in movements table
3,635,is added in human_movement table
3,635,is found in human_movement table
888,Richmond Burton,✅ Found to fetch entity
895,Solomon D. Butcher,✅ Found to fetch entity
1017,Axel Cassel,✅ Found to fetch entity
1046,Stojan Ćelić,✅ Found to fetch entity
1152,William Clift,✅ Found to fetch entity
1190,Marjory Collins,✅ Found to fetch entity
1214,Will Connell,✅ Found to fetch entity
1249,"Corning Glass Works, Corning, NY",✅ Found to fetch entity
1306,Luca Crippa,✅ Found to fetch entity
1429,Rudolph De Harak,✅ Found to fetch entity
1446,Lewis deSoto,✅ Found to fetch entity
1468,Ernesto Deira,✅ Found to fetch entity
274,Neo-figurative,is added movements table
274,Neo-figurative,is found in movements table
274,1468,is added in human_movement table
274,1468,is found in human_movement table
1642,John Duff,✅ Found to fetch entity
1732,Michael Engelmann,✅ Found to fetch entity
1736,Michael English,✅ Found to fetch entity
1743,Stephan Erfurt,✅ Found to fetch entity
1840,Mark Feldstein,✅ Found to fetch entity
1853,Gerald Ferguson,✅ Found to fetch entity
2049,Oliver Gagliani,✅ Found to fetch entity
2125,Paul Georges,✅ Found to fetch entity
2210,Eugene Omar Goldbeck,✅ Found to fetch entity
2244,John Goodyear,✅ Found to fetch entity
2396,Xavier Guerrero,✅ Found to fetch entity
66,Mexican muralism,is found in movements table
66,2396,is added in human_movement table
66,2396,is found in human_movement table
2409,Michel Guino,✅ Found to fetch entity
2552,Alex Hay,✅ Found to fetch entity
2626,Wout van Heusden,✅ Found to fetch entity
2647,Clinton Hill,✅ Found to fetch entity
3075,Robert Glenn Ketchum,✅ Found to fetch entity
3191,Oskar Kogoj,✅ Found to fetch entity
3269,Alexander Z. Kruse,✅ Found to fetch entity
172,Ashcan School,is found in movements table
172,3269,is added in human_movement table
172,3269,is found in human_movement table
3283,Gary Kuehn,✅ Found to fetch entity
3293,Robert Kulicke,✅ Found to fetch entity
3334,Jacques Lacomblez,✅ Found to fetch entity
3541,Ernst Lichtblau,✅ Found to fetch entity
3554,Edwin Hale Lincoln,✅ Found to fetch entity
3683,Paul Maenz,✅ Found to fetch entity
3728,Mann,✅ Found to fetch entity
3890,Richard McLean,✅ Found to fetch entity
3901,Roderick Mead,✅ Found to fetch entity
3922,Pierre Mendell,✅ Found to fetch entity
4138,James Mudd,✅ Found to fetch entity
4311,Erik Nitsche,✅ Found to fetch entity
4321,Werner Nöfer,✅ Found to fetch entity
4402,Arthur Ollman,✅ Found to fetch entity
4419,John Opper,✅ Found to fetch entity
4580,Trude Petri-Raben,✅ Found to fetch entity
4589,Mary Petty,✅ Found to fetch entity
4600,Helen Phillips,✅ Found to fetch entity
4844,Helge Refn,✅ Found to fetch entity
4964,Ione Robinson,✅ Found to fetch entity
5172,Ado Sato,✅ Found to fetch entity
5187,Robert Savoie,✅ Found to fetch entity
5226,Regina Schmeken,✅ Found to fetch entity
5256,Otto Schoff,✅ Found to fetch entity
5372,David Shapiro,✅ Found to fetch entity
5492,Patricia Smith,✅ Found to fetch entity
5736,Richard Süssmuth,✅ Found to fetch entity
5843,Bob Thall,✅ Found to fetch entity
5944,Van Day Truex,✅ Found to fetch entity
5952,Augustin Tschinkel,✅ Found to fetch entity
6042,Mario Urteaga,✅ Found to fetch entity
6050,Laurence Vail,✅ Found to fetch entity
6355,Hannah Weiner,✅ Found to fetch entity
6401,Rolf Winquist,✅ Found to fetch entity
6437,Brian Wood,✅ Found to fetch entity
6548,Walter Zapp,✅ Found to fetch entity
6605,Tadeusz Trepkowski,✅ Found to fetch entity
6729,Harry Bowden,✅ Found to fetch entity
6774,Lev Nusberg,✅ Found to fetch entity
6851,Heinrich Stegemann,✅ Found to fetch entity
7081,Olaf Wegewitz,✅ Found to fetch entity
7103,Lee Quinones,✅ Found to fetch entity
7353,Heinz Rasch,✅ Found to fetch entity
7435,Donald Moffett,✅ Found to fetch entity
7456,Art Chantry,✅ Found to fetch entity
7462,Kim Jones,✅ Found to fetch entity
7697,Eric Rondepierre,✅ Found to fetch entity
7728,Willibald Kramm,✅ Found to fetch entity
7741,Russell Limbach,✅ Found to fetch entity
7954,Lew Thomas,✅ Found to fetch entity
8086,Gosbert Adler,✅ Found to fetch entity
8141,Peter Goin,✅ Found to fetch entity
8187,Laurenz Berges,✅ Found to fetch entity
8202,Nari Ward,✅ Found to fetch entity
8206,Gabriele Nothhelfer,✅ Found to fetch entity
8244,Alessandra Sanguinetti,✅ Found to fetch entity
8306,Alexandre Arrechea,✅ Found to fetch entity
8334,Walther Koch,✅ Found to fetch entity
8393,Hans Hartmann,✅ Found to fetch entity
8458,Godtfred Kirk Christiansen,✅ Found to fetch entity
8465,David Bates,✅ Found to fetch entity
8496,Dan Walsh,✅ Found to fetch entity
8659,Tom Wood,✅ Found to fetch entity
14976,Mikhail Tarkhanov,✅ Found to fetch entity
17495,Jon Hendricks,✅ Found to fetch entity
22436,Natsuyuki Nakanishi,✅ Found to fetch entity
22683,Iran do Espirito Santo,✅ Found to fetch entity
24540,Robert Petschow,✅ Found to fetch entity
25412,Ryan McGinness,✅ Found to fetch entity
26369,Mako Idemitsu,✅ Found to fetch entity
26597,Bodo Rasch,✅ Found to fetch entity
26616,Leandro Katz,✅ Found to fetch entity
26684,Moshekwa Langa,✅ Found to fetch entity
27161,Elena del Rivero,✅ Found to fetch entity
27331,Johan Niegeman,✅ Found to fetch entity
27437,Alejandro Zaera-Polo,✅ Found to fetch entity
28628,Tim Gardner,✅ Found to fetch entity
28659,Christine Hill,✅ Found to fetch entity
28735,Graham Nickson,✅ Found to fetch entity
28770,Alessandro Raho,✅ Found to fetch entity
48,contemporary art,is found in movements table
48,28770,is added in human_movement table
48,28770,is found in human_movement table
28776,Kirstine Roepstorff,✅ Found to fetch entity
29581,Bernhard Martin,✅ Found to fetch entity
30188,Zuzana Licko,✅ Found to fetch entity
31001,Walter Obholzer,✅ Found to fetch entity
31044,Sean Snyder,✅ Found to fetch entity
31433,Rob Voerman,✅ Found to fetch entity
31634,Barbara Bosworth,✅ Found to fetch entity
31999,Yutaka Sone,✅ Found to fetch entity
32064,Martin Boykan,✅ Found to fetch entity
32245,Hermine Freed,✅ Found to fetch entity
32692,Natascha Sadr Haghighian,✅ Found to fetch entity
33369,Josh Smith,✅ Found to fetch entity
34427,Enrico Peressutti,✅ Found to fetch entity
34468,Ben Rose,✅ Found to fetch entity
34558,Paolo Deganello,✅ Found to fetch entity
34692,Miao Xiaochun,✅ Found to fetch entity
34723,Hai Bo,✅ Found to fetch entity
34811,Akira Kurosaki,✅ Found to fetch entity
34878,Michael Smith,✅ Found to fetch entity
35134,Harrell Fletcher,✅ Found to fetch entity
35426,Patty Chang,✅ Found to fetch entity
35547,Koen Theys,✅ Found to fetch entity
35550,Laura Cottingham,✅ Found to fetch entity
35570,Max Almy,✅ Found to fetch entity
36116,Rudolf Baschant,✅ Found to fetch entity
36433,Ingrid Wiener,✅ Found to fetch entity
36730,Josef Achmann,✅ Found to fetch entity
7,Expressionism,is found in movements table
7,36730,is added in human_movement table
7,36730,is found in human_movement table
37453,Oscar van Alphen,✅ Found to fetch entity
37535,Anton Furst,✅ Found to fetch entity
37639,Mai-Thu Perret,✅ Found to fetch entity
37851,Paul Lewis,✅ Found to fetch entity
38206,Carmen Perrin,✅ Found to fetch entity
38614,Nicholas Kaufmann,✅ Found to fetch entity
38636,William B. Dyer,✅ Found to fetch entity
38659,Mathilde Weil,✅ Found to fetch entity
38908,Kerstin Brätsch,✅ Found to fetch entity
39027,Jacqueline Groag,✅ Found to fetch entity
39466,Jonathan Shapiro,✅ Found to fetch entity
39561,Tarn Adams,✅ Found to fetch entity
40861,Haluk Akakçe,✅ Found to fetch entity
40878,Ed Sommer,✅ Found to fetch entity
40908,Emo Verkerk,✅ Found to fetch entity
41266,Emil Maetzel,✅ Found to fetch entity
41951,Kishio Suga,✅ Found to fetch entity
275,Mono-ha,is added movements table
275,Mono-ha,is found in movements table
275,41951,is added in human_movement table
275,41951,is found in human_movement table
42184,Éric Chahi,✅ Found to fetch entity
42433,Kate Simon,✅ Found to fetch entity
43178,Haroon Mirza,✅ Found to fetch entity
48,contemporary art,is found in movements table
48,43178,is added in human_movement table
48,43178,is found in human_movement table
43193,Christof Kohlhöfer,✅ Found to fetch entity
43289,Walter Marchetti,✅ Found to fetch entity
46381,Torbjørn Rødland,✅ Found to fetch entity
46752,Iñaki Bonillas,✅ Found to fetch entity
46980,Achim Duchow,✅ Found to fetch entity
47446,Francisco Matto,✅ Found to fetch entity
47681,Adam McEwen,✅ Found to fetch entity
47852,Ned Sublette,✅ Found to fetch entity
48097,Akihisa Hirata,✅ Found to fetch entity
48185,Howard Giles,✅ Found to fetch entity
48696,Jeffrey Gibson,✅ Found to fetch entity
49077,Andrea Büttner,✅ Found to fetch entity
49216,Neïl Beloufa,✅ Found to fetch entity
49822,Louis Jammes,✅ Found to fetch entity
62733,Richard Jackson,✅ Found to fetch entity
67114,Max Becher,✅ Found to fetch entity
67641,Michael Stevenson,✅ Found to fetch entity
68725,Thom Browne,✅ Found to fetch entity
69267,John A. Rogers,✅ Found to fetch entity
69643,Jordan Wolfson,✅ Found to fetch entity
70420,Jennifer Bolande,✅ Found to fetch entity
71006,Uzo Egonu,✅ Found to fetch entity
75696,Cornelis Zitman,✅ Found to fetch entity
132333,Nil Yalter,✅ Found to fetch entity
56,feminist art,is found in movements table
56,132333,is added in human_movement table
56,132333,is found in human_movement table
135018,Abdoulaye Konaté,✅ Found to fetch entity
136729,Ali Cherri,✅ Found to fetch entity
137012,Jack Micheline,✅ Found to fetch entity
32,Beat Generation,is found in movements table
32,137012,is added in human_movement table
32,137012,is found in human_movement table
30,Sergio Asti,✅ Found to fetch entity
71,Virginia Admiral,✅ Found to fetch entity
145,Gregory Amenoff,✅ Found to fetch entity
164,Jeremy Anderson,✅ Found to fetch entity
301,Gerard Baksteen,✅ Found to fetch entity
478,Ward Bennett,✅ Found to fetch entity
544,Jyoti Bhatt,✅ Found to fetch entity
565,Robert Birmelin,✅ Found to fetch entity
571,Maureen Bisilliat,✅ Found to fetch entity
659,Rodolfo Bonetto,✅ Found to fetch entity
675,Enrico Bordoni,✅ Found to fetch entity
95,Movimento Arte Concreta,is found in movements table
95,675,is added in human_movement table
95,675,is found in human_movement table
780,Enrique Brinkmann,✅ Found to fetch entity
808,Kathan Brown,✅ Found to fetch entity
874,Bill Burke,✅ Found to fetch entity
1109,Seiji Chokai,✅ Found to fetch entity
1377,Harvey Daniels,✅ Found to fetch entity
1415,Adrien Dax,✅ Found to fetch entity
1516,David Deutsch,✅ Found to fetch entity
1525,Martha Diamond,✅ Found to fetch entity
1532,Waldo Díaz-Balart,✅ Found to fetch entity
1710,Jacob El Hanani,✅ Found to fetch entity
1759,Jesús Escobedo,✅ Found to fetch entity
1952,Christian Fossier,✅ Found to fetch entity
1988,Mark Freeman,✅ Found to fetch entity
2257,Mieczysław Górowski,✅ Found to fetch entity
2265,Joseph Goto,✅ Found to fetch entity
2345,Frieder Grindler,✅ Found to fetch entity
2384,Carlo Guarienti,✅ Found to fetch entity
2503,Chauncey Hare,✅ Found to fetch entity
2570,Wally Hedrick,✅ Found to fetch entity
8,pop art,is found in movements table
8,2570,is added in human_movement table
8,2570,is found in human_movement table
2576,Michael Heindorff,✅ Found to fetch entity
2756,Ian (Hugh Guiler) Hugo,✅ Found to fetch entity
2775,Michael Hurson,✅ Found to fetch entity
2965,Max Kahn,✅ Found to fetch entity
3012,Karl Kasten,✅ Found to fetch entity
3120,Shozo Kitadai,✅ Found to fetch entity
3348,Jennett Lam,✅ Found to fetch entity
3425,Alphonse Le Blondel,✅ Found to fetch entity
3499,Rudi Lesser,✅ Found to fetch entity
3502,Gerd Leufert,✅ Found to fetch entity
3581,Uwe Loesch,✅ Found to fetch entity
3875,Ann McCoy,✅ Found to fetch entity
3927,Edward Meneeley,✅ Found to fetch entity
4005,Roger Minick,✅ Found to fetch entity
4117,Victor Moscoso,✅ Found to fetch entity
4275,Hannes Neuner,✅ Found to fetch entity
4638,Giancarlo Piretti,✅ Found to fetch entity
4777,Peter Raacke,✅ Found to fetch entity
4882,Nancy Rexroth,✅ Found to fetch entity
5295,Carlos Scliar,✅ Found to fetch entity
5491,Moishe Smith,✅ Found to fetch entity
5619,Hans Hermann Steffens,✅ Found to fetch entity
5692,Marianne Strengell,✅ Found to fetch entity
5860,Jerry L. Thompson,✅ Found to fetch entity
5875,Rolf Tietgens,✅ Found to fetch entity
5950,George Tscherny,✅ Found to fetch entity
6088,Robert H. Vance,✅ Found to fetch entity
6117,Kristian Vedel,✅ Found to fetch entity
6284,Svend Weihrauch,✅ Found to fetch entity
6604,John Button,✅ Found to fetch entity
6897,Mariana Cook,✅ Found to fetch entity
6913,Darrel Ellis,✅ Found to fetch entity
6924,Paul Shambroom,✅ Found to fetch entity
6957,Madelon Vriesendorp,✅ Found to fetch entity
7171,Robert Siegel,✅ Found to fetch entity
7439,Marco Ferreri,✅ Found to fetch entity
7531,Bernhard Fuchs,✅ Found to fetch entity
7537,Mikko Heikkinen,✅ Found to fetch entity
8003,Hans Maier-Aichen,✅ Found to fetch entity
8251,František Kalivoda,✅ Found to fetch entity
8324,John Van Hamersveld,✅ Found to fetch entity
8442,Russell Crotty,✅ Found to fetch entity
8471,Christopher Brown,✅ Found to fetch entity
8836,Juan Herreros,✅ Found to fetch entity
19561,Sheri Martinelli,✅ Found to fetch entity
32,Beat Generation,is found in movements table
32,19561,is added in human_movement table
32,19561,is found in human_movement table
19882,Hans Weigand,✅ Found to fetch entity
22793,Patrick Kane,✅ Found to fetch entity
22839,Jeanne Gang,✅ Found to fetch entity
22898,John Dinkeloo,✅ Found to fetch entity
23362,Alfred Willimann,✅ Found to fetch entity
23932,Boris Ender,✅ Found to fetch entity
24551,Edward W. Quigley,✅ Found to fetch entity
25860,Sergius Ruegenberg,✅ Found to fetch entity
26859,Adriaan Geuze,✅ Found to fetch entity
26866,Chris Johanson,✅ Found to fetch entity
276,Mission School,is added movements table
276,Mission School,is found in movements table
276,26866,is added in human_movement table
276,26866,is found in human_movement table
27479,Ole Scheeren,✅ Found to fetch entity
28223,Jo Ractliffe,✅ Found to fetch entity
28435,Martin Szekely,✅ Found to fetch entity
28609,Steve DiBenedetto,✅ Found to fetch entity
28615,Thomas Eggerer,✅ Found to fetch entity
28654,Werner Haypeter,✅ Found to fetch entity
28688,Peter Land,✅ Found to fetch entity
28696,Nate Lowman,✅ Found to fetch entity
28705,Knox Martin,✅ Found to fetch entity
87,abstract expressionism,is found in movements table
87,28705,is added in human_movement table
87,28705,is found in human_movement table
28728,Paul Morrison,✅ Found to fetch entity
48,contemporary art,is found in movements table
48,28728,is added in human_movement table
48,28728,is found in human_movement table
30065,Jonathan Barnbrook,✅ Found to fetch entity
30847,Uli Aigner,✅ Found to fetch entity
30963,Anna Kowalska,✅ Found to fetch entity
31019,Jeroen de Rijke,✅ Found to fetch entity
31041,Bruno Serralongue,✅ Found to fetch entity
31305,Peter Fend,✅ Found to fetch entity
32116,George Lessey,✅ Found to fetch entity
32908,Eduardo Stupía,✅ Found to fetch entity
34788,Kalup Linzy,✅ Found to fetch entity
34830,Colin Campbell,✅ Found to fetch entity
34832,Daniel Reeves,✅ Found to fetch entity
35152,Cao Guimarães,✅ Found to fetch entity
35353,José Resende,✅ Found to fetch entity
35476,David Blair,✅ Found to fetch entity
35508,Fujiko Nakaya,✅ Found to fetch entity
35521,Ira Schneider,✅ Found to fetch entity
35617,Dalibor Martinis,✅ Found to fetch entity
35728,Willem de Ridder,✅ Found to fetch entity
37861,Edgar Arceneaux,✅ Found to fetch entity
37879,Chitra Ganesh,✅ Found to fetch entity
38100,Bradford Smith,✅ Found to fetch entity
38660,Emma Justine Farnsworth,✅ Found to fetch entity
38738,Annette Kelm,✅ Found to fetch entity
38839,Daniel Joseph Martinez,✅ Found to fetch entity
40354,Yvonne Farrell,✅ Found to fetch entity
40556,Mariana Castillo Deball,✅ Found to fetch entity
40568,Simon Fujiwara,✅ Found to fetch entity
41131,Josip Vaništa,✅ Found to fetch entity
41553,Marijan Jevšovar,✅ Found to fetch entity
42576,Adrián Villar Rojas,✅ Found to fetch entity
44884,Sung Hwan Kim,✅ Found to fetch entity
45238,Lawrence Abu Hamdan,✅ Found to fetch entity
45756,Alair Gomes,✅ Found to fetch entity
46544,Ulrike Müller,✅ Found to fetch entity
48118,Javier Téllez,✅ Found to fetch entity
48294,Rodney McMillian,✅ Found to fetch entity
48315,Gordon Cheung,✅ Found to fetch entity
48763,Jeff Rian,✅ Found to fetch entity
48859,Osvaldo Peruzzi,✅ Found to fetch entity
48909,Dan Peterman,✅ Found to fetch entity
49530,Alberto Greco,✅ Found to fetch entity
50002,Elsa Gramcko,✅ Found to fetch entity
67111,Vaclav Pozarek,✅ Found to fetch entity
69743,Flaminio Bertoni,✅ Found to fetch entity
69854,Jan Burka,✅ Found to fetch entity
69877,Stephen Shames,✅ Found to fetch entity
69894,Roberto Altmann,✅ Found to fetch entity
277,Lettrism,is added movements table
277,Lettrism,is found in movements table
277,69894,is added in human_movement table
277,69894,is found in human_movement table
132954,Ouattara Watts,✅ Found to fetch entity
134689,Donovan Wylie,✅ Found to fetch entity
136212,Armando Villegas,✅ Found to fetch entity
136714,Heji Shin,✅ Found to fetch entity
137058,Martin Stejskal,✅ Found to fetch entity
138100,Roberto Jacoby,✅ Found to fetch entity
139246,Bertina Lopes,✅ Found to fetch entity
236,Dotty Attie,✅ Found to fetch entity
56,feminist art,is found in movements table
56,236,is added in human_movement table
56,236,is found in human_movement table
284,Myrna Báez,✅ Found to fetch entity
521,Jean Berque,✅ Found to fetch entity
575,George Bissill,✅ Found to fetch entity
677,Wendela Boreel,✅ Found to fetch entity
721,Fiske Boyd,✅ Found to fetch entity
853,Eugene Buechel,✅ Found to fetch entity
867,Pablo Burchard,✅ Found to fetch entity
918,Charles Cajori,✅ Found to fetch entity
87,abstract expressionism,is found in movements table
87,918,is added in human_movement table
87,918,is found in human_movement table
959,Alfred Capel Cure,✅ Found to fetch entity
994,John Carroll,✅ Found to fetch entity
1174,George Cohen,✅ Found to fetch entity
1248,Thomas Cornell,✅ Found to fetch entity
1320,Emilio Cruz,✅ Found to fetch entity
1408,James Edward Davis,✅ Found to fetch entity
1419,Worden Day,✅ Found to fetch entity
1464,Wilhelm Deffke,✅ Found to fetch entity
1623,Achilles Droungas,✅ Found to fetch entity
1995,Peter Freudenthal,✅ Found to fetch entity
2114,Jan Gelb,✅ Found to fetch entity
2259,Eberhard Göschel,✅ Found to fetch entity
2344,John Grillo,✅ Found to fetch entity
2471,Chimei Hamada,✅ Found to fetch entity
2473,Katsunori Hamanishi,✅ Found to fetch entity
2508,Guy Harloff,✅ Found to fetch entity
2540,Declan Haun,✅ Found to fetch entity
2628,Ken Heyman,✅ Found to fetch entity
2649,Vernon Hill,✅ Found to fetch entity
2664,Key Hiraga,✅ Found to fetch entity
2776,Luchita Hurtado,✅ Found to fetch entity
2806,Birney Imes III,✅ Found to fetch entity
2954,Theodor Jung,✅ Found to fetch entity
3041,Ernst Keller,✅ Found to fetch entity
3059,Isamu Kenmochi,✅ Found to fetch entity
3090,Günther Kieser,✅ Found to fetch entity
3172,Jack Knox,✅ Found to fetch entity
3358,Nils Landberg,✅ Found to fetch entity
3517,Mon Levinson,✅ Found to fetch entity
3535,Georges Liautaud,✅ Found to fetch entity
3651,Joan Lyons,✅ Found to fetch entity
3677,Alen MacWeeney,✅ Found to fetch entity
3702,William Majors,✅ Found to fetch entity
3739,Leo Manso,✅ Found to fetch entity
3900,John McWilliams,✅ Found to fetch entity
3933,Jan Menses,✅ Found to fetch entity
3980,Raúl Milián,✅ Found to fetch entity
4107,Michael Morris,✅ Found to fetch entity
4392,Tetsu Okuhara,✅ Found to fetch entity
4422,Ezra Orion,✅ Found to fetch entity
4616,Paul Peter Piech,✅ Found to fetch entity
4669,Flavio Poli,✅ Found to fetch entity
4702,Katherine Porter,✅ Found to fetch entity
4751,Pudlo Pudlat,✅ Found to fetch entity
4778,Fanny Rabel,✅ Found to fetch entity
4782,Ernest Race,✅ Found to fetch entity
4783,André Racz,✅ Found to fetch entity
4995,Roger van Rogger,✅ Found to fetch entity
5006,Thomas Roma,✅ Found to fetch entity
5094,Mario Russo,✅ Found to fetch entity
5105,Lino Sabattini,✅ Found to fetch entity
5225,Peter Schlumbohm,✅ Found to fetch entity
5284,Aubrey Schwartz,✅ Found to fetch entity
5297,Antonio Scordia,✅ Found to fetch entity
5312,Arthur Secunda,✅ Found to fetch entity
5400,Shinagawa Takumi,✅ Found to fetch entity
5427,Sewell Sillman,✅ Found to fetch entity
5429,Thomas Sills,✅ Found to fetch entity
5443,David Simpson,✅ Found to fetch entity
5509,Ap Sok,✅ Found to fetch entity
5626,Walter Stein,✅ Found to fetch entity
5636,Mark Steinmetz,✅ Found to fetch entity
5927,Adolph Treidler,✅ Found to fetch entity
5970,Earl S. Tupper,✅ Found to fetch entity
6057,Alfredo Valente,✅ Found to fetch entity
6153,Jean-Pierre Vielfaure,✅ Found to fetch entity
6431,Jeffrey Wolin,✅ Found to fetch entity
6451,Piet Worm,✅ Found to fetch entity
6458,Cedric Wright,✅ Found to fetch entity
6630,Bern Porter,✅ Found to fetch entity
7029,Connie Imboden,✅ Found to fetch entity
7045,Reiko Sudo,✅ Found to fetch entity
7158,Perry King,✅ Found to fetch entity
7283,Masuteru Aoba,✅ Found to fetch entity
7312,Charles O. Perry,✅ Found to fetch entity
7492,Kay Rosen,✅ Found to fetch entity
7497,Karen Kunc,✅ Found to fetch entity
7617,Nancy Rubins,✅ Found to fetch entity
7656,Melissa Ann Pinney,✅ Found to fetch entity
7731,Emil Kiess,✅ Found to fetch entity
7733,Rigaud Benoit,✅ Found to fetch entity
7740,Jacob Burck,✅ Found to fetch entity
7852,Bastienne Schmidt,✅ Found to fetch entity
7889,Beatrice Riese,✅ Found to fetch entity
7906,Ming Smith,✅ Found to fetch entity
8098,Osamu Shiihara,✅ Found to fetch entity
8130,Jorge Silvetti,✅ Found to fetch entity
8207,Helmut Nothhelfer,✅ Found to fetch entity
8224,Cristiano Toraldo di Francia,✅ Found to fetch entity
8333,Robert Overby,✅ Found to fetch entity
8350,Nicolaus Ott,✅ Found to fetch entity
13163,Bradbury Thompson,✅ Found to fetch entity
22737,Dan Asher,✅ Found to fetch entity
26279,Björn Roth,✅ Found to fetch entity
26542,Cheryl Donegan,✅ Found to fetch entity
28581,Peter Cain,✅ Found to fetch entity
28598,José Damasceno,✅ Found to fetch entity
28623,Caio Fonseca,✅ Found to fetch entity
28625,Barnaby Furnas,✅ Found to fetch entity
28652,Richard Hawkins,✅ Found to fetch entity
28656,Lothar Hempel,✅ Found to fetch entity
28687,Friedrich Kunath,✅ Found to fetch entity
28704,Marepe,✅ Found to fetch entity
48,contemporary art,is found in movements table
48,28704,is added in human_movement table
48,28704,is found in human_movement table
28745,Christopher Orr,✅ Found to fetch entity
28778,Clare Rojas,✅ Found to fetch entity
28793,Jörg Schlick,✅ Found to fetch entity
28898,Stefan Kürten,✅ Found to fetch entity
28997,Swoon,✅ Found to fetch entity
109,street art,is found in movements table
109,28997,is added in human_movement table
109,28997,is found in human_movement table
30111,Matthew Brannon,✅ Found to fetch entity
30770,Anton Kannemeyer,✅ Found to fetch entity
30848,Hüseyin Bahri Alptekin,✅ Found to fetch entity
30892,Julius Deutschbauer,✅ Found to fetch entity
30969,Gabriel Kuri,✅ Found to fetch entity
31005,Cathrin Pichler,✅ Found to fetch entity
31699,Papo Colo,✅ Found to fetch entity
31879,Frank Powell,✅ Found to fetch entity
31898,Travers Vale,✅ Found to fetch entity
32007,Louise Campbell,✅ Found to fetch entity
32246,Masaki Fujihata,✅ Found to fetch entity
32607,Lin Tianmiao,✅ Found to fetch entity
32621,Leslie Hewitt,✅ Found to fetch entity
32795,Yutaka Matsuzawa,✅ Found to fetch entity
32997,Oki Sato,✅ Found to fetch entity
33647,Lonnie van Brummelen,✅ Found to fetch entity
33943,Alejandro Puente,✅ Found to fetch entity
34202,Zhang Dali,✅ Found to fetch entity
34577,Sabine Hornig,✅ Found to fetch entity
34732,Zheng Guogu,✅ Found to fetch entity
34843,Frank Gillette,✅ Found to fetch entity
34937,Tony Cokes,✅ Found to fetch entity
35267,Stanya Kahn,✅ Found to fetch entity
35297,Peter Clarke,✅ Found to fetch entity
35460,Bruce Yonemoto,✅ Found to fetch entity
36204,Carlo Brogi,✅ Found to fetch entity
37116,Otto von Kursell,✅ Found to fetch entity
37782,Raúl Lozza,✅ Found to fetch entity
37805,Peter Coffin,✅ Found to fetch entity
37992,Klaus Groh,✅ Found to fetch entity
38045,Brooks Williams,✅ Found to fetch entity
38774,Sameer Makarius,✅ Found to fetch entity
39049,Michael Epp,✅ Found to fetch entity
39643,Ian Wilson,✅ Found to fetch entity
40293,Hans Brockhage,✅ Found to fetch entity
40871,Jan Slothouber,✅ Found to fetch entity
40906,Toon Verhoef,✅ Found to fetch entity
40912,Zadok Ben-David,✅ Found to fetch entity
41170,Johanna Calle,✅ Found to fetch entity
41223,Oscar Tuazon,✅ Found to fetch entity
42439,Gilles Gheerbrant,✅ Found to fetch entity
43055,Adam Broomberg,✅ Found to fetch entity
43747,Ed Atkins,✅ Found to fetch entity
48,contemporary art,is found in movements table
48,43747,is added in human_movement table
48,43747,is found in human_movement table
44437,Helen Marten,✅ Found to fetch entity
44526,Brian Glenney,✅ Found to fetch entity
44660,Every Ocean Hughes,✅ Found to fetch entity
46394,Philippe Van Snick,✅ Found to fetch entity
46895,George Herms,✅ Found to fetch entity
47157,Manuel González Rul,✅ Found to fetch entity
48070,Massimo Giacon,✅ Found to fetch entity
48936,Deborah Sussman,✅ Found to fetch entity
67366,Frank Majore,✅ Found to fetch entity
67917,Letícia Parente,✅ Found to fetch entity
68383,Stephanie Syjuco,✅ Found to fetch entity
69685,Bernhard Jäger,✅ Found to fetch entity
69768,Amie Siegel,✅ Found to fetch entity
69920,Hansjörg Gisiger,✅ Found to fetch entity
70006,Anupama Kundoo,✅ Found to fetch entity
70122,Roberta Allen,✅ Found to fetch entity
73277,Gazbia Sirry,✅ Found to fetch entity
75467,Moké,✅ Found to fetch entity
98852,Juan José Gurrola,✅ Found to fetch entity
132547,Wendy Red Star,✅ Found to fetch entity
48,contemporary art,is found in movements table
48,132547,is added in human_movement table
48,132547,is found in human_movement table
132720,Tourmaline,✅ Found to fetch entity
132735,Yuli Karasik,✅ Found to fetch entity
132942,Nina Chanel Abney,✅ Found to fetch entity
133563,James Barnor,✅ Found to fetch entity
154,Mauricio Amster Cats,✅ Found to fetch entity
185,Bruce Angrave,✅ Found to fetch entity
405,Castera Bazile,✅ Found to fetch entity
570,Michael Bishop,✅ Found to fetch entity
614,Donald Blumberg,✅ Found to fetch entity
626,Bengt Böckman,✅ Found to fetch entity
727,Ángel Bracho,✅ Found to fetch entity
728,M. Leone Bracker,✅ Found to fetch entity
804,Arthur William Brown,✅ Found to fetch entity
840,Boris Bućan,✅ Found to fetch entity
957,Bruno Capacci,✅ Found to fetch entity
1086,Bernard Cheese,✅ Found to fetch entity
1177,Pinchas Cohen Gan,✅ Found to fetch entity
1283,George C. Cox,✅ Found to fetch entity
1370,Jorge Damiani,✅ Found to fetch entity
1449,Roger de Valerio,✅ Found to fetch entity
1504,Léopold Desbrosses,✅ Found to fetch entity
1538,Jane Dickson,✅ Found to fetch entity
1755,Erwin Hanfstaengl,✅ Found to fetch entity
2230,Roberto González Goyri,✅ Found to fetch entity
2251,Wiktor Górka,✅ Found to fetch entity
2434,Volkmar Haase,✅ Found to fetch entity
64,abstract art,is found in movements table
64,2434,is added in human_movement table
64,2434,is found in human_movement table
2440,Ronald L. Haeberle,✅ Found to fetch entity
2747,Robert Hudson,✅ Found to fetch entity
6,modernism,is found in movements table
6,2747,is added in human_movement table
6,2747,is found in human_movement table
174,Funk art,is found in movements table
174,2747,is added in human_movement table
174,2747,is found in human_movement table
2854,Shigeru Izumi,✅ Found to fetch entity
3019,Herbert Katzman,✅ Found to fetch entity
7,Expressionism,is found in movements table
7,3019,is added in human_movement table
7,3019,is found in human_movement table
3051,Richard Kelly,✅ Found to fetch entity
3113,Michael Kirby,✅ Found to fetch entity
3117,Eve Kirk,✅ Found to fetch entity
3284,Rudolf Kügler,✅ Found to fetch entity
3439,Fernando Leal,✅ Found to fetch entity
3500,Julian Lethbridge,✅ Found to fetch entity
3599,Luis López Loza,✅ Found to fetch entity
4130,Edward Moulthrop,✅ Found to fetch entity
4225,James Nares,✅ Found to fetch entity
4342,Ira Nowinski,✅ Found to fetch entity
4396,Serge Oldenbourg,✅ Found to fetch entity
12,Fluxus,is found in movements table
12,4396,is added in human_movement table
12,4396,is found in human_movement table
4557,Rossini Perez,✅ Found to fetch entity
4587,Richard Pettibone,✅ Found to fetch entity
237,appropriation,is found in movements table
237,4587,is added in human_movement table
237,4587,is found in human_movement table
4884,Jeanne Reynal,✅ Found to fetch entity
4911,Marco Richterich,✅ Found to fetch entity
5078,Antonio Ruiz,✅ Found to fetch entity
5211,Sherril Schell,✅ Found to fetch entity
5426,Todd Siler,✅ Found to fetch entity
5446,Michael Singer,✅ Found to fetch entity
5476,Yves De Smet,✅ Found to fetch entity
5503,Janet Sobel,✅ Found to fetch entity
87,abstract expressionism,is found in movements table
87,5503,is added in human_movement table
87,5503,is found in human_movement table
5533,Steven Sorman,✅ Found to fetch entity
5580,Friedrich St. Florian,✅ Found to fetch entity
5620,J. L. Steg,✅ Found to fetch entity
5749,Luke Swank,✅ Found to fetch entity
5934,Rudi Tröger,✅ Found to fetch entity
6080,Jay Van Everen,✅ Found to fetch entity
6234,Carl Walters,✅ Found to fetch entity
6303,Roger Welch,✅ Found to fetch entity
23,conceptual art,is found in movements table
23,6303,is added in human_movement table
23,6303,is found in human_movement table
6373,John Willenbecher,✅ Found to fetch entity
6511,Hideo Yoshihara,✅ Found to fetch entity
6519,Ellsworth Young,✅ Found to fetch entity
6691,Maximilienne Guyon,✅ Found to fetch entity
6757,Gerald Gladstone,✅ Found to fetch entity
6763,Gordon Rayner,✅ Found to fetch entity
7006,Suzanne McClelland,✅ Found to fetch entity
7009,Roberto Ciaccio,✅ Found to fetch entity
7390,Moustapha Dimé,✅ Found to fetch entity
7510,Ritva Puotila,✅ Found to fetch entity
7686,Rafael Solbes,✅ Found to fetch entity
7691,Kevin Bubriski,✅ Found to fetch entity
7866,Accra Shepp,✅ Found to fetch entity
7880,James Juszczyk,✅ Found to fetch entity
7888,Raquel Rabinovich,✅ Found to fetch entity
8131,Gianni Braghieri,✅ Found to fetch entity
8272,Walter Diethelm,✅ Found to fetch entity
8366,Kilian Breier,✅ Found to fetch entity
8401,Leo Marfurt,✅ Found to fetch entity
8403,Marguerite Delorme,✅ Found to fetch entity
8417,Harri Koskinen,✅ Found to fetch entity
8597,Maria Martinez-Cañas,✅ Found to fetch entity
19075,Rudi Molacek,✅ Found to fetch entity
19746,Sam Samore,✅ Found to fetch entity
22630,Marvin E. Newman,✅ Found to fetch entity
22941,Acharya Vyakul,✅ Found to fetch entity
22971,Laylah Ali,✅ Found to fetch entity
24394,Aurel Bauh,✅ Found to fetch entity
24457,Irene Hoffmann,✅ Found to fetch entity
24609,Antoine Demilly,✅ Found to fetch entity
26079,Yun-Fei Ji,✅ Found to fetch entity
26130,Alfred Fischer,✅ Found to fetch entity
26380,Alex Moulton,✅ Found to fetch entity
27155,Max Cole,✅ Found to fetch entity
27663,Jennifer Pastor,✅ Found to fetch entity
28423,Y.Z. Kami,✅ Found to fetch entity
28556,Hernan Bas,✅ Found to fetch entity
28591,Nigel Cooke,✅ Found to fetch entity
48,contemporary art,is found in movements table
48,28591,is added in human_movement table
48,28591,is found in human_movement table
28668,Jim Isermann,✅ Found to fetch entity
28677,Martin Kersels,✅ Found to fetch entity
28732,Scott Myles,✅ Found to fetch entity
28754,Simon Periton,✅ Found to fetch entity
28796,Lara Schnitger,✅ Found to fetch entity
28833,Yuken Teruya,✅ Found to fetch entity
28877,Jon Pylypchuk,✅ Found to fetch entity
29580,Douglas Kolk,✅ Found to fetch entity
29655,Jeanne Silverthorne,✅ Found to fetch entity
29722,Enric Ruiz-Geli,✅ Found to fetch entity
30860,Ricardo Basbaum,✅ Found to fetch entity
31027,Peter Sandbichler,✅ Found to fetch entity
31300,Vincent Mosco,✅ Found to fetch entity
31322,Klaus Ottomeyer,✅ Found to fetch entity
32103,Pietro Derossi,✅ Found to fetch entity
32182,Beth B,✅ Found to fetch entity
34184,John Lloyd Wright,✅ Found to fetch entity
34488,Xiao Lu,✅ Found to fetch entity
34625,Paul Richards,✅ Found to fetch entity
34787,Leo Villareal,✅ Found to fetch entity
48,contemporary art,is found in movements table
48,34787,is added in human_movement table
48,34787,is found in human_movement table
35452,Barbara Hammann,✅ Found to fetch entity
35553,Linda Goode Bryant,✅ Found to fetch entity
36090,Feng Mengbo,✅ Found to fetch entity
36505,Sue de Beer,✅ Found to fetch entity
36541,Lene Berg,✅ Found to fetch entity
36612,Clara Porset,✅ Found to fetch entity
36948,Terry Jennings,✅ Found to fetch entity
36953,Gabriel de Rumine,✅ Found to fetch entity
37087,Ericka Beckman,✅ Found to fetch entity
37621,Jan Tichy,✅ Found to fetch entity
37642,Christien Meindertsma,✅ Found to fetch entity
38040,Ludwig Gosewitz,✅ Found to fetch entity
38608,Hans Werckmeister,✅ Found to fetch entity
38637,Charles I. Berg,✅ Found to fetch entity
38859,Ilene Segalove,✅ Found to fetch entity
38917,Katya Sander,✅ Found to fetch entity
40557,Stephen Kaltenbach,✅ Found to fetch entity
23,conceptual art,is found in movements table
23,40557,is added in human_movement table
23,40557,is found in human_movement table
40872,William Graatsma,✅ Found to fetch entity
41227,Cami Stone,✅ Found to fetch entity
41281,Suzanne Jackson,✅ Found to fetch entity
41952,Erwin Hauer,✅ Found to fetch entity
42333,Irwin Kremen,✅ Found to fetch entity
42620,Valentin Carron,✅ Found to fetch entity
42858,Janice Kerbel,✅ Found to fetch entity
43052,Brendan Fowler,✅ Found to fetch entity
43056,Oliver Chanarin,✅ Found to fetch entity
43459,Fernando Ortega,✅ Found to fetch entity
43705,Alain Huck,✅ Found to fetch entity
44605,Akira Yasuda,✅ Found to fetch entity
46033,Simon Denny,✅ Found to fetch entity
46292,Jonathan Bepler,✅ Found to fetch entity
46485,Ronald Clyne,✅ Found to fetch entity
47183,David Hartt,✅ Found to fetch entity
47377,Jim Houghton,✅ Found to fetch entity
48184,William Dodge Stevens,✅ Found to fetch entity
48234,Igor Kordej,✅ Found to fetch entity
48766,Stephanie Taylor,✅ Found to fetch entity
48870,Hubert Hilscher,✅ Found to fetch entity
48985,Xaviera Simmons,✅ Found to fetch entity
48,contemporary art,is found in movements table
48,48985,is added in human_movement table
48,48985,is found in human_movement table
49169,Jiří Pelcl,✅ Found to fetch entity
65861,Alden B. Dow,✅ Found to fetch entity
67542,Roger Cardinal,✅ Found to fetch entity
69549,Géza Perneczky,✅ Found to fetch entity
183,Mail-Art,is found in movements table
183,69549,is added in human_movement table
183,69549,is found in human_movement table
69941,Mary Corse,✅ Found to fetch entity
193,Light and Space,is found in movements table
193,69941,is added in human_movement table
193,69941,is found in human_movement table
73324,Valeska Soares,✅ Found to fetch entity
64,abstract art,is found in movements table
64,73324,is added in human_movement table
64,73324,is found in human_movement table
73944,Jurgen Bey,✅ Found to fetch entity
74132,Thomas Brinkmann,✅ Found to fetch entity
74156,Clara Tice,✅ Found to fetch entity
74555,Francis Baudevin,✅ Found to fetch entity
75665,Fernanda Gomes,✅ Found to fetch entity
131945,Alexandre Wollner,✅ Found to fetch entity
132957,Luis Hernández Cruz,✅ Found to fetch entity
133084,Nicholas Galanin,✅ Found to fetch entity
133618,Ed Templeton,✅ Found to fetch entity
133645,Luis Frangella,✅ Found to fetch entity
78,Postmodernism,is found in movements table
78,133645,is added in human_movement table
78,133645,is found in human_movement table
133966,Paulo Nazareth,✅ Found to fetch entity
134200,Lili Reynaud-Dewar,✅ Found to fetch entity
134434,Sandra Mujinga,✅ Found to fetch entity
134989,Heinz Isler,✅ Found to fetch entity
136006,Joaquim Tenreiro,✅ Found to fetch entity
136027,Mohamed Bourouissa,✅ Found to fetch entity
136791,Sheba Chhachhi,✅ Found to fetch entity
137027,André Laude,✅ Found to fetch entity
137036,Victor Hernández Cruz,✅ Found to fetch entity
124,Glen Alps,✅ Found to fetch entity
489,Ed Bereal,✅ Found to fetch entity
493,Jason Berger,✅ Found to fetch entity
520,Richard Bernstein,✅ Found to fetch entity
539,Wim Beuning,✅ Found to fetch entity
687,Fritz Boscovits,✅ Found to fetch entity
850,David Budd,✅ Found to fetch entity
901,Elizabeth Butterworth,✅ Found to fetch entity
945,Vincent Canadé,✅ Found to fetch entity
1038,Bob Cato,✅ Found to fetch entity
1218,Robert Conover,✅ Found to fetch entity
1493,Morgan Dennis,✅ Found to fetch entity
1787,Hans Fabigan,✅ Found to fetch entity
1838,Eugene Feldman,✅ Found to fetch entity
2129,Jules Germain,✅ Found to fetch entity
2307,Ken Graves,✅ Found to fetch entity
2332,Georg Gresko,✅ Found to fetch entity
2350,Laura Grisi,✅ Found to fetch entity
2402,Lurelle Guild,✅ Found to fetch entity
2444,Michael Hafftka,✅ Found to fetch entity
2448,Karl Hagenauer,✅ Found to fetch entity
2584,Riva Helfond,✅ Found to fetch entity
2587,Nancy Hellebrand,✅ Found to fetch entity
2786,Kyu-Baik Hwang,✅ Found to fetch entity
2856,Joseph Jachna,✅ Found to fetch entity
2862,Oliver Jackson,✅ Found to fetch entity
3128,Gabi Klasmer,✅ Found to fetch entity
3174,Yasuhide Kobashi,✅ Found to fetch entity
3246,Doris Kreindler,✅ Found to fetch entity
3308,Masayuki Kurokawa,✅ Found to fetch entity
3341,Richard Lahey,✅ Found to fetch entity
3369,Lois Lane,✅ Found to fetch entity
3390,Eugene Larkin,✅ Found to fetch entity
3452,Catherine Lee,✅ Found to fetch entity
3738,Matthias Mansen,✅ Found to fetch entity
3791,Fred Martin,✅ Found to fetch entity
3972,Jun Miki,✅ Found to fetch entity
3987,Nachume Miller,✅ Found to fetch entity
4131,Olivier Mourgue,✅ Found to fetch entity
4182,John J. A. Murphy,✅ Found to fetch entity
4346,Yki Nummi,✅ Found to fetch entity
4347,Guillermo Núñez,✅ Found to fetch entity
4379,Hans Ofner,✅ Found to fetch entity
4521,Thomas Patti,✅ Found to fetch entity
4568,Mario Persico,✅ Found to fetch entity
4597,Bernard Pfriem,✅ Found to fetch entity
4709,Stephen Posen,✅ Found to fetch entity
4880,Paul Revel,✅ Found to fetch entity
4883,Jesús Reyes Ferreira,✅ Found to fetch entity
4887,John Reynolds,✅ Found to fetch entity
5019,Herman Rose,✅ Found to fetch entity
5167,Paul Sarkisian,✅ Found to fetch entity
5175,Tadashi Sato,✅ Found to fetch entity
5324,Doris Seidler,✅ Found to fetch entity
5333,Jason Seley,✅ Found to fetch entity
5393,Sarai Sherman,✅ Found to fetch entity
87,abstract expressionism,is found in movements table
87,5393,is added in human_movement table
87,5393,is found in human_movement table
5590,Paul Stahr,✅ Found to fetch entity
5596,Ted Stamm,✅ Found to fetch entity
5649,Joseph Sterling,✅ Found to fetch entity
5689,Thelma Johnson Streat,✅ Found to fetch entity
87,abstract expressionism,is found in movements table
87,5689,is added in human_movement table
87,5689,is found in human_movement table
6,modernism,is found in movements table
6,5689,is added in human_movement table
6,5689,is found in human_movement table
5778,Walter Tafelmaier,✅ Found to fetch entity
5792,John Talleur,✅ Found to fetch entity
5859,Francis Thompson,✅ Found to fetch entity
5871,Øistein Thurman,✅ Found to fetch entity
6089,William Vandivert,✅ Found to fetch entity
6218,Paul Waldman,✅ Found to fetch entity
6385,Manfred Willmann,✅ Found to fetch entity
6418,Rainer Wittenborn,✅ Found to fetch entity
6482,Harumi Yamaguchi,✅ Found to fetch entity
6489,Hiroshi Yamazaki,✅ Found to fetch entity
6627,Robert Gordy,✅ Found to fetch entity
6628,Margo Humphrey,✅ Found to fetch entity
6760,Robert Markle,✅ Found to fetch entity
6824,Joan Livingstone,✅ Found to fetch entity
6860,Paul Marcus,✅ Found to fetch entity
7001,Vernon Heath,✅ Found to fetch entity
7076,Mike Salisbury,✅ Found to fetch entity
7120,Alexander Kosolapov,✅ Found to fetch entity
7126,Houston Conwill,✅ Found to fetch entity
7129,Hin Bredendieck,✅ Found to fetch entity
7472,Gordon Cook,✅ Found to fetch entity
7483,James Kearns,✅ Found to fetch entity
7541,Don Brown,✅ Found to fetch entity
7561,Laurids Ortner,✅ Found to fetch entity
7562,Manfred Ortner,✅ Found to fetch entity
7564,Marc Tsurumaki,✅ Found to fetch entity
7650,Bruce Charlesworth,✅ Found to fetch entity
7716,Paul Vanderbilt,✅ Found to fetch entity
7720,Knud Jans,✅ Found to fetch entity
7831,Gerd Bonfert,✅ Found to fetch entity
7845,Diana Michener,✅ Found to fetch entity
7920,Maria Serebriakova,✅ Found to fetch entity
8181,Jacques-Philippe Potteau,✅ Found to fetch entity
8203,Kevin Appel,✅ Found to fetch entity
8245,Susan Unterberg,✅ Found to fetch entity
48,contemporary art,is found in movements table
48,8245,is added in human_movement table
48,8245,is found in human_movement table
8273,Josef Flejšar,✅ Found to fetch entity
8382,Juan Antonio Morales,✅ Found to fetch entity
8607,Robert Riger,✅ Found to fetch entity
8654,Lutz Dille,✅ Found to fetch entity
8707,Diller + Scofidio,✅ Found to fetch entity
12582,Robert Cordier,✅ Found to fetch entity
22672,Ingrid Calame,✅ Found to fetch entity
22750,Juul Kraijer,✅ Found to fetch entity
23668,Mikhail Gerasimov,✅ Found to fetch entity
23891,Vadym Meller,✅ Found to fetch entity
24595,Bernard Shea Horne,✅ Found to fetch entity
24642,Alisa Poret,✅ Found to fetch entity
25190,Chloe Piene,✅ Found to fetch entity
26382,Marco Maggi,✅ Found to fetch entity
26617,Álvaro Barrios,✅ Found to fetch entity
27196,Susan Schwalb,✅ Found to fetch entity
28138,Richard Dupont,✅ Found to fetch entity
28555,Claire Barclay,✅ Found to fetch entity
28580,Kathy Butterly,✅ Found to fetch entity
28583,Jonathan Callan,✅ Found to fetch entity
28608,Damien Deroubaix,✅ Found to fetch entity
28634,Ewan Gibbs,✅ Found to fetch entity
28648,Kojo Griffin,✅ Found to fetch entity
28664,Louise Hopkins,✅ Found to fetch entity
28690,William Leavitt,✅ Found to fetch entity
28717,Roy McMakin,✅ Found to fetch entity
28764,Jane Piper,✅ Found to fetch entity
28830,Ena Swansea,✅ Found to fetch entity
28836,Hayley Tompkins,✅ Found to fetch entity
28839,Donald Urquhart,✅ Found to fetch entity
28844,Banks Violette,✅ Found to fetch entity
28866,Ralf Ziervogel,✅ Found to fetch entity
28889,Charles Dudley Arnold,✅ Found to fetch entity
29431,Leonid Tishkov,✅ Found to fetch entity
29656,Daisy Youngblood,✅ Found to fetch entity
30205,Ruy Ohtake,✅ Found to fetch entity
30610,Jules Spinatsch,✅ Found to fetch entity
30733,Conrad Botes,✅ Found to fetch entity
30867,Michael Blum,✅ Found to fetch entity
30960,Jan Knap,✅ Found to fetch entity
31016,Navin Rawanchaikul,✅ Found to fetch entity
32366,Shelly Silver,✅ Found to fetch entity
32768,Liz Deschenes,✅ Found to fetch entity
34221,Rong Rong,✅ Found to fetch entity
34845,Gary Glassman,✅ Found to fetch entity
34846,Graeme Whifler,✅ Found to fetch entity
34861,John Sanborn,✅ Found to fetch entity
34863,Jud Yalkut,✅ Found to fetch entity
34916,Stuart Marshall,✅ Found to fetch entity
35143,Diller Scofidio + Renfro,✅ Found to fetch entity
35503,Ellen Spiro,✅ Found to fetch entity
35555,Kim Tomczak,✅ Found to fetch entity
35972,Regine Leibinger,✅ Found to fetch entity
36267,Adolf Fassbender,✅ Found to fetch entity
36881,Noémi Raymond,✅ Found to fetch entity
37002,Alice Hutchins,✅ Found to fetch entity
12,Fluxus,is found in movements table
12,37002,is added in human_movement table
12,37002,is found in human_movement table
37144,Kuniharu Akiyama,✅ Found to fetch entity
37546,Martha Colburn,✅ Found to fetch entity
37577,Ranjani Shettar,✅ Found to fetch entity
37910,Vincent Fecteau,✅ Found to fetch entity
37984,Fritz Judtmann,✅ Found to fetch entity
38070,Frédéric Druot,✅ Found to fetch entity
38201,Judith Mason,✅ Found to fetch entity
38478,Tobias Frere-Jones,✅ Found to fetch entity
39302,Aram Bartholl,✅ Found to fetch entity
39325,Marc Bauer,✅ Found to fetch entity
40517,Anthony Cox,✅ Found to fetch entity
40781,Kjetil Trædal Thorsen,✅ Found to fetch entity
41315,Ray Lowry,✅ Found to fetch entity
41775,Arch Connelly,✅ Found to fetch entity
42628,Meiro Koizumi,✅ Found to fetch entity
42906,Lisa Oppenheim,✅ Found to fetch entity
43051,Josephine Pryde,✅ Found to fetch entity
43357,Paulo Bruscky,✅ Found to fetch entity
183,Mail-Art,is found in movements table
183,43357,is added in human_movement table
183,43357,is found in human_movement table
43457,Fernando Vilela,✅ Found to fetch entity
44702,Jeremy Shaw,✅ Found to fetch entity
45039,Dieter Hülsmanns,✅ Found to fetch entity
45651,Juan Luis Martínez,✅ Found to fetch entity
46153,Carlos Libedinsky,✅ Found to fetch entity
46175,Erin Shirreff,✅ Found to fetch entity
46535,Bernard Pierre Wolff,✅ Found to fetch entity
46581,Kevin Beasley,✅ Found to fetch entity
46990,Natalie Czech,✅ Found to fetch entity
47174,Michael Lavine,✅ Found to fetch entity
47181,Katharina Gaenssler,✅ Found to fetch entity
47209,Ilit Azoulay,✅ Found to fetch entity
47318,Tomasz Lipiński,✅ Found to fetch entity
47456,Sandra Cinto,✅ Found to fetch entity
47579,Alex Bag,✅ Found to fetch entity
48471,Cameron Rowland,✅ Found to fetch entity
48735,Marjorie Strider,✅ Found to fetch entity
8,pop art,is found in movements table
8,48735,is added in human_movement table
8,48735,is found in human_movement table
48918,Paul Shaw,✅ Found to fetch entity
49819,Christian Hasucha,✅ Found to fetch entity
49995,Juraj Neidhardt,✅ Found to fetch entity
67479,Drago Galić,✅ Found to fetch entity
68288,David Zink Yi,✅ Found to fetch entity
69642,Nicolas Party,✅ Found to fetch entity
70436,Montien Boonma,✅ Found to fetch entity
73945,Naeem Mohaiemen,✅ Found to fetch entity
75036,Aldo Bakker,✅ Found to fetch entity
75577,Paul Coldwell,✅ Found to fetch entity
110981,Farshid Mesghali,✅ Found to fetch entity
131905,Arne Arnbom,✅ Found to fetch entity
132768,Garrett Bradley,✅ Found to fetch entity
133096,Dana Claxton,✅ Found to fetch entity
133240,Meridel Rubenstein,✅ Found to fetch entity
133814,Shelley Niro,✅ Found to fetch entity
134038,Diamond Stingily,✅ Found to fetch entity
134108,Obiora Udechukwu,✅ Found to fetch entity
134253,Artie Vierkant,✅ Found to fetch entity
134870,Akinbode Akinbiyi,✅ Found to fetch entity
135229,Tavares Strachan,✅ Found to fetch entity
136187,Bernard Dreyfus,✅ Found to fetch entity
48,contemporary art,is found in movements table
48,136187,is added in human_movement table
48,136187,is found in human_movement table
136997,Simon Watson Taylor,✅ Found to fetch entity
3,Surrealism,is found in movements table
3,136997,is added in human_movement table
3,136997,is found in human_movement table
137030,Alan Ansen,✅ Found to fetch entity
137118,Wanda Pimentel,✅ Found to fetch entity
137433,Jean Jacquelin,✅ Found to fetch entity
80,Mehemed Fehmy Agha,✅ Found to fetch entity
193,David Annesley,✅ Found to fetch entity
214,Egmont Arens,✅ Found to fetch entity
282,Martin Baer,✅ Found to fetch entity
332,Richard Baringer,✅ Found to fetch entity
401,Ed Baynard,✅ Found to fetch entity
532,Emilio Bertonati,✅ Found to fetch entity
752,Troy Brauntuch,✅ Found to fetch entity
761,Raymond Breinin,✅ Found to fetch entity
835,Wim Brusse,✅ Found to fetch entity
974,Marie Carlier,✅ Found to fetch entity
1161,William Clutz,✅ Found to fetch entity
1192,André Collot,✅ Found to fetch entity
1201,Alvin Colt,✅ Found to fetch entity
1229,Lia Cook,✅ Found to fetch entity
1263,Toni Costa,✅ Found to fetch entity
63,op art,is found in movements table
63,1263,is added in human_movement table
63,1263,is found in human_movement table
81,kinetic art,is found in movements table
81,1263,is added in human_movement table
81,1263,is found in human_movement table
1319,William Crutchfield,✅ Found to fetch entity
1329,Ben L. Culwell,✅ Found to fetch entity
1365,Francois Dallegret,✅ Found to fetch entity
1382,Jerry Dantzic,✅ Found to fetch entity
1391,Sandu Darie,✅ Found to fetch entity
1404,Brad Davis,✅ Found to fetch entity
1556,Juan Carlos Distéfano,✅ Found to fetch entity
1818,Louis Favre,✅ Found to fetch entity
1876,Aaron Fink,✅ Found to fetch entity
1949,Karl Fortess,✅ Found to fetch entity
1992,Ray H. French,✅ Found to fetch entity
2020,Hakuyo Fuchikami,✅ Found to fetch entity
2082,Jedd Garet,✅ Found to fetch entity
2143,Cristos Gianakos,✅ Found to fetch entity
2247,David Gordon,✅ Found to fetch entity
2272,Jacques-Enguérrand Gourgue,✅ Found to fetch entity
2316,Sante Graziani,✅ Found to fetch entity
2509,Irving Harper,✅ Found to fetch entity
2687,Charles Hoff,✅ Found to fetch entity
2773,Dudley Huppler,✅ Found to fetch entity
2794,Paul Ickovic,✅ Found to fetch entity
2815,Mark Innerst,✅ Found to fetch entity
2938,Charles Jongejans,✅ Found to fetch entity
3049,James Kelly,✅ Found to fetch entity
87,abstract expressionism,is found in movements table
87,3049,is added in human_movement table
87,3049,is found in human_movement table
3132,Allen Klein,✅ Found to fetch entity
3134,David Klein,✅ Found to fetch entity
3155,Sergei Senkin,✅ Found to fetch entity
3156,Berndt Klyvare,✅ Found to fetch entity
3323,Alain de La Bourdonnaye,✅ Found to fetch entity
3326,Chet La More,✅ Found to fetch entity
3367,Stanley Landsman,✅ Found to fetch entity
3458,Theyre Lee-Elliott,✅ Found to fetch entity
184,Art Deco,is found in movements table
184,3458,is added in human_movement table
184,3458,is found in human_movement table
3498,Gilbert Lesser,✅ Found to fetch entity
3606,Reagan Louie,✅ Found to fetch entity
3610,Jim Love,✅ Found to fetch entity
3844,Leni Matthaei,✅ Found to fetch entity
3906,Raul Meel,✅ Found to fetch entity
3926,Antonio Mendoza,✅ Found to fetch entity
3970,Tomoko Miho,✅ Found to fetch entity
4044,Paul Mogensen,✅ Found to fetch entity
4195,Donia Nachshen,✅ Found to fetch entity
4205,Fred Nagler,✅ Found to fetch entity
4312,Oscar Nitzchke,✅ Found to fetch entity
4480,Hally Pancer,✅ Found to fetch entity
4489,Peter Paone,✅ Found to fetch entity
4526,Pauta Saila,✅ Found to fetch entity
4531,John Pearson,✅ Found to fetch entity
4574,Roland Petersen,✅ Found to fetch entity
4613,Alton Pickens,✅ Found to fetch entity
4668,Steve Poleskie,✅ Found to fetch entity
4857,Nono Reinhold,✅ Found to fetch entity
4965,Walter Robinson,✅ Found to fetch entity
4991,Walter Rogalski,✅ Found to fetch entity
5018,David Rose,✅ Found to fetch entity
5043,Jack Roth,✅ Found to fetch entity
5148,Joop Sanders,✅ Found to fetch entity
87,abstract expressionism,is found in movements table
87,5148,is added in human_movement table
87,5148,is found in human_movement table
5308,James Seawright,✅ Found to fetch entity
5322,Roderick Seidenberg,✅ Found to fetch entity
5365,L. A. Shafer,✅ Found to fetch entity
5470,Clarissa Sligh,✅ Found to fetch entity
5556,Elizabeth Sparhawk-Jones,✅ Found to fetch entity
5560,Andrew Spence,✅ Found to fetch entity
5594,Eric Staller,✅ Found to fetch entity
5669,Mark Stock,✅ Found to fetch entity
5757,Maltby Sykes,✅ Found to fetch entity
5759,Joseph Szabo,✅ Found to fetch entity
5783,Rikio Takahashi,✅ Found to fetch entity
5834,Eduardo Terrazas,✅ Found to fetch entity
5914,Hugh Townley,✅ Found to fetch entity
5971,Albert Angus Turbayne,✅ Found to fetch entity
5986,Vilhelm Tveteraas,✅ Found to fetch entity
6340,Henry White,✅ Found to fetch entity
6384,Thornton Willis,✅ Found to fetch entity
87,abstract expressionism,is found in movements table
87,6384,is added in human_movement table
87,6384,is found in human_movement table
6428,Sylvia Wolf,✅ Found to fetch entity
6508,Masaji Yoshida,✅ Found to fetch entity
6534,Stanislaw Zagorski,✅ Found to fetch entity
6739,Albert Swinden,✅ Found to fetch entity
6849,Karl Opfermann,✅ Found to fetch entity
6977,Ronald Jones,✅ Found to fetch entity
6993,Laura Volkerding,✅ Found to fetch entity
6994,Gaston Darbour,✅ Found to fetch entity
7039,Ken Schles,✅ Found to fetch entity
7086,John Fekner,✅ Found to fetch entity
7119,Mike Glier,✅ Found to fetch entity
7170,Tony Esposito,✅ Found to fetch entity
7277,Alberto Meda,✅ Found to fetch entity
7403,Walter Ballmer,✅ Found to fetch entity
7436,Marlene McCarty,✅ Found to fetch entity
7566,Joel Sanders,✅ Found to fetch entity
7844,Katy Schimert,✅ Found to fetch entity
7865,Amy Arbus,✅ Found to fetch entity
7924,Bogdan Achimescu,✅ Found to fetch entity
7993,Constantin Boym,✅ Found to fetch entity
8278,Michael Joo,✅ Found to fetch entity
8311,Christa Ehrlich,✅ Found to fetch entity
8497,Rudolf Bonvie,✅ Found to fetch entity
183,Mail-Art,is found in movements table
183,8497,is added in human_movement table
183,8497,is found in human_movement table
13678,Aleksei Chicherin,✅ Found to fetch entity
14651,Auguste Clot,✅ Found to fetch entity
14729,Fritz Zeymer,✅ Found to fetch entity
19039,Davi Det Hompson,✅ Found to fetch entity
183,Mail-Art,is found in movements table
183,19039,is added in human_movement table
183,19039,is found in human_movement table
22722,Alessandro Pessoli,✅ Found to fetch entity
23392,Karin Apollonia Müller,✅ Found to fetch entity
23922,Samuil Adlivankin,✅ Found to fetch entity
24162,Nisson Shifrin,✅ Found to fetch entity
24429,Erich Comeriner,✅ Found to fetch entity
25478,Theodor Paul Etbauer,✅ Found to fetch entity
26126,Konstanty Gutschow,✅ Found to fetch entity
26424,Jane Wilson,✅ Found to fetch entity
26619,Claudio Perna,✅ Found to fetch entity
27049,Ruben Rausing,✅ Found to fetch entity
27237,Victoria Sambunaris,✅ Found to fetch entity
27767,Mathieu Lehanneur,✅ Found to fetch entity
28582,Ernesto Caivano,✅ Found to fetch entity
28617,Neil Farber,✅ Found to fetch entity
28618,Rachel Feinstein,✅ Found to fetch entity
28638,Judith Godwin,✅ Found to fetch entity
87,abstract expressionism,is found in movements table
87,28638,is added in human_movement table
87,28638,is found in human_movement table
28649,Karl Haendel,✅ Found to fetch entity
28834,Cheyney Thompson,✅ Found to fetch entity
28843,Jean-Luc Verna,✅ Found to fetch entity
28850,Peter Wegner,✅ Found to fetch entity
28963,Oliver Payne,✅ Found to fetch entity
30750,Reynold Reynolds,✅ Found to fetch entity
30877,Pavel Büchler,✅ Found to fetch entity
31317,Linda van Deursen,✅ Found to fetch entity
31744,Albert York,✅ Found to fetch entity
32377,Rea Tajiri,✅ Found to fetch entity
32464,Dan Miller,✅ Found to fetch entity
32691,Kate Gilmore,✅ Found to fetch entity
32733,Paul Budnitz,✅ Found to fetch entity
34913,Stephen Beck,✅ Found to fetch entity
35082,Gilda Mantilla,✅ Found to fetch entity
35295,Alex Hubbard,✅ Found to fetch entity
35582,Nelson Henricks,✅ Found to fetch entity
35697,Perry Hoberman,✅ Found to fetch entity
35811,James Victore,✅ Found to fetch entity
35987,Lutz Mommartz,✅ Found to fetch entity
36607,Toshiko Okanoue,✅ Found to fetch entity
37290,Werner Graul,✅ Found to fetch entity
37325,Frank Stewart,✅ Found to fetch entity
37456,Manfred Leve,✅ Found to fetch entity
38631,Elizabeth Flint Wade,✅ Found to fetch entity
39326,Philippe Decrauzat,✅ Found to fetch entity
39996,Karl Holmqvist,✅ Found to fetch entity
40851,Michael Zinganel,✅ Found to fetch entity
40875,Aldo van den Nieuwelaar,✅ Found to fetch entity
40909,Narcisse Tordoir,✅ Found to fetch entity
40910,Adam Colton,✅ Found to fetch entity
64,abstract art,is found in movements table
64,40910,is added in human_movement table
64,40910,is found in human_movement table
40911,Jan Commandeur,✅ Found to fetch entity
41076,Joe Maloney,✅ Found to fetch entity
41161,Bruno Beye,✅ Found to fetch entity
42064,Alfred Caldwell,✅ Found to fetch entity
42186,Masaya Matsuura,✅ Found to fetch entity
42309,Jimenez Lai,✅ Found to fetch entity
42972,Lucy Raven,✅ Found to fetch entity
43499,David Loewenstein,✅ Found to fetch entity
45385,Klaus Eschen,✅ Found to fetch entity
45409,Richard Aldrich,✅ Found to fetch entity
45519,Florian Idenburg,✅ Found to fetch entity
46296,Monte Cazazza,✅ Found to fetch entity
46789,John Pasche,✅ Found to fetch entity
46864,Wharton Tiers,✅ Found to fetch entity
47075,Annett Zinsmeister,✅ Found to fetch entity
47097,Steffani Jemison,✅ Found to fetch entity
47214,Lieko Shiga,✅ Found to fetch entity
48179,George Mather Richards,✅ Found to fetch entity
48584,Sondra Perry,✅ Found to fetch entity
48590,Paul Dutton,✅ Found to fetch entity
48953,Marcelo Ferraz,✅ Found to fetch entity
49121,Tsibi Geva,✅ Found to fetch entity
49133,Jared Bark,✅ Found to fetch entity
49355,Ila Bêka,✅ Found to fetch entity
49602,Arata Endo,✅ Found to fetch entity
49699,Pamela Rosenkranz,✅ Found to fetch entity
49881,Jean-Pierre Wilhelm,✅ Found to fetch entity
49950,Marko Mušič,✅ Found to fetch entity
63994,John Smith,✅ Found to fetch entity
64638,Cynthia Carlson,✅ Found to fetch entity
215,Pattern and Decoration,is found in movements table
215,64638,is added in human_movement table
215,64638,is found in human_movement table
67097,Ivan Štraus,✅ Found to fetch entity
67987,Amalia Pica,✅ Found to fetch entity
67989,Wilfredo Prieto,✅ Found to fetch entity
68255,Alois Lichtsteiner,✅ Found to fetch entity
69821,Pádraig Timoney,✅ Found to fetch entity
74001,Kikuo Saito,✅ Found to fetch entity
74291,Cang Xin,✅ Found to fetch entity
74477,Wyatt Kahn,✅ Found to fetch entity
75463,Jean Depara,✅ Found to fetch entity
93603,Edin Velez,✅ Found to fetch entity
131654,Gregory Halpern,✅ Found to fetch entity
131934,Nancy Ford Cones,✅ Found to fetch entity
132331,Frank Jones,✅ Found to fetch entity
133414,Kristian Hoffman,✅ Found to fetch entity
135287,Antonio Caro,✅ Found to fetch entity
137097,Claude Breeze,✅ Found to fetch entity
140,Jim Amaral,✅ Found to fetch entity
277,Aquiles Badi,✅ Found to fetch entity
354,Frances Barth,✅ Found to fetch entity
355,Ruodi Barth,✅ Found to fetch entity
361,Joseph Bartscherer,✅ Found to fetch entity
390,Hans Theo Baumann,✅ Found to fetch entity
623,Marcello Boccacci,✅ Found to fetch entity
1119,Caldecot Chubb,✅ Found to fetch entity
1193,Roy Colmer,✅ Found to fetch entity
1406,Faurest Davis,✅ Found to fetch entity
1416,John Day,✅ Found to fetch entity
1507,Arthur Deshaies,✅ Found to fetch entity
1835,Rochelle Feinstein,✅ Found to fetch entity
1886,Else Fischer-Hansen,✅ Found to fetch entity
2004,Benno Friedman,✅ Found to fetch entity
2038,Albert Fuss,✅ Found to fetch entity
2132,Ad Gerritsen,✅ Found to fetch entity
2159,James Francis Gill,✅ Found to fetch entity
8,pop art,is found in movements table
8,2159,is added in human_movement table
8,2159,is found in human_movement table
2399,Maurice Guibert,✅ Found to fetch entity
2400,Alfredo Guido,✅ Found to fetch entity
2533,Rafael Hastings,✅ Found to fetch entity
2574,Maria Hees,✅ Found to fetch entity
2638,Edward Higgins,✅ Found to fetch entity
2720,Göran Hongell,✅ Found to fetch entity
2723,John Hoover,✅ Found to fetch entity
2925,Daniel LaRue Johnson,✅ Found to fetch entity
2998,Janusz Kapusta,✅ Found to fetch entity
3141,Vera Klement,✅ Found to fetch entity
3247,August Kreyenkamp,✅ Found to fetch entity
3254,Harold Krisel,✅ Found to fetch entity
3336,Richard Lacroix,✅ Found to fetch entity
3548,Klaus Liebig,✅ Found to fetch entity
3653,Richard Lytle,✅ Found to fetch entity
3792,Ira Martin,✅ Found to fetch entity
3847,Charles Mattox,✅ Found to fetch entity
4080,Ibi Trier Mørch,✅ Found to fetch entity
4133,Stanley Mouse,✅ Found to fetch entity
4135,Marcello Muccini,✅ Found to fetch entity
4286,John Newman,✅ Found to fetch entity
4433,Emilio Ortiz,✅ Found to fetch entity
4476,Hans Heinrich Palitzsch,✅ Found to fetch entity
4505,Parr,✅ Found to fetch entity
4659,Marjan Pogačnik,✅ Found to fetch entity
4706,Giacomo Porzano,✅ Found to fetch entity
4761,Wallace Putnam,✅ Found to fetch entity
4838,June Redfern,✅ Found to fetch entity
5007,Dominique Roman,✅ Found to fetch entity
5037,Alfredo Rostgaard,✅ Found to fetch entity
5207,Bezalel Schatz,✅ Found to fetch entity
5210,Roman Scheidl,✅ Found to fetch entity
5234,Julius Schmidt,✅ Found to fetch entity
5311,Carole Seborovski,✅ Found to fetch entity
5425,Oli Sihvonen,✅ Found to fetch entity
5435,Louis Silverstein,✅ Found to fetch entity
5464,Nancy Skolos,✅ Found to fetch entity
5555,Michael Spano,✅ Found to fetch entity
5885,Henriette Tirman,✅ Found to fetch entity
4,Post-impressionism,is found in movements table
4,5885,is added in human_movement table
4,5885,is found in human_movement table
5917,Tomonori Toyofuku,✅ Found to fetch entity
5979,Alan Turner,✅ Found to fetch entity
6128,Michael Venezia,✅ Found to fetch entity
6168,Lauretta Vinciarelli,✅ Found to fetch entity
6228,Don Wallance,✅ Found to fetch entity
6249,Dody Weston Thompson,✅ Found to fetch entity
116,straight photography,is found in movements table
116,6249,is added in human_movement table
116,6249,is found in human_movement table
6307,Lynton Wells,✅ Found to fetch entity
6383,Clara McDonald Williamson,✅ Found to fetch entity
6396,Trevor Winkfield,✅ Found to fetch entity
6476,Ahmed Yacoubi,✅ Found to fetch entity
6483,Susumu Yamaguchi,✅ Found to fetch entity
6487,Ryuichi Yamashiro,✅ Found to fetch entity
6540,Norman Zammitt,✅ Found to fetch entity
6570,Murray Zimiles,✅ Found to fetch entity
6744,Myer Abel,✅ Found to fetch entity
6823,Jacqueline Livingston,✅ Found to fetch entity
6826,Joseph Masheck,✅ Found to fetch entity
6889,Victor Schrager,✅ Found to fetch entity
6943,David Lewis,✅ Found to fetch entity
7110,Avram Finkelstein,✅ Found to fetch entity
7351,Lodovico Meneghetti,✅ Found to fetch entity
7558,Elia Zenghelis,✅ Found to fetch entity
7619,Lex Reitsma,✅ Found to fetch entity
7646,Frank Paulin,✅ Found to fetch entity
7685,Peter Nadin,✅ Found to fetch entity
7878,Paul Heald,✅ Found to fetch entity
7923,Hope Sandrow,✅ Found to fetch entity
7933,Neil M. Denari,✅ Found to fetch entity
7935,Werner Aisslinger,✅ Found to fetch entity
7977,Aleksandr Ustinov,✅ Found to fetch entity
8225,Alison Sky,✅ Found to fetch entity
8413,Günter Zamp Kelp,✅ Found to fetch entity
8445,Margherita Manzelli,✅ Found to fetch entity
19497,Forrest Myers,✅ Found to fetch entity
24428,Heinz Loew,✅ Found to fetch entity
25967,Ruth Root,✅ Found to fetch entity
64,abstract art,is found in movements table
64,25967,is added in human_movement table
64,25967,is found in human_movement table
26361,Jesse Reiser,✅ Found to fetch entity
26544,John Pilson,✅ Found to fetch entity
27018,Forrest Mars,✅ Found to fetch entity
27461,Alfredo Barbini,✅ Found to fetch entity
27524,Guy Nordenson,✅ Found to fetch entity
27791,Michael Rakowitz,✅ Found to fetch entity
28099,Dave Muller,✅ Found to fetch entity
28199,Diane Victor,✅ Found to fetch entity
28539,Scoli Acosta,✅ Found to fetch entity
28554,Joan Banach,✅ Found to fetch entity
28562,Matthew Benedict,✅ Found to fetch entity
28595,Ann Craven,✅ Found to fetch entity
28612,Jim Drain,✅ Found to fetch entity
28675,Axel Kasseböhmer,✅ Found to fetch entity
28695,Andrew Lord,✅ Found to fetch entity
28840,Lesley Vance,✅ Found to fetch entity
28853,Olav Westphalen,✅ Found to fetch entity
30071,Petra Mrzyk,✅ Found to fetch entity
30109,Nic Hess,✅ Found to fetch entity
30473,Gert Tobias,✅ Found to fetch entity
30880,Georg Chaimowicz,✅ Found to fetch entity
30887,Minerva Cuevas,✅ Found to fetch entity
30972,Cornelia Lauf,✅ Found to fetch entity
31080,Cornel Windlin,✅ Found to fetch entity
31331,Trebor Scholz,✅ Found to fetch entity
31345,Kirsten Pieroth,✅ Found to fetch entity
31378,Roberto Ohrt,✅ Found to fetch entity
31449,John Sennhauser,✅ Found to fetch entity
31697,Nina Bovasso,✅ Found to fetch entity
32656,Ernst Roch,✅ Found to fetch entity
32735,Frank Kozik,✅ Found to fetch entity
33095,Oded Ezer,✅ Found to fetch entity
33221,Jan Ritsema,✅ Found to fetch entity
33981,Sara VanDerBeek,✅ Found to fetch entity
34824,Brice Dellsperger,✅ Found to fetch entity
34850,Hitoshi Nomura,✅ Found to fetch entity
34915,Steve Reinke,✅ Found to fetch entity
35075,Efrain Almeida,✅ Found to fetch entity
35448,Alexander Roitburd,✅ Found to fetch entity
35505,Eric Metcalfe,✅ Found to fetch entity
35523,Jan Peacock,✅ Found to fetch entity
35581,Naoko Tosa,✅ Found to fetch entity
36236,Olaf Martin Peder Væring,✅ Found to fetch entity
37154,Paul Bach,✅ Found to fetch entity
37251,David Johnson,✅ Found to fetch entity
37545,Gianni-Emilio Simonetti,✅ Found to fetch entity
37852,David J. Lewis,✅ Found to fetch entity
38024,János Kender,✅ Found to fetch entity
38220,Cameron Platter,✅ Found to fetch entity
38557,Paul Garrin,✅ Found to fetch entity
38615,Wilhelm Prager,✅ Found to fetch entity
39659,Nadia Kaabi-Linke,✅ Found to fetch entity
39992,Paul Elliman,✅ Found to fetch entity
41061,Michael Meredith,✅ Found to fetch entity
41244,Virginia Overton,✅ Found to fetch entity
41316,Pennie Smith,✅ Found to fetch entity
41431,Andrés Jaque,✅ Found to fetch entity
41610,Lou Bunin,✅ Found to fetch entity
41829,Ben Kinmont,✅ Found to fetch entity
42485,Carlos Bunga,✅ Found to fetch entity
42643,Loretta Fahrenholz,✅ Found to fetch entity
42841,Giuseppe Lignano,✅ Found to fetch entity
43146,Clifford Owens,✅ Found to fetch entity
43822,Agustín Hernández Navarro,✅ Found to fetch entity
44251,James Waring,✅ Found to fetch entity
44274,A.L. Steiner,✅ Found to fetch entity
45968,Beatrice Trueblood,✅ Found to fetch entity
46294,Dike Blair,✅ Found to fetch entity
46325,James Richards,✅ Found to fetch entity
46492,Richard Evans,✅ Found to fetch entity
46790,Richard Polak,✅ Found to fetch entity
47132,Christian Richters,✅ Found to fetch entity
47300,Dörte Helm,✅ Found to fetch entity
47686,Dave Markey,✅ Found to fetch entity
47821,Basim Magdy,✅ Found to fetch entity
47841,John Wallowitch,✅ Found to fetch entity
47907,Zvonimir Golob,✅ Found to fetch entity
47974,Manu Prakash,✅ Found to fetch entity
48323,Richard Woods,✅ Found to fetch entity
48340,David Hominal,✅ Found to fetch entity
49117,Hermelindo Fiaminghi,✅ Found to fetch entity
49586,Jacolby Satterwhite,✅ Found to fetch entity
49595,André Carneiro,✅ Found to fetch entity
50006,Rhod Rothfuss,✅ Found to fetch entity
64760,Constance DeJong,✅ Found to fetch entity
67112,Claudia Comte,✅ Found to fetch entity
67127,John Sex,✅ Found to fetch entity
67280,Raúl Marroquin,✅ Found to fetch entity
67444,Marcello Geppetti,✅ Found to fetch entity
67452,Liu Jianhua,✅ Found to fetch entity
67499,Stephen Tashjian,✅ Found to fetch entity
67520,Craig Kalpakjian,✅ Found to fetch entity
67664,Samuel Szczekacz,✅ Found to fetch entity
67932,Rosemary Mayer,✅ Found to fetch entity
67947,Juan Manuel Echavarría,✅ Found to fetch entity
68861,Sara Blakely,✅ Found to fetch entity
131723,Barbara Jones-Hogu,✅ Found to fetch entity
273,Black Aesthetic,is found in movements table
273,131723,is added in human_movement table
273,131723,is found in human_movement table
132334,Theo Eshetu,✅ Found to fetch entity
133262,Tishan Hsu,✅ Found to fetch entity
134781,George Kendall Warren,✅ Found to fetch entity
135290,Fernanda Laguna,✅ Found to fetch entity
135972,Evelyn Taocheng Wang,✅ Found to fetch entity
136209,Guillermo Trujillo,✅ Found to fetch entity
137059,Ludvík Šváb,✅ Found to fetch entity
137864,Sabine Marcelis,✅ Found to fetch entity
138390,Marcos López,✅ Found to fetch entity
93,Ryoji Akiyama,✅ Found to fetch entity
139,Kunihiro Amano,✅ Found to fetch entity
339,Robert Barnes,✅ Found to fetch entity
349,Susan Barron,✅ Found to fetch entity
411,Mark Beard,✅ Found to fetch entity
662,Dusti Bongé,✅ Found to fetch entity
898,Frances Butler,❌ Failed to fetch entity
1110,Chunghi Choo,✅ Found to fetch entity
1301,Robert Cremean,✅ Found to fetch entity
1515,Frederick Knecht Detwiller,✅ Found to fetch entity
1583,Don Donaghy,✅ Found to fetch entity
1664,Allen A. Dutton,✅ Found to fetch entity
1696,Hans Eichenberger,✅ Found to fetch entity
1839,Walter Feldman,✅ Found to fetch entity
1909,Vaughn Flannery,✅ Found to fetch entity
1984,David Freed,✅ Found to fetch entity
2227,Alexander Gonda,✅ Found to fetch entity
2565,Edith Heath,✅ Found to fetch entity
25,Bauhaus,is found in movements table
25,2565,is added in human_movement table
25,2565,is found in human_movement table
2993,Jerome Kaplan,✅ Found to fetch entity
3013,William Katavolos,✅ Found to fetch entity
3047,Daniel Kelly,✅ Found to fetch entity
3338,Justen Ladda,✅ Found to fetch entity
3631,Sven Lukin,✅ Found to fetch entity
3665,Greg MacGregor,✅ Found to fetch entity
3796,Philip John Martin,✅ Found to fetch entity
3815,Denis Masi,✅ Found to fetch entity
3831,Marcel Mathys,✅ Found to fetch entity
4148,Fridolin Müller,✅ Found to fetch entity
4372,Tetsuo Ochikubo,✅ Found to fetch entity
4525,Herbert Paus,✅ Found to fetch entity
4555,David Peretz,✅ Found to fetch entity
4780,Michael Rabinowitz,✅ Found to fetch entity
4993,Mary Rogers,✅ Found to fetch entity
5017,Brian Rose,✅ Found to fetch entity
5054,Kosti Ruohomaa,✅ Found to fetch entity
5063,John Roy,✅ Found to fetch entity
5131,Dana Salvo,✅ Found to fetch entity
5237,Marianna Schmidt,✅ Found to fetch entity
5399,Kinsuke Shimada,✅ Found to fetch entity
5508,Sage Sohier,✅ Found to fetch entity
5690,Tal Streeter,✅ Found to fetch entity
5846,Julia Thecla,✅ Found to fetch entity
52,magic realism,is found in movements table
52,5846,is added in human_movement table
52,5846,is found in human_movement table
5854,Byron Thomas,✅ Found to fetch entity
6250,Marian Warzecha,✅ Found to fetch entity
6467,Lance Wyman,✅ Found to fetch entity
6531,Julio Augusto Zachrisson,✅ Found to fetch entity
6859,Andrzej Kalina,✅ Found to fetch entity
7047,Christian Leborg,✅ Found to fetch entity
7124,Otto Fried,✅ Found to fetch entity
7147,Reinhold Weiss,✅ Found to fetch entity
7279,Denis Santachiara,✅ Found to fetch entity
7418,Chuck Hoberman,✅ Found to fetch entity
7440,Kazuo Kawasaki,✅ Found to fetch entity
7482,Daniel Lang,✅ Found to fetch entity
7515,Sir William Lyons,✅ Found to fetch entity
7535,Christian Schumann,✅ Found to fetch entity
7687,Barbara Blondeau,✅ Found to fetch entity
7886,Mary Obering,✅ Found to fetch entity
7895,Mac Wells,✅ Found to fetch entity
7960,Elaine Reichek,✅ Found to fetch entity
8077,Fritz Schleifer,✅ Found to fetch entity
8135,Shoji Sadao,✅ Found to fetch entity
8241,Ken Grant,✅ Found to fetch entity
8429,Marc Berthier,✅ Found to fetch entity
13482,Nikolai Troshin,✅ Found to fetch entity
14747,Janice Guy,✅ Found to fetch entity
22738,Nancy Haynes,✅ Found to fetch entity
22744,Bruno Rousselot,✅ Found to fetch entity
22747,Mark Sheinkman,✅ Found to fetch entity
23427,Margret Hildebrand,✅ Found to fetch entity
26543,Peter Callas,✅ Found to fetch entity
278,video art,is added movements table
278,video art,is found in movements table
278,26543,is added in human_movement table
278,26543,is found in human_movement table
136,unknown,is found in movements table
136,26543,is added in human_movement table
136,26543,is found in human_movement table
26739,Julio Plaza,✅ Found to fetch entity
27183,Julia Mangold,✅ Found to fetch entity
27204,Joan Waltemath,✅ Found to fetch entity
27240,Erwin Pfrang,✅ Found to fetch entity
27820,Tim Lee,✅ Found to fetch entity
28572,Marc Brandenburg,✅ Found to fetch entity
28573,Sebastiaan Bremer,✅ Found to fetch entity
28633,Steve Gianakos,✅ Found to fetch entity
28750,Ester Partegàs,✅ Found to fetch entity
28753,Joyce Pensato,✅ Found to fetch entity
28762,Gabriele Picco,✅ Found to fetch entity
28818,Nora Speyer,✅ Found to fetch entity
28828,Tony Swain,✅ Found to fetch entity
28964,Nick Relph,✅ Found to fetch entity
29591,Elliott Hundley,✅ Found to fetch entity
29620,Winka Dubbeldam,✅ Found to fetch entity
29971,Slater Bradley,✅ Found to fetch entity
30474,Uwe Tobias,✅ Found to fetch entity
30694,Patrick Jouin,✅ Found to fetch entity
30956,Herwig Kempinger,✅ Found to fetch entity
31068,Marius Watz,✅ Found to fetch entity
31464,Hank Bull,✅ Found to fetch entity
32641,Mathias Bengtsson,✅ Found to fetch entity
32909,Sandra Gamarra,✅ Found to fetch entity
33196,Mary Lou Jepsen,✅ Found to fetch entity
34147,Teddy Cruz,✅ Found to fetch entity
34222,Huang Yan,✅ Found to fetch entity
34464,James Hyde,✅ Found to fetch entity
34626,Robert Koepke,✅ Found to fetch entity
34728,Sheng Qi,✅ Found to fetch entity
34764,Wardell Milan,✅ Found to fetch entity
34817,Arthur Ginsberg,✅ Found to fetch entity
34857,Joan Logue,✅ Found to fetch entity
35086,Margaret E. Knight,✅ Found to fetch entity
35266,Harry Dodge,✅ Found to fetch entity
35406,Liza Béar,✅ Found to fetch entity
36806,John Wood,✅ Found to fetch entity
37068,Didier Rittener,✅ Found to fetch entity
37958,Walter Cyliax,✅ Found to fetch entity
37999,Brian Buczak,✅ Found to fetch entity
38052,Laurence Bradshaw,✅ Found to fetch entity
38097,Elaine Summers,✅ Found to fetch entity
38140,Alexandre Singh,✅ Found to fetch entity
38483,Susan Kare,✅ Found to fetch entity
38552,Olivier Debroise,✅ Found to fetch entity
39008,Brett Murray,✅ Found to fetch entity
39621,Lidy Prati,✅ Found to fetch entity
39771,George Georgiou,✅ Found to fetch entity
40863,Jason Salavon,✅ Found to fetch entity
40870,Anatole Saderman,✅ Found to fetch entity
40907,Joris Geurts,✅ Found to fetch entity
41232,Lothar Homeyer,✅ Found to fetch entity
41301,Spencer Drate,✅ Found to fetch entity
41333,Henry Taylor,✅ Found to fetch entity
42569,Leigh Ledare,✅ Found to fetch entity
43690,Allan Alcorn,✅ Found to fetch entity
44064,David Palladini,✅ Found to fetch entity
44249,Dennis Johnson,✅ Found to fetch entity
45099,Pietro Roccasalva,✅ Found to fetch entity
45529,Shelley Eshkar,✅ Found to fetch entity
45532,Juan Sordo Madaleno,✅ Found to fetch entity
45744,Robert H. McNeill,✅ Found to fetch entity
45798,Gaspar Gasparian,✅ Found to fetch entity
46293,Tim Berresheim,✅ Found to fetch entity
46419,Tihamér Csemiczky,✅ Found to fetch entity
46478,Tony Lane,✅ Found to fetch entity
46896,Alex Israel,✅ Found to fetch entity
47175,Don Hunstein,✅ Found to fetch entity
47512,Cindy Bernard,✅ Found to fetch entity
47604,Gregg Wager,✅ Found to fetch entity
47827,Blank,✅ Found to fetch entity
48177,Paolo Garretto,✅ Found to fetch entity
48201,Paul Gredinger,✅ Found to fetch entity
48289,Alice Attie,✅ Found to fetch entity
48339,Vincent Kohler,✅ Found to fetch entity
48538,Dona Ann McAdams,✅ Found to fetch entity
48637,Matt Keegan,✅ Found to fetch entity
49059,Muriel Cooper,✅ Found to fetch entity
49695,Greer Lankton,✅ Found to fetch entity
50084,Niko Kralj,✅ Found to fetch entity
67347,Mrinalini Mukherjee,✅ Found to fetch entity
67936,Liisa Roberts,✅ Found to fetch entity
67946,Alejandro Cesarco,✅ Found to fetch entity
68281,Mauro Restiffe,✅ Found to fetch entity
68675,Adelita Husni-Bey,✅ Found to fetch entity
69904,Raj Rewal,✅ Found to fetch entity
70287,Martin Beck,✅ Found to fetch entity
71420,Walter Gutman,✅ Found to fetch entity
72538,Marilyn Nance,✅ Found to fetch entity
74398,Janez Lenassi,✅ Found to fetch entity
64,abstract art,is found in movements table
64,74398,is added in human_movement table
64,74398,is found in human_movement table
75673,Vladimir Vilner,✅ Found to fetch entity
104966,Kō Nakajima,✅ Found to fetch entity
133076,Jordan Casteel,✅ Found to fetch entity
133348,Gelsen Gas,✅ Found to fetch entity
133882,Analia Saban,✅ Found to fetch entity
134207,Milagros de la Torre,✅ Found to fetch entity
135228,Adrian Sauer,✅ Found to fetch entity
135929,Nona Faustine,✅ Found to fetch entity
135962,Ken Gonzales-Day,✅ Found to fetch entity
136583,Erica Baum,✅ Found to fetch entity
137022,David Henderson,✅ Found to fetch entity
137049,Ludwig Zeller,✅ Found to fetch entity
3,Surrealism,is found in movements table
3,137049,is added in human_movement table
3,137049,is found in human_movement table
220,avant-garde,is found in movements table
220,137049,is added in human_movement table
220,137049,is found in human_movement table
137054,Penelope Rosemont,✅ Found to fetch entity
137875,Martino Gamper,✅ Found to fetch entity
138567,Jonas Hafner,✅ Found to fetch entity
139245,Pinaree Sanpitak,✅ Found to fetch entity
162,Carl Anderson,✅ Found to fetch entity
202,Carl Apfelschnitt,✅ Found to fetch entity
309,Benjamin Baldwin,✅ Found to fetch entity
447,Ross Bellah,✅ Found to fetch entity
457,Giandomenico Belotti,✅ Found to fetch entity
462,Ahron Ben-Shmuel,✅ Found to fetch entity
666,William Bonnell,✅ Found to fetch entity
722,Fionnuala Boyd,✅ Found to fetch entity
892,Andrew Foster Bush,✅ Found to fetch entity
1034,Enrique Castro-Cid,✅ Found to fetch entity
1194,Gino Colombini,✅ Found to fetch entity
1219,Conrad,✅ Found to fetch entity
1266,Alan Cote,✅ Found to fetch entity
1291,Rollin Crampton,✅ Found to fetch entity
1340,Rolf Curt,✅ Found to fetch entity
1463,Peter Dechar,✅ Found to fetch entity
1481,Maurice Delcourt,✅ Found to fetch entity
1542,Geurt van Dijk,✅ Found to fetch entity
1694,Marli Ehrman,✅ Found to fetch entity
1725,Herman Emmet,✅ Found to fetch entity
1830,Ed Feingersh,✅ Found to fetch entity
1919,Eduard Flor,✅ Found to fetch entity
1945,Jan Forsberg,✅ Found to fetch entity
2151,Wim Gijzen,✅ Found to fetch entity
2202,Charles L. Goeller,✅ Found to fetch entity
182,Precisionism,is found in movements table
182,2202,is added in human_movement table
182,2202,is found in human_movement table
2515,Paul Harris,✅ Found to fetch entity
2594,Jan Henle,✅ Found to fetch entity
2646,Charles Christopher Hill,✅ Found to fetch entity
2793,Tetsuya Ichimura,✅ Found to fetch entity
2804,Hisae Imai,✅ Found to fetch entity
2861,Martin Jackson,✅ Found to fetch entity
2880,Christopher P. James,✅ Found to fetch entity
3220,Georg Koppmann,✅ Found to fetch entity
3242,Jovan Kratohvil,✅ Found to fetch entity
3304,Juan Kurchan,✅ Found to fetch entity
3306,Mervyn Kurlansky,✅ Found to fetch entity
3330,Syl Labrot,✅ Found to fetch entity
3392,Lisa Larsen,✅ Found to fetch entity
3489,Robert Lepper,✅ Found to fetch entity
3508,Josef Levi,✅ Found to fetch entity
3574,Israel Litwak,✅ Found to fetch entity
3675,Wendy MacNeil,✅ Found to fetch entity
3743,Pio Manzù,✅ Found to fetch entity
3786,Takis Marthas,✅ Found to fetch entity
3799,Luis Martínez Pedro,✅ Found to fetch entity
3837,Akira Matsumoto,✅ Found to fetch entity
3883,Lawrence McFarland,✅ Found to fetch entity
3998,Marcello Minale,✅ Found to fetch entity
4303,Frans van Nieuwenborg,✅ Found to fetch entity
4359,Ida O'Keeffe,✅ Found to fetch entity
4381,Hiroshi Ohchi,✅ Found to fetch entity
4436,Osawa Gakyū,✅ Found to fetch entity
4543,John Pemberton,✅ Found to fetch entity
4545,Gianni Penati,✅ Found to fetch entity
4601,Mary Walker Phillips,✅ Found to fetch entity
4610,Joseph Piccillo,✅ Found to fetch entity
4642,Gerardo Pita,✅ Found to fetch entity
4652,Henri Plaut,❌ Failed to fetch entity
4760,Mavis Pusey,✅ Found to fetch entity
4766,Gertrude Quastler,✅ Found to fetch entity
4849,Jesse Reichek,✅ Found to fetch entity
5339,Sandra Semchuk,✅ Found to fetch entity
5397,Jody Shields,✅ Found to fetch entity
5505,Howard Sochurek,✅ Found to fetch entity
5523,Jack Sonenberg,✅ Found to fetch entity
5545,Al Souza,✅ Found to fetch entity
183,Mail-Art,is found in movements table
183,5545,is added in human_movement table
183,5545,is found in human_movement table
5554,Merle Spandorfer,✅ Found to fetch entity
5677,Jim Stone,✅ Found to fetch entity
5722,Tsune Sugimura,✅ Found to fetch entity
5943,David True,✅ Found to fetch entity
5982,Anne Turyn,✅ Found to fetch entity
6034,Richard Upton,✅ Found to fetch entity
6041,Demetrio Urruchúa,✅ Found to fetch entity
6094,Luis Vargas Rosas,✅ Found to fetch entity
6166,Victor Semenovich Vilner,✅ Found to fetch entity
6290,David Weinrib,✅ Found to fetch entity
6364,David Wilcox,✅ Found to fetch entity
6416,Joan Witek,✅ Found to fetch entity
6462,Theo Wujcik,✅ Found to fetch entity
6505,Chizuko Yoshida,✅ Found to fetch entity
6535,Paul A. Zahl,✅ Found to fetch entity
6555,Walter Zeischegg,✅ Found to fetch entity
6601,Joseph Norman,✅ Found to fetch entity
6682,Jeanne Jacquemin,✅ Found to fetch entity
11,Symbolism,is found in movements table
11,6682,is added in human_movement table
11,6682,is found in human_movement table
6692,Henri Martin,✅ Found to fetch entity
6731,Herzl Emanuel,✅ Found to fetch entity
6755,Dennis Burton,✅ Found to fetch entity
6770,Walter Zimbrich,✅ Found to fetch entity
6785,Manuel Espinoza,✅ Found to fetch entity
6798,Juan Cárdenas,✅ Found to fetch entity
6852,Willi Titze,✅ Found to fetch entity
7592,Paolo Rizzatto,✅ Found to fetch entity
7663,Joel Leivick,✅ Found to fetch entity
7680,Michael Joaquin Grey,✅ Found to fetch entity
7699,Paul Jeuffrain,✅ Found to fetch entity
7734,Dieudonné Cédor,✅ Found to fetch entity
7882,Jane Logemann,✅ Found to fetch entity
7897,Teiji Furuhashi,✅ Found to fetch entity
7922,Roger Cutforth,✅ Found to fetch entity
8121,Julia Jacquette,✅ Found to fetch entity
8160,Stefano Giovannoni,✅ Found to fetch entity
8404,Jöran Lindvall,✅ Found to fetch entity
10538,Gerard van de Groenekan,✅ Found to fetch entity
19235,Oskar Bangemann,✅ Found to fetch entity
19510,Winston Roeth,✅ Found to fetch entity
23857,Vera Pestel,✅ Found to fetch entity
27169,Teo González,✅ Found to fetch entity
27393,Kumi Machida,✅ Found to fetch entity
27491,James F. Gibson,✅ Found to fetch entity
28214,Jacques Sicard,✅ Found to fetch entity
28548,Carla Arocha,✅ Found to fetch entity
48,contemporary art,is found in movements table
48,28548,is added in human_movement table
48,28548,is found in human_movement table
28560,Julie Becker,✅ Found to fetch entity
28561,Dirk Bell,✅ Found to fetch entity
28563,Ellen Berkenblit,✅ Found to fetch entity
28576,Maria Brunner,✅ Found to fetch entity
28584,Beth Campbell,✅ Found to fetch entity
28624,Sideo Fromboluti,✅ Found to fetch entity
28686,Uwe Kowski,✅ Found to fetch entity
28707,Yuri Masnyj,✅ Found to fetch entity
28720,Birgit Megerle,✅ Found to fetch entity
28749,Erik Parker,✅ Found to fetch entity
28768,Peggy Preheim,✅ Found to fetch entity
28863,Katharina Wulff,✅ Found to fetch entity
30077,Tim Bavington,✅ Found to fetch entity
30604,Carl Fischer,✅ Found to fetch entity
30871,Christine Boyer,✅ Found to fetch entity
30888,Roberto Cuoghi,✅ Found to fetch entity
30981,Juan Maidagan,✅ Found to fetch entity
31316,Armand Mevis,✅ Found to fetch entity
31372,Manuel Gorkiewicz,✅ Found to fetch entity
31908,Theodore Marston,✅ Found to fetch entity
32856,Santiago Pol,✅ Found to fetch entity
33395,Joshua Mosley,✅ Found to fetch entity
33798,Senzeni Marasela,✅ Found to fetch entity
34250,Jonas Wood,✅ Found to fetch entity
34820,Bill Seaman,✅ Found to fetch entity
34842,Elsa Cayo,✅ Found to fetch entity
34888,Paul Ryan,✅ Found to fetch entity
34906,Sherry Miller,✅ Found to fetch entity
35212,Shannon Ebner,✅ Found to fetch entity
35392,Bani Abidi,✅ Found to fetch entity
48,contemporary art,is found in movements table
48,35392,is added in human_movement table
48,35392,is found in human_movement table
35450,Anne Ramsden,✅ Found to fetch entity
35465,Catalina Parra,✅ Found to fetch entity
12,Fluxus,is found in movements table
12,35465,is added in human_movement table
12,35465,is found in human_movement table
35472,Dan Sandin,✅ Found to fetch entity
35497,Karen Ranucci,✅ Found to fetch entity
35567,Marcelo Tas,✅ Found to fetch entity
35618,Sara Diamond,✅ Found to fetch entity
35633,Tom Sherman,✅ Found to fetch entity
35642,Yang Zhenzhong,✅ Found to fetch entity
35912,Rita Myers,✅ Found to fetch entity
35971,Frank Barkow,✅ Found to fetch entity
36982,Carter Mull,✅ Found to fetch entity
37373,Seung H-Sang,✅ Found to fetch entity
37643,Julia Wachtel,✅ Found to fetch entity
37706,Elizaveta Ignatovich,✅ Found to fetch entity
38009,Betsy Damon,✅ Found to fetch entity
38012,Diane Neumaier,✅ Found to fetch entity
38123,Jessica Jackson Hutchins,✅ Found to fetch entity
38488,Albert-Jan Pool,✅ Found to fetch entity
38638,William A. Fraser,✅ Found to fetch entity
38694,Paula Hayes,✅ Found to fetch entity
38897,Reid Miles,✅ Found to fetch entity
39780,Doug Rickard,✅ Found to fetch entity
39958,Nikolas Gambaroff,✅ Found to fetch entity
40166,Sara Cwynar,✅ Found to fetch entity
40355,Shelley McNamara,✅ Found to fetch entity
40534,Joe Bradley,✅ Found to fetch entity
40847,Justin Hoffmann,✅ Found to fetch entity
41136,Tom Arndt,✅ Found to fetch entity
42282,Mark Perry,✅ Found to fetch entity
42362,Daniel Grataloup,✅ Found to fetch entity
42483,Winston Smith,✅ Found to fetch entity
42840,Ada Tolla,✅ Found to fetch entity
43050,Eileen Quinlan,✅ Found to fetch entity
44700,Jeff Elrod,✅ Found to fetch entity
45969,Huberto Batis,✅ Found to fetch entity
46342,Alfred Gescheidt,✅ Found to fetch entity
46476,Eric Watson,✅ Found to fetch entity
46637,Sam Lewitt,✅ Found to fetch entity
47301,Paul Häberer,✅ Found to fetch entity
47328,Simon Posthuma,✅ Found to fetch entity
47372,Andrzej Zborski,✅ Found to fetch entity
47466,Toshihiro Katayama,✅ Found to fetch entity
47582,John Gerrard,✅ Found to fetch entity
48183,Dirk Paesmans,✅ Found to fetch entity
48522,Vincent Desiderio,✅ Found to fetch entity
48669,Petr Tučný,✅ Found to fetch entity
48815,Amy O'Neill,✅ Found to fetch entity
49144,Robert Dowd,✅ Found to fetch entity
8,pop art,is found in movements table
8,49144,is added in human_movement table
8,49144,is found in human_movement table
49198,Iman Issa,✅ Found to fetch entity
49558,Ida O'Keeffe,✅ Found to fetch entity
49659,Robert Silvers,✅ Found to fetch entity
49887,Charles Harrison,✅ Found to fetch entity
49915,Charles Brittin,✅ Found to fetch entity
61404,Cécile B. Evans,✅ Found to fetch entity
67481,Boris Magaš,✅ Found to fetch entity
67529,Gauri Gill,✅ Found to fetch entity
67628,Otto Stupakoff,✅ Found to fetch entity
67890,Anicka Yi,✅ Found to fetch entity
68205,Mihajlo Mitrović,✅ Found to fetch entity
68270,Eugenio Espinoza,✅ Found to fetch entity
70041,Georg Haeckel,✅ Found to fetch entity
70042,Otto Haeckel,✅ Found to fetch entity
74179,Christina Fernandez,✅ Found to fetch entity
74817,Algirdas Šeškus,✅ Found to fetch entity
75256,Hans Berg,✅ Found to fetch entity
75318,Hermann Heid,✅ Found to fetch entity
131507,Mary Reynolds,✅ Found to fetch entity
132538,Noah Davis,✅ Found to fetch entity
133656,Ahmed Morsi,✅ Found to fetch entity
134919,William Downey,✅ Found to fetch entity
135889,Juan Francisco Elso,✅ Found to fetch entity
136691,Aria Dean,✅ Found to fetch entity
137338,Fred Mitchell,✅ Found to fetch entity
87,abstract expressionism,is found in movements table
87,137338,is added in human_movement table
87,137338,is found in human_movement table
138072,Robert Vorhoelzer,✅ Found to fetch entity
345,Martin Barooshian,✅ Found to fetch entity
461,David Ben Shaul,✅ Found to fetch entity
538,Pierre Betz,✅ Found to fetch entity
572,Antonio Bisquert Pérez,✅ Found to fetch entity
578,Arnold Bittleman,✅ Found to fetch entity
641,Bruce Boice,✅ Found to fetch entity
984,Paolo Carosone,✅ Found to fetch entity
1101,Pietro Chiesa,✅ Found to fetch entity
1108,Anna Chojnacka,✅ Found to fetch entity
1186,Edward Colker,✅ Found to fetch entity
1258,Steven Cortright,✅ Found to fetch entity
1270,Jack Coughlin,✅ Found to fetch entity
1550,Harry Disberg,✅ Found to fetch entity
1588,Roland Dorcély,✅ Found to fetch entity
1625,Sally Hazelet Drummond,✅ Found to fetch entity
1885,R. M. Fischer,✅ Found to fetch entity
1931,Rubén Fontana,✅ Found to fetch entity
1950,Michel Fortier,✅ Found to fetch entity
2381,Bedrich Grunzweig,✅ Found to fetch entity
2500,John Harding,✅ Found to fetch entity
2599,William E. Hentschel,✅ Found to fetch entity
2609,Erik Herløw,✅ Found to fetch entity
2852,Iyola Kingwatsiak,✅ Found to fetch entity
2932,Edward Powis Jones,✅ Found to fetch entity
3298,Peter Kunz,✅ Found to fetch entity
3396,Pat Lasch,✅ Found to fetch entity
3557,Francesca Lindh,✅ Found to fetch entity
3626,Ryah Ludins,✅ Found to fetch entity
3687,Victor Magariños,✅ Found to fetch entity
3732,Jack Manning,✅ Found to fetch entity
3835,Fujio Matsugi,✅ Found to fetch entity
3863,Fernando Maza,✅ Found to fetch entity
3887,Rhondal McKinney,✅ Found to fetch entity
3986,Melissa Miller,✅ Found to fetch entity
4155,Hans Müller-Dachau,✅ Found to fetch entity
4212,Makoto Nakamura,✅ Found to fetch entity
4217,Hitoshi Nakazato,✅ Found to fetch entity
4272,Robert S. Neuman,✅ Found to fetch entity
4300,Roberto Niederer,✅ Found to fetch entity
4493,Frederick Papsdorf,✅ Found to fetch entity
4534,Mary Peck,✅ Found to fetch entity
4540,Franz Peffer,✅ Found to fetch entity
4685,Clayton Pond,✅ Found to fetch entity
4715,Joanna Pousette-Dart,✅ Found to fetch entity
4723,Davis J. Pratt,✅ Found to fetch entity
4941,Carlos Raquel Rivera,✅ Found to fetch entity
4950,Bruce Robbins,✅ Found to fetch entity
5062,David Rowland,✅ Found to fetch entity
5119,Ben Sakoguchi,✅ Found to fetch entity
5239,Otto Schmidt,✅ Found to fetch entity
5274,Richard Schultz,✅ Found to fetch entity
5288,Hannes Schwarz,✅ Found to fetch entity
5478,Beuford Smith,✅ Found to fetch entity
5595,Jan Staller,✅ Found to fetch entity
5964,Akesuk Tudlik,✅ Found to fetch entity
6067,Richard Van Buren,✅ Found to fetch entity
142,postminimalism,is found in movements table
142,6067,is added in human_movement table
142,6067,is found in human_movement table
6221,Sandy Walker,✅ Found to fetch entity
6457,Dick Wray,✅ Found to fetch entity
87,abstract expressionism,is found in movements table
87,6457,is added in human_movement table
87,6457,is found in human_movement table
6474,Desiderio Hernández Xochitiotzin,✅ Found to fetch entity
6521,Michael Young,✅ Found to fetch entity
6577,Richard Zoellner,✅ Found to fetch entity
6747,David Black,✅ Found to fetch entity
6935,Maria Benktzon,✅ Found to fetch entity
6995,Jules Allen,✅ Found to fetch entity
7026,Gordon Coster,✅ Found to fetch entity
7336,Eszter Haraszty,✅ Found to fetch entity
7463,Sara Sosnowy,✅ Found to fetch entity
7585,Tejo Remy,✅ Found to fetch entity
7633,Lies Ros,✅ Found to fetch entity
7658,Shelly Rusten,✅ Found to fetch entity
7849,Sharon Harper,✅ Found to fetch entity
7908,Vivian Cherry,✅ Found to fetch entity
7931,Luca Buvoli,✅ Found to fetch entity
8071,Oliver Wasow,✅ Found to fetch entity
8091,Julia Fish,✅ Found to fetch entity
8114,Rodolfo Machado,✅ Found to fetch entity
8137,Allyson Strafella,✅ Found to fetch entity
8201,Bruce Pearson,✅ Found to fetch entity
8226,Michelle Stone,✅ Found to fetch entity
8271,Edward Fella,✅ Found to fetch entity
8377,Billy Sullivan,✅ Found to fetch entity
8416,Giovanni Patrone,✅ Found to fetch entity
8476,Varvara Rodchenko,✅ Found to fetch entity
19040,Ann Fessler,✅ Found to fetch entity
22893,Jorge Machado Moreira,✅ Found to fetch entity
22899,Paul Schweikher,✅ Found to fetch entity
22997,Ibrahim Miranda,✅ Found to fetch entity
23257,Michael Maltzan,✅ Found to fetch entity
24450,Semyon Fridlyand,✅ Found to fetch entity
24593,John P. Heins,✅ Found to fetch entity
25581,Jonathan Hammer,✅ Found to fetch entity
26442,Piotr Wyrzykowski,✅ Found to fetch entity
26488,David Childs,✅ Found to fetch entity
27041,Betty James,✅ Found to fetch entity
27857,Gray Foy,✅ Found to fetch entity
3,Surrealism,is found in movements table
3,27857,is added in human_movement table
3,27857,is found in human_movement table
28197,Norman Catherine,✅ Found to fetch entity
28205,Abel Auer,✅ Found to fetch entity
28218,Claudette Schreuders,✅ Found to fetch entity
28461,Mary Weatherford,✅ Found to fetch entity
28579,A.K. Burns,✅ Found to fetch entity
28751,Seb Patane,✅ Found to fetch entity
28763,Jody Pinto,✅ Found to fetch entity
28784,Riiko Sakkinen,✅ Found to fetch entity
29177,Sture Johannesson,✅ Found to fetch entity
29657,Francesca Gabbiani,✅ Found to fetch entity
29945,Ellen van Loon,✅ Found to fetch entity
30035,Scott McFarland,✅ Found to fetch entity
30306,Ivana Keser,✅ Found to fetch entity
30853,Fareed Armaly,✅ Found to fetch entity
30885,David Crow,✅ Found to fetch entity
30919,Heribert Schiedel,✅ Found to fetch entity
31024,Viktor Rogy,✅ Found to fetch entity
31039,Rainald Schumacher,✅ Found to fetch entity
31652,John Reekie,✅ Found to fetch entity
31698,Gregory Green,✅ Found to fetch entity
31919,Lorimer Johnston,✅ Found to fetch entity
32113,Charles Decroix,✅ Found to fetch entity
32216,Ximena Cuevas,✅ Found to fetch entity
32253,Shalom Gorewitz,✅ Found to fetch entity
32708,Mary Lee Bendolph,✅ Found to fetch entity
279,"Quilts of Gees Bend, Alabama",is added movements table
279,"Quilts of Gees Bend, Alabama",is found in movements table
279,32708,is added in human_movement table
279,32708,is found in human_movement table
32751,Doug Michels,✅ Found to fetch entity
32985,Bernd Ribbeck,✅ Found to fetch entity
33386,Brian Belott,✅ Found to fetch entity
34131,Wieki Somers,✅ Found to fetch entity
34822,Bob Sabiston,✅ Found to fetch entity
34823,Branda Miller,✅ Found to fetch entity
34839,Dmitry Troitsky,✅ Found to fetch entity
34885,Olga Stolpovskaya,✅ Found to fetch entity
34925,Vanalyne Green,✅ Found to fetch entity
35540,Keigo Yamamoto,✅ Found to fetch entity
35561,Lyn Blumenthal,✅ Found to fetch entity
36025,Richard Tipping,✅ Found to fetch entity
37301,Roberta Bayley,✅ Found to fetch entity
38008,Nancy Azara,✅ Found to fetch entity
218,feminist art movement,is found in movements table
218,38008,is added in human_movement table
218,38008,is found in human_movement table
38030,Amanda Ross-Ho,✅ Found to fetch entity
38943,Marek Piasecki,✅ Found to fetch entity
39150,Stefanie Posavec,✅ Found to fetch entity
39898,Robert Rotifer,✅ Found to fetch entity
39957,Ei Arakawa,✅ Found to fetch entity
40913,Leo Vroegindeweij,✅ Found to fetch entity
48,contemporary art,is found in movements table
48,40913,is added in human_movement table
48,40913,is found in human_movement table
40916,Ab van Hanegem,✅ Found to fetch entity
40999,María Teresa Hincapié,✅ Found to fetch entity
41286,Malcolm Garrett,✅ Found to fetch entity
41986,Adam Helms,✅ Found to fetch entity
42012,Michele Abeles,✅ Found to fetch entity
43172,Sergei Tcherepnin,✅ Found to fetch entity
43696,Corneille Hannoset,✅ Found to fetch entity
43702,Nicolás Paris,✅ Found to fetch entity
45401,Michaela Eichwald,✅ Found to fetch entity
45585,Günter Günschel,✅ Found to fetch entity
46276,Carlos Motta,✅ Found to fetch entity
46441,W. Craig Carter,✅ Found to fetch entity
46494,Jeff Ayeroff,✅ Found to fetch entity
46664,Julia Rommel,✅ Found to fetch entity
46870,Carole Caroompas,✅ Found to fetch entity
56,feminist art,is found in movements table
56,46870,is added in human_movement table
56,46870,is found in human_movement table
47082,Yuki Kimura,✅ Found to fetch entity
47252,Walter Jule,✅ Found to fetch entity
47906,John Kosh,✅ Found to fetch entity
48628,Evan Holloway,✅ Found to fetch entity
49107,Lucas Pope,✅ Found to fetch entity
49145,Phillip Hefferton,✅ Found to fetch entity
8,pop art,is found in movements table
8,49145,is added in human_movement table
8,49145,is found in human_movement table
49199,Marcel Giró,✅ Found to fetch entity
49573,Ian Cheng,✅ Found to fetch entity
49713,K8 Hardy,✅ Found to fetch entity
48,contemporary art,is found in movements table
48,49713,is added in human_movement table
48,49713,is found in human_movement table
50030,Zlatko Ugljen,✅ Found to fetch entity
67240,Tamiko Thiel,✅ Found to fetch entity
67443,Ranko Radović,✅ Found to fetch entity
67764,Graciela Carnevale,✅ Found to fetch entity
69887,Gabriel Paris,✅ Found to fetch entity
74940,Amanda Williams,✅ Found to fetch entity
75483,Achyut Kanvinde,✅ Found to fetch entity
75641,Michael Armitage,✅ Found to fetch entity
131346,Suzanne Bocanegra,✅ Found to fetch entity
131354,Nicolaas van de Vecht,✅ Found to fetch entity
132596,Bennett Foddy,✅ Found to fetch entity
133042,Carolyn Lazard,✅ Found to fetch entity
133518,Egon Riss,✅ Found to fetch entity
133650,G. Peter Jemison,✅ Found to fetch entity
134030,Mariette Pathy Allen,✅ Found to fetch entity
134122,Emeka Ogboh,✅ Found to fetch entity
135343,Sonia Gomes,✅ Found to fetch entity
136044,Leo Kainradl,✅ Found to fetch entity
136713,RaMell Ross,✅ Found to fetch entity
136999,Papa Ibra Tall,✅ Found to fetch entity
280,Dakar School,is added movements table
280,Dakar School,is found in movements table
280,136999,is added in human_movement table
280,136999,is found in human_movement table
137032,Amina Baraka,✅ Found to fetch entity
251,David Avison,✅ Found to fetch entity
285,John Bageris,✅ Found to fetch entity
338,Matthew Rackham Barnes,✅ Found to fetch entity
514,Jerry Berndt,✅ Found to fetch entity
555,James Biederman,✅ Found to fetch entity
646,Roger Bolomey,✅ Found to fetch entity
1010,Sydney Cash,✅ Found to fetch entity
1223,Denis Constanduros,✅ Found to fetch entity
1234,Francisco Copello,✅ Found to fetch entity
1239,Silvio Coppola,✅ Found to fetch entity
1275,Morison S. Cousins,✅ Found to fetch entity
1347,Jerzy Czerniawski,✅ Found to fetch entity
1473,Eduardo Del Valle,✅ Found to fetch entity
1813,Hermann Fauser,✅ Found to fetch entity
1999,Elias Friedensohn,✅ Found to fetch entity
87,abstract expressionism,is found in movements table
87,1999,is added in human_movement table
87,1999,is found in human_movement table
8,pop art,is found in movements table
8,1999,is added in human_movement table
8,1999,is found in human_movement table
2009,Susan Friedman,✅ Found to fetch entity
2035,Eugen Funk,✅ Found to fetch entity
2148,Jill Giegerich,✅ Found to fetch entity
2305,Hein Gravenhorst,✅ Found to fetch entity
2410,Paolo Guiotto,✅ Found to fetch entity
2488,Abraham P. Hankins,✅ Found to fetch entity
2494,Joseph Mellor Hanson,✅ Found to fetch entity
2501,Robert Hardmeyer,✅ Found to fetch entity
2689,Bernard Hoffman,✅ Found to fetch entity
2792,Arinori Ichihara,✅ Found to fetch entity
2836,Yukihisa Isobe,✅ Found to fetch entity
2996,Susan Kaprov,✅ Found to fetch entity
3034,Kazuko Miyamoto,✅ Found to fetch entity
3265,Louise Kruger,✅ Found to fetch entity
3501,Anna Letycia Quadros,✅ Found to fetch entity
3516,Tom Levine,✅ Found to fetch entity
3560,Linda Lindroth,✅ Found to fetch entity
3627,John Lueders-Booth,✅ Found to fetch entity
3700,Samuel Maitin,✅ Found to fetch entity
3763,Richard M. Margolis,✅ Found to fetch entity
4025,Julio Mitchel,✅ Found to fetch entity
4118,Jill Moser,✅ Found to fetch entity
4226,Willard Nash,✅ Found to fetch entity
4338,Lorie Novak,✅ Found to fetch entity
4569,Dolly Perutz,✅ Found to fetch entity
4584,Dimitri Petrov,✅ Found to fetch entity
4622,Faramarz Pilaram,✅ Found to fetch entity
6,modernism,is found in movements table
6,4622,is added in human_movement table
6,4622,is found in human_movement table
4765,Leonard Pytlak,✅ Found to fetch entity
4888,Antonio Reynoso,✅ Found to fetch entity
4900,James Bartlett Rich,✅ Found to fetch entity
5068,Richards Ruben,✅ Found to fetch entity
5083,Sheron Rupp,✅ Found to fetch entity
5227,Elsa Schmid,✅ Found to fetch entity
5228,Georg Schmid,✅ Found to fetch entity
5411,Kenneth Showell,✅ Found to fetch entity
5457,SITE,✅ Found to fetch entity
5592,Marcin Stajewski,✅ Found to fetch entity
5630,Paul Steiner,✅ Found to fetch entity
5724,Patrick J. Sullivan,✅ Found to fetch entity
5822,Lou Tchimoukow,✅ Found to fetch entity
6195,Lazar Vujaklija,✅ Found to fetch entity
6279,William Frederick Weege III,✅ Found to fetch entity
6357,Anne Wienholt,✅ Found to fetch entity
6400,Neil Winokur,✅ Found to fetch entity
6423,Agatha Wojciechowsky,✅ Found to fetch entity
6491,John Yang,✅ Found to fetch entity
6559,Carlo Zen,✅ Found to fetch entity
6641,Raffaele Leomporri,✅ Found to fetch entity
6730,Arthur N. Christie,✅ Found to fetch entity
6759,Robert Hedrick,✅ Found to fetch entity
6786,Luis Guevara Moreno,✅ Found to fetch entity
6900,Pierre Neumann,✅ Found to fetch entity
7041,Madoka Takagi,✅ Found to fetch entity
7153,Moshe Zabari,✅ Found to fetch entity
7154,Yong Soon Min,✅ Found to fetch entity
7449,Thomas Eriksson,✅ Found to fetch entity
7504,Phyllis Bramson,✅ Found to fetch entity
7677,Alyson Shotz,✅ Found to fetch entity
7842,Jonathan Seliger,✅ Found to fetch entity
7869,Power Boothe,✅ Found to fetch entity
7918,Jill Baroff,✅ Found to fetch entity
7925,Deborah Oropallo,✅ Found to fetch entity
118,new media art,is found in movements table
118,7925,is added in human_movement table
118,7925,is found in human_movement table
8001,Jhoon Rhee,✅ Found to fetch entity
8222,Gian Piero Frassinelli,✅ Found to fetch entity
8341,Siegfried Himmer,✅ Found to fetch entity
8392,Marek Freudenreich,✅ Found to fetch entity
8405,Sture Balgård,✅ Found to fetch entity
8575,Herbert Krenchel,✅ Found to fetch entity
8677,Ralph Lysell,✅ Found to fetch entity
22582,Sam Hecht,✅ Found to fetch entity
22704,Thomas Gardner,✅ Found to fetch entity
22892,Carlos Leão,✅ Found to fetch entity
22921,Franz Schulze,✅ Found to fetch entity
23372,Nikolai Grigoriev,✅ Found to fetch entity
24045,Boris Titov,✅ Found to fetch entity
24181,Leonid Zusman,✅ Found to fetch entity
24514,N. Shebuev,✅ Found to fetch entity
24705,Giulio Iacchetti,✅ Found to fetch entity
26134,Ernst Stahl,✅ Found to fetch entity
27165,Cheryl Goldsleger,✅ Found to fetch entity
27194,Laurie Reid,✅ Found to fetch entity
28206,Dorota Jurczak,✅ Found to fetch entity
28604,Peter Dean,✅ Found to fetch entity
28676,Kurt Kauper,✅ Found to fetch entity
28683,Takehito Koganezawa,✅ Found to fetch entity
28685,David Korty,✅ Found to fetch entity
28708,Nick Mauss,✅ Found to fetch entity
28810,Daniel Sinsel,✅ Found to fetch entity
28817,Glenn Sorensen,✅ Found to fetch entity
28878,Christian Schwarzwald,✅ Found to fetch entity
29007,Aaron Young,✅ Found to fetch entity
29073,Lorraine Gamman,✅ Found to fetch entity
29579,Marsha Cottrell,✅ Found to fetch entity
29584,Hanneline Visnes,✅ Found to fetch entity
29685,Juan Domingo Santos,✅ Found to fetch entity
30664,Patrick Norguet,✅ Found to fetch entity
30851,Ruth Anderwald,✅ Found to fetch entity
30906,Marina Faust,✅ Found to fetch entity
30933,Maria Hahnenkamp,✅ Found to fetch entity
31320,Martin Adel,✅ Found to fetch entity
32196,Stephen R. Johnson,✅ Found to fetch entity
32209,Cecelia Condit,✅ Found to fetch entity
32620,Tanyth Berkeley,✅ Found to fetch entity
32734,Tristan Eaton,✅ Found to fetch entity
32897,William H. Martin,✅ Found to fetch entity
33156,Jonathan Harris,✅ Found to fetch entity
34542,Martin Bruch,✅ Found to fetch entity
34557,Gilberto Corretti,✅ Found to fetch entity
34724,Hong Lei,✅ Found to fetch entity
34810,Adam Friedman,✅ Found to fetch entity
34816,Ardele Lister,✅ Found to fetch entity
34891,Philippe Gautier,✅ Found to fetch entity
34899,Robert Farber,✅ Found to fetch entity
35080,Raimond Chaves,✅ Found to fetch entity
35420,Bonnie Camplin,✅ Found to fetch entity
48,contemporary art,is found in movements table
48,35420,is added in human_movement table
48,35420,is found in human_movement table
35461,Norman Yonemoto,✅ Found to fetch entity
35473,Danièle Nyst,✅ Found to fetch entity
35504,Enrique Aguerre,✅ Found to fetch entity
35529,Jöelle de la Casinière,✅ Found to fetch entity
36363,Matt Connors,✅ Found to fetch entity
64,abstract art,is found in movements table
64,36363,is added in human_movement table
64,36363,is found in human_movement table
36605,Amy Granat,✅ Found to fetch entity
37004,Carla Liss,✅ Found to fetch entity
37007,Jock Reynolds,✅ Found to fetch entity
38159,Miriam Böhm,✅ Found to fetch entity
38258,David Thompson,✅ Found to fetch entity
38493,Just van Rossum,✅ Found to fetch entity
39039,Walter Kindler,✅ Found to fetch entity
39123,Golan Levin,✅ Found to fetch entity
39513,Kerry Tribe,✅ Found to fetch entity
40658,Emily Sundblad,✅ Found to fetch entity
40850,Moira Zoitl,✅ Found to fetch entity
41300,John Holmstrom,✅ Found to fetch entity
41391,Georg Arndt,✅ Found to fetch entity
41987,John Newsom,✅ Found to fetch entity
42266,Keita Takahashi,✅ Found to fetch entity
42466,Douglas Darden,✅ Found to fetch entity
42987,Anna Ostoya,✅ Found to fetch entity
43339,Paulo Monteiro,✅ Found to fetch entity
48,contemporary art,is found in movements table
48,43339,is added in human_movement table
48,43339,is found in human_movement table
43439,Mark Miller,✅ Found to fetch entity
43520,Jayson Musson,✅ Found to fetch entity
43700,Tomohiro Nishikado,✅ Found to fetch entity
43709,Lizzie Fitch,✅ Found to fetch entity
44054,José Miguel Galia,✅ Found to fetch entity
44115,Scott Snibbe,✅ Found to fetch entity
281,interactive art,is added movements table
281,interactive art,is found in movements table
281,44115,is added in human_movement table
281,44115,is found in human_movement table
44604,Yoshiki Okamoto,✅ Found to fetch entity
44911,Wolfgang Stoerchle,✅ Found to fetch entity
45810,Matías Duville,✅ Found to fetch entity
45944,Elisabeth Lindemann,✅ Found to fetch entity
46291,David Bellingham,✅ Found to fetch entity
46421,Fernando Guerra,✅ Found to fetch entity
46586,Freddie Tavares,✅ Found to fetch entity
46663,Jennie C. Jones,✅ Found to fetch entity
47134,Igildo Biesele,✅ Found to fetch entity
48360,Jennifer A. Lewis,✅ Found to fetch entity
48556,Park McArthur,✅ Found to fetch entity
48660,Shio Kusaka,✅ Found to fetch entity
48916,Franz Josef Popp,✅ Found to fetch entity
49622,Avery Singer,✅ Found to fetch entity
49889,Virginia San Fratello,✅ Found to fetch entity
49916,Cameron,✅ Found to fetch entity
49952,Georgi Konstantinovski,✅ Found to fetch entity
19,brutalist architecture,is found in movements table
19,49952,is added in human_movement table
19,49952,is found in human_movement table
49958,Romain Urhausen,✅ Found to fetch entity
67990,José Alejandro Restrepo,✅ Found to fetch entity
68046,Ivan Antić,✅ Found to fetch entity
68258,Przemysław Kwiek,✅ Found to fetch entity
69900,Shigeru Onishi,✅ Found to fetch entity
71689,Anne Imhof,✅ Found to fetch entity
74436,Loredana Sperini,✅ Found to fetch entity
75481,Muzharul Islam,✅ Found to fetch entity
75502,Joseph Allen Stein,✅ Found to fetch entity
132006,Stephen Rosenthal,✅ Found to fetch entity
134029,Dove Allouche,✅ Found to fetch entity
134055,Sheila Pinkel,✅ Found to fetch entity
136816,Bárbara Wagner,✅ Found to fetch entity
137008,Jim Burns,✅ Found to fetch entity
7,Bill Aron,✅ Found to fetch entity
92,Kinji Akagawa,✅ Found to fetch entity
217,Gonzalo Ariza,✅ Found to fetch entity
321,Colette Bangert,✅ Found to fetch entity
359,Carlo Bartoli,✅ Found to fetch entity
464,Adolf Benca,✅ Found to fetch entity
468,Nair Benedicto,✅ Found to fetch entity
563,Manfred Bingler,✅ Found to fetch entity
704,Bart Boumans,✅ Found to fetch entity
183,Mail-Art,is found in movements table
183,704,is added in human_movement table
183,704,is found in human_movement table
711,Fergus Bourke,✅ Found to fetch entity
797,John Brook,✅ Found to fetch entity
803,Gary Stephen Brotmeyer,✅ Found to fetch entity
825,Paul Brühwiler,✅ Found to fetch entity
830,Robert Brunner,✅ Found to fetch entity
854,Alice Standish Buell,✅ Found to fetch entity
946,Antonio Cañavate Gómez,✅ Found to fetch entity
1188,John Collins,✅ Found to fetch entity
1199,Greg Colson,✅ Found to fetch entity
1316,Robin Crozier,✅ Found to fetch entity
183,Mail-Art,is found in movements table
183,1316,is added in human_movement table
183,1316,is found in human_movement table
1337,Francis Edmund Currey,✅ Found to fetch entity
1405,Emma Lu Davis,✅ Found to fetch entity
1489,Jorge Demirjian,✅ Found to fetch entity
274,Neo-figurative,is found in movements table
274,1489,is added in human_movement table
274,1489,is found in human_movement table
1843,Sandi Fellman,✅ Found to fetch entity
1933,Ernesto Fontecilla,✅ Found to fetch entity
2069,A. F. Gangkofner,✅ Found to fetch entity
2106,Peter Gee,✅ Found to fetch entity
8,pop art,is found in movements table
8,2106,is added in human_movement table
8,2106,is found in human_movement table
2117,Nancy Genn,✅ Found to fetch entity
2200,Keith Godard,✅ Found to fetch entity
2232,Sergio Gonzalez-Tornero,✅ Found to fetch entity
2498,Marvin Harden,✅ Found to fetch entity
2559,Nicholas Ház,✅ Found to fetch entity
2572,Willy Heeks,✅ Found to fetch entity
2659,Kit Hinrichs,✅ Found to fetch entity
2772,Robert Huot,✅ Found to fetch entity
3135,Irwin B. Klein,✅ Found to fetch entity
3170,Win Knowlton,✅ Found to fetch entity
3233,Antoni Kowalski,✅ Found to fetch entity
3362,Edoardo Landi,✅ Found to fetch entity
3448,Juana Lecaros,✅ Found to fetch entity
3469,José Costa Leite,✅ Found to fetch entity
3551,David Ligare,✅ Found to fetch entity
3556,Linda Lindeberg,✅ Found to fetch entity
3624,Thomas Lüchinger,✅ Found to fetch entity
3681,Toshiro Maeda,✅ Found to fetch entity
3812,Robert E. Marx,✅ Found to fetch entity
3934,Mercer,✅ Found to fetch entity
4166,Robert Munford,✅ Found to fetch entity
4209,Naoto Nakagawa,✅ Found to fetch entity
4268,Walter Von Nessen,✅ Found to fetch entity
4357,Frederick O'Hara,✅ Found to fetch entity
4388,Shigeo Okamoto,✅ Found to fetch entity
4501,Brynhild Parker,✅ Found to fetch entity
4586,William Pettet,✅ Found to fetch entity
4654,Linda Plotkin,✅ Found to fetch entity
4748,Nikolai Prusakov,✅ Found to fetch entity
5191,Jeffrey Scales,✅ Found to fetch entity
5299,Douglas Scott,✅ Found to fetch entity
5472,Sandi Slone,✅ Found to fetch entity
5484,Joel Smith,✅ Found to fetch entity
5528,Wayne Sorce,✅ Found to fetch entity
5553,Marko Spalatin,✅ Found to fetch entity
5591,Paul Staiger,✅ Found to fetch entity
5694,Gerda Strömberg,✅ Found to fetch entity
5732,Britt-Louise Sundell,✅ Found to fetch entity
6036,Albert Urban,✅ Found to fetch entity
6037,Reva Urban,✅ Found to fetch entity
6507,Katsuro Yoshida,✅ Found to fetch entity
6578,Nicos Zographos,✅ Found to fetch entity
6700,Paul Renouard,✅ Found to fetch entity
6805,Raúl Cattelani,✅ Found to fetch entity
6810,Bern Boyle,✅ Found to fetch entity
6990,Robert Kozma,✅ Found to fetch entity
7078,Ekkeland Götze,✅ Found to fetch entity
7090,Emily Carter,✅ Found to fetch entity
7099,Sabrina Jones,✅ Found to fetch entity
7222,Mary Kocol,✅ Found to fetch entity
7414,Akio Okumura,✅ Found to fetch entity
7530,Mehrdad Yazdani,✅ Found to fetch entity
7571,Harry C. Wolf,✅ Found to fetch entity
7735,Gabriel Alix,✅ Found to fetch entity
7856,Herb Snitzer,✅ Found to fetch entity
7875,Gabriele Evertz,✅ Found to fetch entity
7885,Hiroshi Murata,✅ Found to fetch entity
7887,Joan Webster Price,✅ Found to fetch entity
8199,Lynne Yamamoto,✅ Found to fetch entity
8231,Henny Cahn,✅ Found to fetch entity
8435,Gerald Summers,✅ Found to fetch entity
8658,Katherine Turczan,✅ Found to fetch entity
22785,Minsuk Cho,✅ Found to fetch entity
22975,Klaus Oberer,✅ Found to fetch entity
24459,Olga Deineko,✅ Found to fetch entity
24641,Vladimir Meshkov,✅ Found to fetch entity
24801,Paul Etienne Lincoln,✅ Found to fetch entity
26371,Kristin Lucas,✅ Found to fetch entity
27144,Eve Aschheim,✅ Found to fetch entity
27466,Haresh Lalvani,✅ Found to fetch entity
27656,Graham Little,✅ Found to fetch entity
27737,Gerhard Heufler,✅ Found to fetch entity
27753,Jens Martin Skibsted,✅ Found to fetch entity
28671,Gareth James,✅ Found to fetch entity
28674,Kerstin Kartscher,✅ Found to fetch entity
28679,Thomas Kiesewetter,✅ Found to fetch entity
28710,Keith Mayerson,✅ Found to fetch entity
28713,Keegan McHargue,✅ Found to fetch entity
28779,Matthew Ronay,✅ Found to fetch entity
28780,Alexander Ross,✅ Found to fetch entity
28822,Peter Stauss,✅ Found to fetch entity
28838,Lane Twitchell,✅ Found to fetch entity
28845,Reinhard Voigt,✅ Found to fetch entity
29031,Michael Anastassiades,✅ Found to fetch entity
29654,John Lees,✅ Found to fetch entity
29968,Jim Campbell,✅ Found to fetch entity
48,contemporary art,is found in movements table
48,29968,is added in human_movement table
48,29968,is found in human_movement table
30852,Leonhard Grond,✅ Found to fetch entity
30861,Thomas Baumann,✅ Found to fetch entity
30928,Elisabeth Grübl,✅ Found to fetch entity
30976,Hubert Lobnig,✅ Found to fetch entity
31038,Wolfgang Schneider,✅ Found to fetch entity
31055,Andrea van der Straeten,✅ Found to fetch entity
31352,Sarah Schneider,✅ Found to fetch entity
32097,Craig Hodgetts,✅ Found to fetch entity
33190,Evan Roth,✅ Found to fetch entity
282,internet art,is added movements table
282,internet art,is found in movements table
282,33190,is added in human_movement table
282,33190,is found in human_movement table
34882,Nancy Buchanan,✅ Found to fetch entity
34893,Pia Lindman,✅ Found to fetch entity
34914,Stephen Laub,✅ Found to fetch entity
34938,Tony Labat,✅ Found to fetch entity
35537,Kathy High,✅ Found to fetch entity
35600,Paulette Phillips,✅ Found to fetch entity
36686,Ron Costley,✅ Found to fetch entity
36981,Daniel Gordon,✅ Found to fetch entity
37010,Rolf Jährling,✅ Found to fetch entity
37262,Eduardo Costa,✅ Found to fetch entity
37596,Leo Wollner,✅ Found to fetch entity
37604,Sam Winston,✅ Found to fetch entity
38183,Yusuf Arakkal,✅ Found to fetch entity
38350,Ingrid Baxter,✅ Found to fetch entity
23,conceptual art,is found in movements table
23,38350,is added in human_movement table
23,38350,is found in human_movement table
38492,Erik van Blokland,✅ Found to fetch entity
38736,Arthur P. Bedou,✅ Found to fetch entity
38946,Cengiz Çekil,✅ Found to fetch entity
39128,Ayah Bdeir,✅ Found to fetch entity
39155,Nicholas Felton,✅ Found to fetch entity
39997,Nora Schultz,✅ Found to fetch entity
40803,Bernard Bazile,✅ Found to fetch entity
41325,Noriko Ambe,✅ Found to fetch entity
41410,Bruno W. Reimann,✅ Found to fetch entity
41578,André Komatsu,✅ Found to fetch entity
41583,Chen Shaoxiong,✅ Found to fetch entity
41988,William Villalongo,✅ Found to fetch entity
42098,Michael Harris,✅ Found to fetch entity
42739,Anika,✅ Found to fetch entity
43288,Vagelis Tsakiridis,✅ Found to fetch entity
43694,Howard Scott Warshaw,✅ Found to fetch entity
43706,Tobias Madison,✅ Found to fetch entity
45375,Volker Hüller,✅ Found to fetch entity
45391,Michael Williams,✅ Found to fetch entity
46466,George Hardie,✅ Found to fetch entity
46869,Carl Byron,✅ Found to fetch entity
47094,Lucas Blalock,✅ Found to fetch entity
47255,Gerald Holtom,✅ Found to fetch entity
47508,Tony Lewis,✅ Found to fetch entity
47911,Philipp Schaerer,✅ Found to fetch entity
48036,Antonio Fernandez Reboiro,✅ Found to fetch entity
48481,Susan Cianciolo,✅ Found to fetch entity
48527,Robert Atkins,✅ Found to fetch entity
48530,Jo Babcock,✅ Found to fetch entity
49200,Ademar Manarini,✅ Found to fetch entity
49864,Milan Mihelič,✅ Found to fetch entity
49998,Omar Carreño,✅ Found to fetch entity
50011,Antonieta Sosa,✅ Found to fetch entity
67310,Adam Khalil,❌ Failed to fetch entity
67379,N. Dash,✅ Found to fetch entity
67510,Judy Linn,✅ Found to fetch entity
67916,Buster Cleveland,✅ Found to fetch entity
68276,Roberto Obregón,✅ Found to fetch entity
69799,Robert Opron,✅ Found to fetch entity
69823,Ted Purves,✅ Found to fetch entity
70037,Jo Randerson,✅ Found to fetch entity
74005,André Lefèbvre,✅ Found to fetch entity
131860,Ming Wong,✅ Found to fetch entity
131958,Tsuruko Yamazaki,✅ Found to fetch entity
132278,Dyani White Hawk,✅ Found to fetch entity
132516,Jock Kinneir,✅ Found to fetch entity
133349,Arnaldo Coen,✅ Found to fetch entity
133360,John Edmonds,✅ Found to fetch entity
133611,Deanna Templeton,✅ Found to fetch entity
134882,Nicolás Guagnini,✅ Found to fetch entity
134896,Malcolm Wells,✅ Found to fetch entity
136014,Ricardo Blanco,✅ Found to fetch entity
136159,Enrique Arnal,✅ Found to fetch entity
136191,Judith Gutiérrez,✅ Found to fetch entity
137010,Valery Oisteanu,✅ Found to fetch entity
137099,Brian Fisher,✅ Found to fetch entity
137340,Rose B. Simpson,✅ Found to fetch entity
138111,Ulla Wiggen,✅ Found to fetch entity
138131,Rose Piper,✅ Found to fetch entity
51,William Ross Abrams,✅ Found to fetch entity
287,Malcolm Bailey,✅ Found to fetch entity
313,R. Maxil Ballinger,✅ Found to fetch entity
504,Sarah Berman,✅ Found to fetch entity
759,Carl-Arne Breger,✅ Found to fetch entity
910,Poul Cadovius,✅ Found to fetch entity
1139,Maude Schuyler Clay,✅ Found to fetch entity
1308,Renato Cristiano,✅ Found to fetch entity
1376,Mell Daniel,✅ Found to fetch entity
1526,Stuart Diamond,✅ Found to fetch entity
1586,Seena Donneson,✅ Found to fetch entity
1624,Sydney Drum,✅ Found to fetch entity
1718,Ronnie Elliott,✅ Found to fetch entity
1748,Boris Nicolaevich Ermolaev,✅ Found to fetch entity
1760,John K. Esler,✅ Found to fetch entity
1867,William Fett,✅ Found to fetch entity
1874,Albert M. Fine,✅ Found to fetch entity
1926,Jean Follett,✅ Found to fetch entity
2090,Arnold Gassan,✅ Found to fetch entity
2234,Gerald Gooch,✅ Found to fetch entity
2355,Glenn Grohe,✅ Found to fetch entity
2432,Hildegarde Haas,✅ Found to fetch entity
2730,Nathan George Horwitt,✅ Found to fetch entity
2763,Sandy Hume,✅ Found to fetch entity
2885,Angela Jansen,✅ Found to fetch entity
2892,Evandro Carlos Jardim,✅ Found to fetch entity
3037,Pat Keely,✅ Found to fetch entity
3105,W. B. King,✅ Found to fetch entity
3232,Ron Kowalke,✅ Found to fetch entity
3320,Paul Kwilecki,✅ Found to fetch entity
3328,Frank LaPena,✅ Found to fetch entity
3382,Charles Lapierre,✅ Found to fetch entity
3526,Landès Lewitin,✅ Found to fetch entity
3636,Norman Lundin,✅ Found to fetch entity
3666,Sheldon Machlin,✅ Found to fetch entity
3930,Roberto Menghi,✅ Found to fetch entity
95,Movimento Arte Concreta,is found in movements table
95,3930,is added in human_movement table
95,3930,is found in human_movement table
4052,Eduardo Moll,✅ Found to fetch entity
4144,Thomas Mukarobgwa,✅ Found to fetch entity
4239,Ulrike Nattermuller,✅ Found to fetch entity
4439,Christine Osinski,✅ Found to fetch entity
4494,Diógenes Paredes,✅ Found to fetch entity
4784,Lucia Radochonska,✅ Found to fetch entity
4867,Eduard Renggli,✅ Found to fetch entity
5001,Robert Rohm,✅ Found to fetch entity
5040,Thurman Rotan,✅ Found to fetch entity
5276,Heinz Schulz-Neudamm,✅ Found to fetch entity
5417,Irene Siegel,✅ Found to fetch entity
5430,Carlos Silva,✅ Found to fetch entity
5552,Gregory Spaid,✅ Found to fetch entity
5642,Vladimir Stenberg,✅ Found to fetch entity
50,Constructivism,is found in movements table
50,5642,is added in human_movement table
50,5642,is found in human_movement table
5760,Steve Szabo,✅ Found to fetch entity
5798,Shisui Tanahashi,✅ Found to fetch entity
5830,Franco Teodoro,✅ Found to fetch entity
5918,Karl Trabert,✅ Found to fetch entity
6112,Mohsen Vaziri Moghaddam,✅ Found to fetch entity
6433,Andrew Kay Womrath,✅ Found to fetch entity
6480,Takao Yamada,✅ Found to fetch entity
6514,Masunobu Yoshimura,✅ Found to fetch entity
6566,Laura Ziegler,✅ Found to fetch entity
6632,Glenn Goldberg,✅ Found to fetch entity
6634,Mimi Smith,✅ Found to fetch entity
6782,Roberto Donis,✅ Found to fetch entity
6799,Alfredo Guerrero,✅ Found to fetch entity
6804,Yutaka Toyota,✅ Found to fetch entity
6894,Eva Lipman,✅ Found to fetch entity
6965,Georgii Stenberg,✅ Found to fetch entity
50,Constructivism,is found in movements table
50,6965,is added in human_movement table
50,6965,is found in human_movement table
6980,William Preston Mayfield,✅ Found to fetch entity
7028,Robert Flynt,✅ Found to fetch entity
7062,Peter Karpf,✅ Found to fetch entity
7093,Nadia Coën,✅ Found to fetch entity
7108,Bruce Witsiepe,✅ Found to fetch entity
7498,Douglas Blau,✅ Found to fetch entity
7514,Tomoyuki Sugiyama,✅ Found to fetch entity
7539,Markku Komonen,✅ Found to fetch entity
7840,Ava Gerber,✅ Found to fetch entity
7854,Nicholas Dean,✅ Found to fetch entity
8063,Ghislain Uhry,✅ Found to fetch entity
8293,Peter Bradley,✅ Found to fetch entity
8346,Hans Michel,✅ Found to fetch entity
8633,Caroline Feyt,✅ Found to fetch entity
8676,Hugo Blomberg,✅ Found to fetch entity
12924,Henri Floury,✅ Found to fetch entity
17469,Adrian Siegel,✅ Found to fetch entity
22734,Robert White,✅ Found to fetch entity
23468,Ivan Padalka,✅ Found to fetch entity
23962,John Shaw Smith,✅ Found to fetch entity
24117,Ivan Rerberg,✅ Found to fetch entity
24588,Lore Feininger,✅ Found to fetch entity
26124,Friedrich Eugen Scholer,✅ Found to fetch entity
26770,José Antonio Suárez Londoño,✅ Found to fetch entity
26840,Boris Berlin,✅ Found to fetch entity
26967,William Painter,✅ Found to fetch entity
27435,Kevin Kennon,✅ Found to fetch entity
27465,Emma Woffenden,✅ Found to fetch entity
28388,Andreas Vogler,✅ Found to fetch entity
28542,Ricci Albenda,✅ Found to fetch entity
28546,Ryoko Aoki,✅ Found to fetch entity
28551,Nina Lola Bachhuber,✅ Found to fetch entity
28603,Xiomara De Oliver,✅ Found to fetch entity
28637,Victoria Gitman,✅ Found to fetch entity
28730,Sandeep Mukherjee,✅ Found to fetch entity
28837,Tam Van Tran,✅ Found to fetch entity
28869,Claudia Müller,✅ Found to fetch entity
29021,Dennis Carlson,✅ Found to fetch entity
29049,Elle-Mie Ejdrup Hansen,✅ Found to fetch entity
29583,Susan Turcot,✅ Found to fetch entity
29730,Nicola López,✅ Found to fetch entity
30732,Joachim Schönfeldt,✅ Found to fetch entity
30893,Gerhard Spring,✅ Found to fetch entity
30975,Hans Peter Litscher,✅ Found to fetch entity
31010,August Ruhs,✅ Found to fetch entity
31058,Beatrix Sunkovsky,✅ Found to fetch entity
31075,Jun Yang,✅ Found to fetch entity
31735,Santiago Cucullu,✅ Found to fetch entity
32352,Alan Raymond,✅ Found to fetch entity
33025,Ammar Eloueini,✅ Found to fetch entity
33070,Bertjan Pot,✅ Found to fetch entity
33078,Benjamin Aranda,✅ Found to fetch entity
33219,Jack Hauser,✅ Found to fetch entity
34494,Jamie Isenstein,✅ Found to fetch entity
34541,Gilbert Bretterbauer,✅ Found to fetch entity
34559,Massimo Morozzi,✅ Found to fetch entity
34852,James Byrne,✅ Found to fetch entity
34904,Sandy McLeod,✅ Found to fetch entity
35204,Batiste Madalena,✅ Found to fetch entity
35475,Danielle Jaeggi,✅ Found to fetch entity
35524,Jean Carlomusto,✅ Found to fetch entity
35638,Vincent Carelli,✅ Found to fetch entity
35975,Blake Rayne,✅ Found to fetch entity
37005,Larry Miller,✅ Found to fetch entity
12,Fluxus,is found in movements table
12,37005,is added in human_movement table
12,37005,is found in human_movement table
37334,Riccardo Blumer,✅ Found to fetch entity
37983,Viktor Weixler,✅ Found to fetch entity
38208,Dominic Thorburn,✅ Found to fetch entity
38242,Marco Cianfanelli,✅ Found to fetch entity
38481,Jonathan Hoefler,✅ Found to fetch entity
38484,P. Scott Makela,✅ Found to fetch entity
39295,Kate Hartman,✅ Found to fetch entity
39447,Ko Verzuu,✅ Found to fetch entity
39719,Giancarlo Mazzanti,✅ Found to fetch entity
39772,Marguerite Humeau,✅ Found to fetch entity
40294,Erwin Andra,✅ Found to fetch entity
40574,Hajra Waheed,✅ Found to fetch entity
40841,Adele Röder,✅ Found to fetch entity
41168,Herbert Anger,✅ Found to fetch entity
42158,Zoe Crosher,✅ Found to fetch entity
42837,Donald Goddard,✅ Found to fetch entity
42851,Cristóbal Lehyt,✅ Found to fetch entity
44163,Justo Solsona,✅ Found to fetch entity
44475,Miriam Klein Stahl,✅ Found to fetch entity
44518,Adam Yarinsky,✅ Found to fetch entity
44655,Jonathas de Andrade,✅ Found to fetch entity
44792,Vasco Szinetar,✅ Found to fetch entity
44875,Héctor Vigliecca,✅ Found to fetch entity
44943,José Sigala,✅ Found to fetch entity
45123,Emanuel Rossetti,✅ Found to fetch entity
45549,Justino Serralta,✅ Found to fetch entity
46878,Kathy Slade,✅ Found to fetch entity
48182,Joan Heemskerk,✅ Found to fetch entity
48599,Bruce Eves,✅ Found to fetch entity
48789,John Lacey,✅ Found to fetch entity
49165,Ambrogio Pozzi,✅ Found to fetch entity
49197,Gertrudes Altschul,✅ Found to fetch entity
49280,Thomas Weir,✅ Found to fetch entity
49345,Eduardo Salvatore,✅ Found to fetch entity
49598,German Lorca,✅ Found to fetch entity
49888,Ronald Rael,✅ Found to fetch entity
50005,Rubén Núñez,✅ Found to fetch entity
50170,Dinko Kovačić,✅ Found to fetch entity
67489,Ivan Vitić,✅ Found to fetch entity
67951,Nan González,✅ Found to fetch entity
68021,Lee Kit,✅ Found to fetch entity
74431,Silvia Buonvicini,✅ Found to fetch entity
74727,Walter Price,✅ Found to fetch entity
74941,Enrique Ramírez,✅ Found to fetch entity
100523,Paula Heredia,✅ Found to fetch entity
132412,Tatiana Parcero,✅ Found to fetch entity
132939,Alejandro Kuropatwa,✅ Found to fetch entity
133020,Marwan Rechmaoui,✅ Found to fetch entity
133450,Lola Flash,✅ Found to fetch entity
134025,Michael Jang,✅ Found to fetch entity
134464,Refik Anadol,✅ Found to fetch entity
134880,Charles Meunier,✅ Found to fetch entity
135273,Tyler Mitchell,✅ Found to fetch entity
136692,Marwa Arsanios,✅ Found to fetch entity
136967,Sarah Ortmeyer,✅ Found to fetch entity
137011,LeRoy Clarke,✅ Found to fetch entity
218,Alda Maria Armagni,✅ Found to fetch entity
330,Peter Bardazzi,✅ Found to fetch entity
610,Vern Blosum,✅ Found to fetch entity
757,Charles H. Breed,✅ Found to fetch entity
826,William Brui,✅ Found to fetch entity
836,William Bryant,✅ Found to fetch entity
846,Peer Bücking,✅ Found to fetch entity
856,Fritz Bühler,✅ Found to fetch entity
950,Johannes Canis,✅ Found to fetch entity
1004,John Casado,✅ Found to fetch entity
1012,Tranquillo Casiraghi,✅ Found to fetch entity
1202,Ian Colverson,✅ Found to fetch entity
1576,Roger Doloy,✅ Found to fetch entity
1654,Bob Duran,✅ Found to fetch entity
1782,Connor Everts,✅ Found to fetch entity
1789,Charles Fahlen,✅ Found to fetch entity
1901,Edward Fitzgerald,✅ Found to fetch entity
1966,Richard Francisco,✅ Found to fetch entity
1998,Robert Fried,✅ Found to fetch entity
2166,Henri Ginet,✅ Found to fetch entity
3,Surrealism,is found in movements table
3,2166,is added in human_movement table
3,2166,is found in human_movement table
2239,Mark Goodman,✅ Found to fetch entity
2491,Robert Hansen,✅ Found to fetch entity
2536,Peter Hatch,✅ Found to fetch entity
2603,Arsène Herbinier,✅ Found to fetch entity
2620,Marcia Herscovitz,✅ Found to fetch entity
2683,Fred J. Hoertz,✅ Found to fetch entity
2748,Richard Hudson,✅ Found to fetch entity
2826,Marcos Irizarry,✅ Found to fetch entity
2946,Bernard Joubert,✅ Found to fetch entity
2999,Erica Karawina,✅ Found to fetch entity
3095,Kenneth Kilstrom,✅ Found to fetch entity
3108,Jonah Kinigstein,✅ Found to fetch entity
3196,Valto Kokko,✅ Found to fetch entity
3239,Margia Kramer,✅ Found to fetch entity
3545,Al Lieberman,✅ Found to fetch entity
3570,Ross Littell,✅ Found to fetch entity
3575,Stephen Livick,✅ Found to fetch entity
3746,Ralph Maradiaga,✅ Found to fetch entity
3783,Anne Steele Marsh,✅ Found to fetch entity
3865,Luis Mazzey,✅ Found to fetch entity
3919,John Melin,✅ Found to fetch entity
3938,Hugh Merrill,✅ Found to fetch entity
3993,Lev Mills,✅ Found to fetch entity
4142,John Muench,✅ Found to fetch entity
4184,Colin Murray,✅ Found to fetch entity
4202,Takeo Nagasawa,✅ Found to fetch entity
4332,Wim Noordhoek,✅ Found to fetch entity
4373,Starr Ockenga,✅ Found to fetch entity
4477,Tony Palladino,✅ Found to fetch entity
4491,Antonio Papasso,✅ Found to fetch entity
4618,Leona Pierce,✅ Found to fetch entity
4913,James Riddle,✅ Found to fetch entity
5090,Irving Rusinow,✅ Found to fetch entity
5154,Alberto Sani,✅ Found to fetch entity
5216,Moik Schiele,✅ Found to fetch entity
5241,Helmut Schmidt-Rhen,✅ Found to fetch entity
5485,Keith Smith,✅ Found to fetch entity
5563,Nicholas Sperakis,✅ Found to fetch entity
5609,Andrew Stasik,✅ Found to fetch entity
5714,Harry Suchland,✅ Found to fetch entity
6247,William Warnecke,✅ Found to fetch entity
6254,Ryo Watanabe,✅ Found to fetch entity
6291,Joyce Weinstein,✅ Found to fetch entity
6406,Alfred Winter-Rust,✅ Found to fetch entity
6746,Robert Beaven,✅ Found to fetch entity
6758,Richard Gorman,✅ Found to fetch entity
6788,Alirio Palacios,✅ Found to fetch entity
6827,Judith McWillie,✅ Found to fetch entity
6928,Philip Elliott,✅ Found to fetch entity
7173,Eric Paddock,✅ Found to fetch entity
7174,John Pinderhughes,✅ Found to fetch entity
7404,Peggy Diggs,✅ Found to fetch entity
7610,Stephen Cassell,✅ Found to fetch entity
7612,Bryan Bell,✅ Found to fetch entity
7634,Frank Beekers,✅ Found to fetch entity
7864,Vladimir Syomin,✅ Found to fetch entity
7873,Jean Cohen,✅ Found to fetch entity
7874,Ruth Eckstein,✅ Found to fetch entity
7883,Katinka Mann,✅ Found to fetch entity
7890,Ce Roser,✅ Found to fetch entity
7912,Mikhail Razulevich,✅ Found to fetch entity
7984,Bas Oudt,✅ Found to fetch entity
8088,Bing Wright,✅ Found to fetch entity
8143,Detlef Fiedler,✅ Found to fetch entity
16943,Valentine Dudensing,✅ Found to fetch entity
18130,Paul A. McDonough,✅ Found to fetch entity
22794,Antonio Palladino,✅ Found to fetch entity
23348,Per-Olof Nyström,✅ Found to fetch entity
24393,Vera Ivanova,✅ Found to fetch entity
25965,Sandra Ramos,✅ Found to fetch entity
26218,Benjamin Edwards,✅ Found to fetch entity
26805,Franco Annoni,✅ Found to fetch entity
26995,Walter Frederick Morrison,✅ Found to fetch entity
27050,Erik Wallenberg,✅ Found to fetch entity
27178,Christine Hiebert,✅ Found to fetch entity
27184,Stefana McClure,✅ Found to fetch entity
27468,Josef Klima,✅ Found to fetch entity
27765,Matthias Megyeri,✅ Found to fetch entity
28566,Pearl Blauvelt,✅ Found to fetch entity
28610,Don Doe,✅ Found to fetch entity
28646,Matt Greene,✅ Found to fetch entity
28680,John Kleckner,✅ Found to fetch entity
28711,Dan McCarthy,✅ Found to fetch entity
28712,Kim McCarty,✅ Found to fetch entity
28872,Dennis Loesch,✅ Found to fetch entity
28879,Michelle Segre,✅ Found to fetch entity
29624,Jen DeNike,✅ Found to fetch entity
29644,Abou Farman,✅ Found to fetch entity
30971,Gerhard Lang,✅ Found to fetch entity
31073,Michel Würthle,✅ Found to fetch entity
31881,Charles H. France,✅ Found to fetch entity
31901,Oscar Eagle,✅ Found to fetch entity
32059,Max Miedinger,✅ Found to fetch entity
32102,Giorgio Ceretti,✅ Found to fetch entity
32707,Louisiana Bendolph,✅ Found to fetch entity
279,"Quilts of Gees Bend, Alabama",is found in movements table
279,32707,is added in human_movement table
279,32707,is found in human_movement table
32718,Jerszy Seymour,✅ Found to fetch entity
33079,Chris Lasch,✅ Found to fetch entity
33148,Walter Bender,✅ Found to fetch entity
33291,David Reinfurt,✅ Found to fetch entity
34623,Robin Fletcher,✅ Found to fetch entity
34812,Alex Weil,✅ Found to fetch entity
34875,Matthew Geller,✅ Found to fetch entity
34892,Phyllis Baldino,✅ Found to fetch entity
34909,Skip Blumberg,✅ Found to fetch entity
34912,Stefan Moore,✅ Found to fetch entity
35471,Haruhiko Shono,✅ Found to fetch entity
35506,Ernest Gusella,✅ Found to fetch entity
35513,Gloria Camiruaga,✅ Found to fetch entity
35573,Melodie McDaniel,✅ Found to fetch entity
35599,Paul Wong,✅ Found to fetch entity
35632,Tirtza Even,✅ Found to fetch entity
36926,Louis-Joseph Deflube,✅ Found to fetch entity
36996,Shunji Yamanaka,✅ Found to fetch entity
37158,Eugen Rubin,✅ Found to fetch entity
37517,Dorine van der Klei,✅ Found to fetch entity
37665,Cornelia Blatter,✅ Found to fetch entity
37818,Raymond McGuire,✅ Found to fetch entity
38010,Lauren Ewing,✅ Found to fetch entity
38187,Kim Berman,✅ Found to fetch entity
38200,Trevor Makhoba,✅ Found to fetch entity
38298,Thomas Hamilton,✅ Found to fetch entity
38627,Emilie V. Clarkson,✅ Found to fetch entity
38635,John E. Dumont,✅ Found to fetch entity
38851,Magda Mautner von Markhof,✅ Found to fetch entity
40029,Zenon Januszewski,✅ Found to fetch entity
40053,Filippo Romoli,✅ Found to fetch entity
40998,Gabriel Sierra,✅ Found to fetch entity
41379,Oskar Birckenbach,✅ Found to fetch entity
41446,Josh MacPhee,✅ Found to fetch entity
42490,Diane Lewis,✅ Found to fetch entity
42935,Christine Sun Kim,✅ Found to fetch entity
43433,Art Hazelwood,✅ Found to fetch entity
44068,Michael Putnam,✅ Found to fetch entity
44479,Fahmi Reza,✅ Found to fetch entity
44904,Guillermo Bermúdez,✅ Found to fetch entity
44922,Jimmy Alcock,✅ Found to fetch entity
45961,Ken Okiishi,✅ Found to fetch entity
46096,Michael Amzalag,✅ Found to fetch entity
46475,Mark Farrow,✅ Found to fetch entity
46548,Brigitte Hellgoth,✅ Found to fetch entity
46775,Brian Aris,✅ Found to fetch entity
46793,Steve McGarry,✅ Found to fetch entity
46961,Christian Vetter,✅ Found to fetch entity
47012,Guillermo Zamora,✅ Found to fetch entity
47140,David Bradshaw,✅ Found to fetch entity
142,postminimalism,is found in movements table
142,47140,is added in human_movement table
142,47140,is found in human_movement table
47282,Janet Perr,✅ Found to fetch entity
47286,Ben Drury,✅ Found to fetch entity
47376,Dean Chalkley,✅ Found to fetch entity
48529,Perry Bard,✅ Found to fetch entity
49543,Arnold Hardy,✅ Found to fetch entity
67122,Giorgia Lupi,✅ Found to fetch entity
68674,Carmen Winant,✅ Found to fetch entity
69514,Donna-Lee Phillips,✅ Found to fetch entity
69883,Aude Jessemin,✅ Found to fetch entity
69893,John Sharkey,✅ Found to fetch entity
70016,Ketaki Sheth,✅ Found to fetch entity
70314,Meriem Bennani,✅ Found to fetch entity
72494,Sam Moyer,✅ Found to fetch entity
72820,Zak Prekop,✅ Found to fetch entity
73623,Pablo Vargas Lugo,✅ Found to fetch entity
74099,Julia Phillips,✅ Found to fetch entity
74889,Shuzo Azuchi Gulliver,✅ Found to fetch entity
75324,Tom Lloyd,✅ Found to fetch entity
129707,Younousse Sèye,✅ Found to fetch entity
132158,Carolina Caycedo,✅ Found to fetch entity
133474,Nancy Youdelman,✅ Found to fetch entity
133804,Jana Euler,✅ Found to fetch entity
134920,Daniel Downey,✅ Found to fetch entity
136602,Tecla Tofano,✅ Found to fetch entity
137021,Enrique Hernández d'Jesús,✅ Found to fetch entity
137296,Ed Hawkins,✅ Found to fetch entity
138442,Gengo Matsui,✅ Found to fetch entity
138508,Torkwase Dyson,✅ Found to fetch entity
138785,Iosif Király,✅ Found to fetch entity
31,Dana Atchley,✅ Found to fetch entity
69,Allan Adler,✅ Found to fetch entity
188,Sibyl Anikeef,✅ Found to fetch entity
264,Kurt W. Baasch,✅ Found to fetch entity
379,Wall Batterton,✅ Found to fetch entity
794,Robert Broner,✅ Found to fetch entity
799,Milton Brooks,✅ Found to fetch entity
1261,Herman Costa,✅ Found to fetch entity
1379,Joseph Dankowski,✅ Found to fetch entity
1459,Percy Deane,✅ Found to fetch entity
1506,Odette des Garets,✅ Found to fetch entity
1544,Guy Dill,✅ Found to fetch entity
1610,Robert Doxat,✅ Found to fetch entity
283,Vienna School of Fantastic Realism,is added movements table
283,Vienna School of Fantastic Realism,is found in movements table
283,1610,is added in human_movement table
283,1610,is found in human_movement table
1680,Doug Edge,✅ Found to fetch entity
1763,Reed Estabrook,✅ Found to fetch entity
1866,Helene Fesenmaier,✅ Found to fetch entity
1997,Mary E. Frey,✅ Found to fetch entity
2094,Piero Gatti,✅ Found to fetch entity
2241,Sam Goodman,✅ Found to fetch entity
2253,Tom Gormley,✅ Found to fetch entity
2327,Caroline Greenwald,✅ Found to fetch entity
2348,Salvatore Grippi,✅ Found to fetch entity
2453,Johann Hahn,✅ Found to fetch entity
2477,Jörg Hamburger,✅ Found to fetch entity
2493,David T. Hanson,✅ Found to fetch entity
2535,Makio Hasuike,✅ Found to fetch entity
2561,Howard Head,✅ Found to fetch entity
2608,Hanns Herkendell,✅ Found to fetch entity
2670,Milton Hirschl,✅ Found to fetch entity
2740,Eloise Howard,✅ Found to fetch entity
2957,Robert Kabak,✅ Found to fetch entity
2983,Bob Kane,✅ Found to fetch entity
3005,Gaston Karquel,✅ Found to fetch entity
3038,Kim Keever,✅ Found to fetch entity
3073,Alan Kessler,✅ Found to fetch entity
3176,Robert Kobayashi,✅ Found to fetch entity
3421,Michael Lax,✅ Found to fetch entity
3580,George Lockwood,✅ Found to fetch entity
3598,José Dolores López,✅ Found to fetch entity
3654,Ernst Mumenthaler,✅ Found to fetch entity
3779,Ronald Markman,✅ Found to fetch entity
222,Chicago Imagists,is found in movements table
222,3779,is added in human_movement table
222,3779,is found in human_movement table
4084,Alberico Morena,✅ Found to fetch entity
4086,Rafael Moreno,✅ Found to fetch entity
4345,Sam Joseph Ntiro,✅ Found to fetch entity
4353,Thom O'Connor,✅ Found to fetch entity
4380,Haruzo Ohashi,✅ Found to fetch entity
4522,Peter Paul,✅ Found to fetch entity
4532,Ronald Hayes Pearson,✅ Found to fetch entity
4690,Irene Poon,✅ Found to fetch entity
4860,Manfred Reiss,✅ Found to fetch entity
5259,Laurence Scholder,✅ Found to fetch entity
5350,Daniel Serra-Badué,✅ Found to fetch entity
5390,Otis Shepard,✅ Found to fetch entity
5407,Melissa Shook,✅ Found to fetch entity
5431,Rex (Reginald C.) Silver,✅ Found to fetch entity
5433,Walter Silver,✅ Found to fetch entity
5474,Howard Smagula,✅ Found to fetch entity
5616,Kim Steele,✅ Found to fetch entity
5745,Mutsumi Suzuki,✅ Found to fetch entity
5974,Marko Turk,✅ Found to fetch entity
5978,Alwyn Scott Turner,✅ Found to fetch entity
6113,Gene Vass,✅ Found to fetch entity
6226,John Wallace,✅ Found to fetch entity
6231,William Walmsley,✅ Found to fetch entity
6237,Jo Ann Walters,✅ Found to fetch entity
6238,Gene Walther,✅ Found to fetch entity
6242,Velox Ward,✅ Found to fetch entity
6567,Lolita Zikmane,✅ Found to fetch entity
6595,Jack Barth,✅ Found to fetch entity
6720,Jeanne Granès,✅ Found to fetch entity
6817,Jayme Odgers,✅ Found to fetch entity
7065,Kyoko Kumai,✅ Found to fetch entity
7413,Toshifumi Kawahara,✅ Found to fetch entity
7419,Scott Marble,✅ Found to fetch entity
7518,Jennifer Morla,✅ Found to fetch entity
7652,Geoffrey Biddle,✅ Found to fetch entity
7710,Shikanosuke Yagaki,✅ Found to fetch entity
7721,Niels Jensen,✅ Found to fetch entity
7828,Tria Giovan,✅ Found to fetch entity
7884,Nancy Manter,✅ Found to fetch entity
7891,Irene Rousseau,✅ Found to fetch entity
8144,Daniela Haufe,✅ Found to fetch entity
8158,Mario Romano,✅ Found to fetch entity
8396,John H. Myers,✅ Found to fetch entity
8571,Jay King,✅ Found to fetch entity
8645,Freda Diamond,✅ Found to fetch entity
8704,Martijn Wegman,✅ Found to fetch entity
9339,"Coors Porcelain Co., Golden, CO",✅ Found to fetch entity
9354,Fritz Hansen,✅ Found to fetch entity
9506,"Blenko Glass Co., Inc., Milton, WV",✅ Found to fetch entity
22564,Teppo Asikainen,✅ Found to fetch entity
22733,Peter Carl,✅ Found to fetch entity
22740,Linda Lynch,✅ Found to fetch entity
23346,Spencer Silver,✅ Found to fetch entity
23628,Hryhorii Bondarenko,✅ Found to fetch entity
24669,Henry Ehlers,✅ Found to fetch entity
24714,Gustave Falconnier,✅ Found to fetch entity
26078,Alex Gama,✅ Found to fetch entity
26884,Hong Hao,✅ Found to fetch entity
26981,Jack Clements,✅ Found to fetch entity
27730,Kosuke Tsumura,✅ Found to fetch entity
28202,Dan Rakgoathe,✅ Found to fetch entity
28207,Armin Krämer,✅ Found to fetch entity
28389,Arturo Vittori,✅ Found to fetch entity
28553,Chris Ballantyne,✅ Found to fetch entity
28588,Dawn Clements,✅ Found to fetch entity
28589,Michael Cline,✅ Found to fetch entity
28620,Dan Fischer,✅ Found to fetch entity
28622,Christian Flamm,✅ Found to fetch entity
28626,Franziska Furter,✅ Found to fetch entity
28673,Jane Kaplowitz,✅ Found to fetch entity
28681,Tom Knechtel,✅ Found to fetch entity
28702,Monica Majoli,✅ Found to fetch entity
28775,Michael Rodriguez,✅ Found to fetch entity
28799,Michael Scoggins,✅ Found to fetch entity
28831,Spencer Sweeney,✅ Found to fetch entity
28870,Julia Müller,✅ Found to fetch entity
29006,Orly Genger,✅ Found to fetch entity
29260,Maria Jauhiainen,✅ Found to fetch entity
29429,Chad McCail,✅ Found to fetch entity
29623,Leonor Caraballo,✅ Found to fetch entity
30219,Nicolas Lampert,✅ Found to fetch entity
30870,Luchezar Boyadjiev,✅ Found to fetch entity
30886,Oliver Croy,✅ Found to fetch entity
30983,Boris Manner,✅ Found to fetch entity
31079,Andreas Zybach,✅ Found to fetch entity
31298,David Thorne,✅ Found to fetch entity
31615,Claudio Salocchi,✅ Found to fetch entity
32375,John Sturgeon,✅ Found to fetch entity
32684,Dara Friedman,✅ Found to fetch entity
32957,Julia Lohmann,✅ Found to fetch entity
33292,Sarah Williams,✅ Found to fetch entity
34561,Lucia Bartolini,✅ Found to fetch entity
34860,John Reilly,✅ Found to fetch entity
34923,Tsuneo Nakai,✅ Found to fetch entity
35062,Seamus Farrell,✅ Found to fetch entity
35105,Alfonso Bialetti,✅ Found to fetch entity
35115,Karl Elsener,✅ Found to fetch entity
35499,Duan Jinchuan,✅ Found to fetch entity
284,new documentary movement,is added movements table
284,new documentary movement,is found in movements table
284,35499,is added in human_movement table
284,35499,is found in human_movement table
35558,Luc Bourdon,✅ Found to fetch entity
35608,Rafael França,✅ Found to fetch entity
35925,Alexander Isley,✅ Found to fetch entity
36034,Michael van Beuren,✅ Found to fetch entity
37485,Tuan Andrew Nguyen,✅ Found to fetch entity
37666,Marcel Hermans,✅ Found to fetch entity
37923,Ferdinand Rubeš,✅ Found to fetch entity
38270,Philip Krumm,✅ Found to fetch entity
38326,Davorin Savnik,✅ Found to fetch entity
38485,Jeffery Keedy,✅ Found to fetch entity
38916,Ashley Hunt,✅ Found to fetch entity
39923,Hans Ehrich,✅ Found to fetch entity
41451,Jesus Barraza,✅ Found to fetch entity
41761,Fabio Balducci,✅ Found to fetch entity
42469,Abby Leigh,✅ Found to fetch entity
42923,Sarah Crowner,✅ Found to fetch entity
44336,Hugo van Werden,✅ Found to fetch entity
44727,Alfredo Cortina,✅ Found to fetch entity
45229,Jacki Apple,✅ Found to fetch entity
45515,Klára Tamás,✅ Found to fetch entity
45520,Jing Liu,✅ Found to fetch entity
46095,Mathias Augustyniak,✅ Found to fetch entity
46212,Jay Silver,✅ Found to fetch entity
46372,Yuri Suzuki,✅ Found to fetch entity
46423,Stefan Diez,✅ Found to fetch entity
46461,Donald Smith,✅ Found to fetch entity
46632,Tom Igoe,✅ Found to fetch entity
47018,Trevor Key,✅ Found to fetch entity
47144,John Berg,✅ Found to fetch entity
47692,Cathy,✅ Found to fetch entity
47889,Josh Kline,✅ Found to fetch entity
48012,Rene De La Nuez,✅ Found to fetch entity
48013,Carmelo González,✅ Found to fetch entity
48317,Marie Harnett,✅ Found to fetch entity
48747,Jennifer Moon,✅ Found to fetch entity
48842,Marguerita Mergentime,✅ Found to fetch entity
49061,Kim Beom,✅ Found to fetch entity
49417,Luigi Scrivo,✅ Found to fetch entity
49623,Carlos Leppe,✅ Found to fetch entity
49860,Stanko Kristl,✅ Found to fetch entity
67237,Jim McWilliams,✅ Found to fetch entity
67442,Miodrag Živković,✅ Found to fetch entity
68266,Sigfredo Chacón,✅ Found to fetch entity
68340,Susan Te Kahurangi King,✅ Found to fetch entity
69480,Josef Hesoun,✅ Found to fetch entity
69822,Eamon Ore-Giron,✅ Found to fetch entity
70015,Ram Rahman,✅ Found to fetch entity
70804,Cui Jie,✅ Found to fetch entity
75015,Sanlé Sory,✅ Found to fetch entity
75669,Sable Elyse Smith,✅ Found to fetch entity
106324,Robert LaVigne,✅ Found to fetch entity
131884,Olalekan Jeyifous,✅ Found to fetch entity
132454,Dionne Lee,✅ Found to fetch entity
132956,Matthew Wong,✅ Found to fetch entity
132961,Marina Adams,✅ Found to fetch entity
132971,Eddie Martinez,✅ Found to fetch entity
133045,Tiona Nekkia McClodden,✅ Found to fetch entity
134221,Joey Terrill,✅ Found to fetch entity
134425,John M. Valadez,✅ Found to fetch entity
134819,Lauren Halsey,✅ Found to fetch entity
240,Afrofuturism,is found in movements table
240,134819,is added in human_movement table
240,134819,is found in human_movement table
135371,Christopher Cozier,✅ Found to fetch entity
136133,Lee Seung-taek,✅ Found to fetch entity
136165,Chandulal Shah,✅ Found to fetch entity
136188,Marcel Floris,✅ Found to fetch entity
137045,Giovanna,✅ Found to fetch entity
85,Aarne Aho,✅ Found to fetch entity
288,Oscar Bailey,✅ Found to fetch entity
439,Edith Behring,✅ Found to fetch entity
442,Alistair Macready Bell,✅ Found to fetch entity
512,Francis Bernard,✅ Found to fetch entity
647,Jay Bolotin,✅ Found to fetch entity
655,Claus Bonderup,✅ Found to fetch entity
685,Elena Borstein,✅ Found to fetch entity
707,Harry Bouras,✅ Found to fetch entity
718,Lynn Bowers,✅ Found to fetch entity
766,Miguel Bresciano,✅ Found to fetch entity
774,Barry Bridgwood,✅ Found to fetch entity
947,John Candelario,✅ Found to fetch entity
1282,Clement Cowles,✅ Found to fetch entity
1501,Co Derr,✅ Found to fetch entity
1663,Alberto Dutary,✅ Found to fetch entity
1882,Ida E. Fischer,✅ Found to fetch entity
1923,Johannes Foersom,✅ Found to fetch entity
2172,Philip Gips,✅ Found to fetch entity
2246,Bonnie Gordon,✅ Found to fetch entity
2280,Samuel Gragg,✅ Found to fetch entity
2361,Maurice Grosman,✅ Found to fetch entity
2366,Richard Gross,✅ Found to fetch entity
2390,Wayne Gudmundson,✅ Found to fetch entity
2413,Yakov Guminer,✅ Found to fetch entity
2512,Kate Harris,✅ Found to fetch entity
2516,Anthony Harrison,✅ Found to fetch entity
2633,Yukio Hideshima,✅ Found to fetch entity
2656,Harvey Himelfarb,✅ Found to fetch entity
2676,Rick McKee Hock,✅ Found to fetch entity
2739,Coy Howard,✅ Found to fetch entity
2811,Gérald Incandela,✅ Found to fetch entity
2859,Gerald Jackson,✅ Found to fetch entity
3054,Richard Kemble,✅ Found to fetch entity
3107,Hazel Kingsbury,✅ Found to fetch entity
3207,Makoto Komatsu,✅ Found to fetch entity
3285,Charles Kuhn,✅ Found to fetch entity
3311,Helmuth Kurtz,✅ Found to fetch entity
3619,Dietrich Lubs,✅ Found to fetch entity
3632,Lukta Qiatsuk,✅ Found to fetch entity
3855,Neil Maurer,✅ Found to fetch entity
3905,Sol Mednick,✅ Found to fetch entity
3983,Earl Miller,✅ Found to fetch entity
4143,Shuji Mukai,✅ Found to fetch entity
4247,Joseph Ndandarika,✅ Found to fetch entity
4252,Nedo Mion Ferrario,✅ Found to fetch entity
4313,Niviaksiak,✅ Found to fetch entity
4365,Robert Oberheim,✅ Found to fetch entity
4403,Barbara Olmsted,✅ Found to fetch entity
4431,Alfred Everitt Orr,✅ Found to fetch entity
4464,Onofrio A. Pacenza,✅ Found to fetch entity
4596,Peter Pfisterer,✅ Found to fetch entity
4634,Lauren Piperno,✅ Found to fetch entity
4710,Helen Margaret Post,✅ Found to fetch entity
4801,Everardo Ramirez,✅ Found to fetch entity
4808,Daniel Ranalli,✅ Found to fetch entity
4910,Roy Richter,✅ Found to fetch entity
5026,Laurie Rosenwald,✅ Found to fetch entity
5027,Henry Rosling,✅ Found to fetch entity
5120,Jack Sal,✅ Found to fetch entity
5129,Alberto Salvati,✅ Found to fetch entity
5149,Douglas Sandhage,✅ Found to fetch entity
5179,David Saunders,✅ Found to fetch entity
5188,Sawada Tetsuro,✅ Found to fetch entity
5243,José Manuel Schmill,✅ Found to fetch entity
5267,John Schott,✅ Found to fetch entity
5325,Judy Seigel,✅ Found to fetch entity
5463,Finn Sködt,✅ Found to fetch entity
5588,Lawrence Stafford,✅ Found to fetch entity
5651,Marina Stern,✅ Found to fetch entity
5679,David Storey,✅ Found to fetch entity
5746,Yoshio Suzuki,✅ Found to fetch entity
5962,Toba Tucker,✅ Found to fetch entity
6083,Diederick Van Kleef,✅ Found to fetch entity
6093,Yarom Vardimon,✅ Found to fetch entity
6123,Jukka Veistola,✅ Found to fetch entity
6141,Michael Vessa,✅ Found to fetch entity
6244,John D. Wareham,✅ Found to fetch entity
6295,John Joseph Weiss,✅ Found to fetch entity
6650,Paolo Favi,✅ Found to fetch entity
6735,Agnes Lyall,✅ Found to fetch entity
6740,Rupert D. Turnbull,✅ Found to fetch entity
6946,Marcel Kunz,✅ Found to fetch entity
7014,Valery Shchekoldin,✅ Found to fetch entity
7042,Ruud Jan Kokke,✅ Found to fetch entity
7089,Tom McGlynn,✅ Found to fetch entity
7211,Jan Matthias,✅ Found to fetch entity
7234,Earl Childress,✅ Found to fetch entity
7586,Arian Brekveld,✅ Found to fetch entity
7629,Carol Hepper,✅ Found to fetch entity
7702,John Milisenda,✅ Found to fetch entity
7841,Sean Mellyn,✅ Found to fetch entity
7870,Naomi Boretz,✅ Found to fetch entity
7907,René Ravo,✅ Found to fetch entity
8263,Gérard Miedinger,✅ Found to fetch entity
8326,Rudolf Bircher,✅ Found to fetch entity
8339,Leo Gantenbein,✅ Found to fetch entity
8402,Maciej Zbikowski,✅ Found to fetch entity
8406,Eva Björklund,✅ Found to fetch entity
11589,Hans Bockting,✅ Found to fetch entity
15683,Irene Delano,✅ Found to fetch entity
19053,Jean-Jacques Rullier,✅ Found to fetch entity
22568,Ayse Birsel,✅ Found to fetch entity
22594,Kimberly J. Holden,✅ Found to fetch entity
22751,Chris Finley,✅ Found to fetch entity
22884,Andrew Zago,✅ Found to fetch entity
22934,Mark Mills,✅ Found to fetch entity
23207,Erich Ludwig Stahl,✅ Found to fetch entity
23270,Henk Stallinga,✅ Found to fetch entity
24532,Adolf Navara,✅ Found to fetch entity
24671,Fritz Landwehr,✅ Found to fetch entity
26169,Ginny Bishton,✅ Found to fetch entity
26377,Phil Irving,✅ Found to fetch entity
26491,Francesco Binfaré,✅ Found to fetch entity
27026,Hugh Moore,✅ Found to fetch entity
27034,Leo Gerstenzang,✅ Found to fetch entity
27153,Kenneth Capps,✅ Found to fetch entity
27162,Lee Etheredge IV,✅ Found to fetch entity
27179,Ann Ledy,✅ Found to fetch entity
27188,Gloria Ortiz-Hernández,✅ Found to fetch entity
28174,Ward Shelley,✅ Found to fetch entity
28209,Ted Muehling,✅ Found to fetch entity
28585,Davide Cantoni,✅ Found to fetch entity
28662,Julian Hoeber,✅ Found to fetch entity
28701,Ati Maier,✅ Found to fetch entity
28727,Teresa Moro,✅ Found to fetch entity
28729,Aaron Morse,✅ Found to fetch entity
28734,Tracy Nakayama,✅ Found to fetch entity
28771,Tyson Reeder,✅ Found to fetch entity
28785,Hiroe Saeki,✅ Found to fetch entity
28802,Bettina Sellmann,✅ Found to fetch entity
28842,Nicolau Vergueiro,✅ Found to fetch entity
28902,Dasha Shishkin,✅ Found to fetch entity
30659,Thiago Rocha Pitta,✅ Found to fetch entity
30724,Janne Kyttanen,✅ Found to fetch entity
30838,Gastone Rinaldi,✅ Found to fetch entity
30857,Fatih Aydogdu,✅ Found to fetch entity
30865,Fritz Bergler,✅ Found to fetch entity
30900,Daniel Egg,✅ Found to fetch entity
30903,Annika Eriksson,✅ Found to fetch entity
30927,Fritz Grohs,✅ Found to fetch entity
30961,Jakob Kolding,✅ Found to fetch entity
31334,Pavel Humhal,✅ Found to fetch entity
32744,Huck Gee,✅ Found to fetch entity
32993,Moritz Waldemeyer,✅ Found to fetch entity
33015,Philip Worthington,✅ Found to fetch entity
33114,Simon Heijdens,✅ Found to fetch entity
33290,Eric Cadora,✅ Found to fetch entity
33390,Carlo Bimbi,✅ Found to fetch entity
34054,Jack Strange,✅ Found to fetch entity
34560,Dario Bartolini,✅ Found to fetch entity
34819,Barbara Buckner,✅ Found to fetch entity
34835,Davidson Gigliotti,✅ Found to fetch entity
34855,Jeff Stein,✅ Found to fetch entity
35130,Gertrud Fischbacher,✅ Found to fetch entity
35333,Beca Lipscombe,✅ Found to fetch entity
35449,Alix Pearlstein,✅ Found to fetch entity
35509,Hakudo Kobayashi,✅ Found to fetch entity
35530,John Adams,✅ Found to fetch entity
35571,Maxi Cohen,✅ Found to fetch entity
35613,Ros Barron,✅ Found to fetch entity
35626,Steve Fagin,✅ Found to fetch entity
35627,Susan Rynard,✅ Found to fetch entity
35643,Yau Ching,✅ Found to fetch entity
35982,Jordi Canudas,✅ Found to fetch entity
37228,David Musgrave,✅ Found to fetch entity
37679,Raymond Jacobs,✅ Found to fetch entity
37946,Qiu Anxiong,✅ Found to fetch entity
37955,Helene Haasbauer-Wallrath,✅ Found to fetch entity
38032,Juan Di Sandro,✅ Found to fetch entity
38064,Verney L. Danvers,✅ Found to fetch entity
38978,Ludwig Hoffenreich,✅ Found to fetch entity
39924,Tom Ahlström,✅ Found to fetch entity
40383,Bill Rauhauser,✅ Found to fetch entity
40829,Hilary Sample,✅ Found to fetch entity
41199,Maria Kipp,✅ Found to fetch entity
41295,Nick Egan,✅ Found to fetch entity
41470,Favianna Rodriguez,✅ Found to fetch entity
41561,Michael Carapetian,✅ Found to fetch entity
42591,Adam Saltsman,✅ Found to fetch entity
42634,Frances Kuehn,✅ Found to fetch entity
43396,Gino Soggetti,✅ Found to fetch entity
44069,Francisco Uribe,✅ Found to fetch entity
44638,Ryan Sullivan,✅ Found to fetch entity
46385,Marjan van Aubel,✅ Found to fetch entity
47167,Christian Piper,✅ Found to fetch entity
47212,Marina Pinsky,✅ Found to fetch entity
47285,Philip Hays,✅ Found to fetch entity
47325,Stephen Kroninger,✅ Found to fetch entity
48799,Peter Bankov,✅ Found to fetch entity
48853,Calvin Marcus,✅ Found to fetch entity
48862,László Kistamás,❌ Failed to fetch entity
48912,Umberto Luigi Ronco,✅ Found to fetch entity
49175,Mike Stephenson,✅ Found to fetch entity
49346,José Yalenti,✅ Found to fetch entity
49362,Albert Fennar,✅ Found to fetch entity
49961,Štefan Kacin,✅ Found to fetch entity
62944,Frederic Karoly,✅ Found to fetch entity
67100,Ali Tayar,✅ Found to fetch entity
68262,Héctor Fuenmayor,✅ Found to fetch entity
68307,William Farley,✅ Found to fetch entity
68677,Joanna Piotrowska,✅ Found to fetch entity
69793,Robert Picault,✅ Found to fetch entity
70040,Johan Hjerpe,✅ Found to fetch entity
70654,William Childress,✅ Found to fetch entity
72721,Sandra Payne,✅ Found to fetch entity
73690,Wang Jinsong,✅ Found to fetch entity
75527,Valentine Gunasekara,✅ Found to fetch entity
75652,Sandrine Pelletier,✅ Found to fetch entity
131528,Caroline Slotte,✅ Found to fetch entity
131882,Aki Inomata,✅ Found to fetch entity
131948,Guadalupe Maravilla,✅ Found to fetch entity
132112,Judithe Hernández,✅ Found to fetch entity
132517,Margaret Calvert,✅ Found to fetch entity
133738,Andy Robert,✅ Found to fetch entity
134027,Kenturah Davis,✅ Found to fetch entity
136633,Liam Young,✅ Found to fetch entity
249,Frances Avery,✅ Found to fetch entity
294,Carl Baker,✅ Found to fetch entity
353,Robert Bart,✅ Found to fetch entity
403,Douglas Baz,✅ Found to fetch entity
458,Christian Belpaire,✅ Found to fetch entity
475,Gordon Bennett,✅ Found to fetch entity
581,Judith Black,✅ Found to fetch entity
674,Osvaldo Borda,✅ Found to fetch entity
801,Harry Brorby,✅ Found to fetch entity
865,Édouard-Wilfred Buquet,✅ Found to fetch entity
1213,Lee Conklin,✅ Found to fetch entity
1378,Peter Danko,✅ Found to fetch entity
1384,Louis Danziger,✅ Found to fetch entity
1641,Dana Duff,✅ Found to fetch entity
1801,Nathan Farb,✅ Found to fetch entity
1802,William Fares,✅ Found to fetch entity
1863,Roger C. Ferri,✅ Found to fetch entity
1942,Leander Fornas,✅ Found to fetch entity
2220,Lloyd Goldsmith,✅ Found to fetch entity
2278,Carl Bernhard Graf,✅ Found to fetch entity
2459,Peter Hajnoczky,✅ Found to fetch entity
2483,Sid Hammer,✅ Found to fetch entity
2839,Robert Israel,✅ Found to fetch entity
2849,Reika Iwami,✅ Found to fetch entity
3000,Dennis Kardon,✅ Found to fetch entity
3069,G. Ray Kerciu,✅ Found to fetch entity
3127,Klara,✅ Found to fetch entity
3225,Claire Wagner Kosterlitz,✅ Found to fetch entity
3272,Charles Krutch,✅ Found to fetch entity
3401,Charles Lassiter,✅ Found to fetch entity
3558,Richard Lindh,✅ Found to fetch entity
3788,Charles Martin,✅ Found to fetch entity
3819,John Massey,✅ Found to fetch entity
3869,Jay McCafferty,✅ Found to fetch entity
3898,John McVicker,✅ Found to fetch entity
4191,Toby Mussman,✅ Found to fetch entity
4223,Harry Napper,✅ Found to fetch entity
4440,Roberto Ossaye,✅ Found to fetch entity
4473,Julio Palazuelos,✅ Found to fetch entity
4511,Robert Partin,✅ Found to fetch entity
4724,Léon Prébandier,✅ Found to fetch entity
4841,Junius Redwood,✅ Found to fetch entity
4952,Hulda Robbins,✅ Found to fetch entity
5081,Robert Miles Runyan,✅ Found to fetch entity
5147,Benita Sanders,✅ Found to fetch entity
5151,Barbara Sandler,✅ Found to fetch entity
5252,Bob Schnepf,✅ Found to fetch entity
5265,Elmer Schooley,✅ Found to fetch entity
5279,Elfi Schuselka,✅ Found to fetch entity
5287,Robin Schwartz,✅ Found to fetch entity
5356,W. G. Sesser,✅ Found to fetch entity
5389,John E. Sheridan,✅ Found to fetch entity
5398,Tamami Shima,✅ Found to fetch entity
5639,Juan Carlos Stekelman,✅ Found to fetch entity
5771,Jun Tabohashi,✅ Found to fetch entity
5870,Kn Thurlbeck,✅ Found to fetch entity
5880,Elizabeth Timberman,✅ Found to fetch entity
5967,Thomas Tulis,✅ Found to fetch entity
6043,Kenji Ushiku,✅ Found to fetch entity
6071,Piet van der Have,✅ Found to fetch entity
6075,James Van Dijk,✅ Found to fetch entity
6230,Edward Wallowitch,✅ Found to fetch entity
6243,Frederick Wardy,✅ Found to fetch entity
6411,Marc Wise,✅ Found to fetch entity
6434,Helena (Mie Yuan Wong) Wong,✅ Found to fetch entity
6501,Alejandro Mario Yllanes,✅ Found to fetch entity
7186,Antonio Macchi Cassia,✅ Found to fetch entity
7202,Herbert H. Schultes,✅ Found to fetch entity
7281,Mark Sanders,✅ Found to fetch entity
7427,Hans Gantert,✅ Found to fetch entity
7587,Jos van der Meulen,✅ Found to fetch entity
7602,Wout De Vringer,✅ Found to fetch entity
7651,David Goldes,✅ Found to fetch entity
7994,Laurene Leon Boym,✅ Found to fetch entity
8000,Johannes Potente,✅ Found to fetch entity
8002,Paul Schudel,✅ Found to fetch entity
8081,Bruce Blackburn,✅ Found to fetch entity
8220,Alessandro Magris,✅ Found to fetch entity
8242,Paula Horn Kotis,✅ Found to fetch entity
8376,Yakov Ruklevsky,✅ Found to fetch entity
8414,Klaus Pinter,✅ Found to fetch entity
8436,Andries Van Onck,✅ Found to fetch entity
8578,Peter Pelzel,✅ Found to fetch entity
8630,Paul Thompson,✅ Found to fetch entity
9230,"Revere Copper and Brass, Inc., Rome, NY",✅ Found to fetch entity
11422,Patrick Cunningham,✅ Found to fetch entity
12315,Sergei Podgaevskii,✅ Found to fetch entity
22586,Vesa Hinkola,✅ Found to fetch entity
22587,Rane Vaskivuori,✅ Found to fetch entity
22592,Albert Nagele,✅ Found to fetch entity
22731,Timothy Wood,✅ Found to fetch entity
23426,Elsa Fischer-Treyden,✅ Found to fetch entity
23703,Aleksandr Volkov,✅ Found to fetch entity
24386,Elizaveta Dorfman,✅ Found to fetch entity
24706,Matteo Ragni,✅ Found to fetch entity
25480,Daniel Zeller,✅ Found to fetch entity
26686,Sid Kaplan,✅ Found to fetch entity
26841,Poul Christiansen,✅ Found to fetch entity
27195,Erik Saxon,✅ Found to fetch entity
28467,Phillip Pisciotta,✅ Found to fetch entity
28540,Lucas Ajemian,✅ Found to fetch entity
28547,Philip Argent,✅ Found to fetch entity
28586,Robert Chambers,✅ Found to fetch entity
28594,Benjamin Cottam,✅ Found to fetch entity
28606,Brian DeGraw,✅ Found to fetch entity
28635,Graham Gillmore,✅ Found to fetch entity
28655,Karen Heagle,✅ Found to fetch entity
28672,Aaron Johnson,✅ Found to fetch entity
28689,Wes Lang,✅ Found to fetch entity
28715,Kelly McLane,✅ Found to fetch entity
28740,John J. O'Connor,✅ Found to fetch entity
28811,Sal Sirugo,✅ Found to fetch entity
28815,Stephen Sollins,✅ Found to fetch entity
28824,Clare Stephenson,✅ Found to fetch entity
28860,William Wood,✅ Found to fetch entity
28861,Lynne Woods Turner,✅ Found to fetch entity
28880,Dannielle Tegeder,✅ Found to fetch entity
29010,Tom Wiscombe,✅ Found to fetch entity
29875,Anon,✅ Found to fetch entity
30229,Mark Fox,✅ Found to fetch entity
30858,Zeigam Azizov,✅ Found to fetch entity
30924,Elisabeth Plank,✅ Found to fetch entity
31078,Beatrix Zobl,✅ Found to fetch entity
31360,Pirmin Blum,✅ Found to fetch entity
32190,Luis Valdovino,✅ Found to fetch entity
33165,Fernanda Bertini Viégas,✅ Found to fetch entity
33206,Tim Edler,✅ Found to fetch entity
33220,Barbara Kraus,✅ Found to fetch entity
34729,Weng Fen,✅ Found to fetch entity
34805,Stevenson J. Palfi,✅ Found to fetch entity
34806,Doris Cross,✅ Found to fetch entity
34868,Ken Kobland,✅ Found to fetch entity
35480,Dennis Day,✅ Found to fetch entity
35500,Ed Bowes,✅ Found to fetch entity
35519,Hitoshi Takekiyo,✅ Found to fetch entity
35541,Kit Galloway,✅ Found to fetch entity
35586,Louis Alvarez,✅ Found to fetch entity
35635,Vern Hume,✅ Found to fetch entity
35867,Raffaella Mangiarotti,✅ Found to fetch entity
36940,Eric Andersen,✅ Found to fetch entity
37619,Ryan McNamara,✅ Found to fetch entity
37833,Mariah Robertson,✅ Found to fetch entity
37866,Sara Greenberger Rafferty,✅ Found to fetch entity
37886,Chris Kabel,✅ Found to fetch entity
39470,Ron Gilad,✅ Found to fetch entity
39765,Andrzej Budek,✅ Found to fetch entity
39845,Miloslav Prokop,✅ Found to fetch entity
40431,Siv Helene Stangeland,✅ Found to fetch entity
40432,Reinhard Kropf,✅ Found to fetch entity
41411,Heinrich Zernack,✅ Found to fetch entity
41440,Shen Wei,✅ Found to fetch entity
41473,Michael McCoy,✅ Found to fetch entity
42007,John Follis,✅ Found to fetch entity
42280,Anya Phillips,✅ Found to fetch entity
42479,Thomas Klinkowstein,✅ Found to fetch entity
42516,Ido Bruno,✅ Found to fetch entity
44160,Flora Manteola,✅ Found to fetch entity
44525,Sara Hendren,✅ Found to fetch entity
45045,Luther Price,✅ Found to fetch entity
45781,Derek Barnett,✅ Found to fetch entity
46493,Michael Hodgson,✅ Found to fetch entity
46787,Craig Braun,✅ Found to fetch entity
46884,Bob George,✅ Found to fetch entity
47380,Alex Schweder,✅ Found to fetch entity
47766,Nikolaus Urban,✅ Found to fetch entity
48391,Ilona Weber,✅ Found to fetch entity
48624,Shigetaka Kurita,✅ Found to fetch entity
49060,David Small,✅ Found to fetch entity
49147,Munetsugu Satomi,✅ Found to fetch entity
49296,Eugene Masselink,✅ Found to fetch entity
49374,Herb Robinson,✅ Found to fetch entity
49569,Basel Abbas,✅ Found to fetch entity
49719,Eric Marciano,✅ Found to fetch entity
49913,Robert Alexander,✅ Found to fetch entity
50001,Carlos González Bogen,✅ Found to fetch entity
50017,Virgilio Villalba,✅ Found to fetch entity
67311,Zack Khalil,❌ Failed to fetch entity
67451,Xiao Yu,✅ Found to fetch entity
67667,Steve Kahn,✅ Found to fetch entity
67694,Glenn Williams,✅ Found to fetch entity
68207,Stojan Maksimović,✅ Found to fetch entity
68269,Elena Damiani,✅ Found to fetch entity
68274,Suwon Lee,✅ Found to fetch entity
68341,Naotaka Hiro,✅ Found to fetch entity
69814,Stefan Mohr,✅ Found to fetch entity
74421,Melvin Way,✅ Found to fetch entity
74478,Nathlie Provosty,✅ Found to fetch entity
132165,Eric Klarenbeek,✅ Found to fetch entity
133047,Julia Weist,✅ Found to fetch entity
133227,Ja'Tovia Gary,✅ Found to fetch entity
133438,Eduardo Navarro,✅ Found to fetch entity
134233,Bob Clark,✅ Found to fetch entity
134600,Reynaldo Rivera,✅ Found to fetch entity
135887,Yucef Merhi,✅ Found to fetch entity
136213,Gustavo Zalamea,✅ Found to fetch entity
136259,David Nixon,✅ Found to fetch entity
136612,Martin Eisler,✅ Found to fetch entity
3,Bill Arnold,✅ Found to fetch entity
6,Danilo Aroldi,✅ Found to fetch entity
50,Gerald Abramovitz,✅ Found to fetch entity
117,William Allan,✅ Found to fetch entity
148,Florencia de Amesti,✅ Found to fetch entity
167,John S. Anderson,✅ Found to fetch entity
333,George Barker,✅ Found to fetch entity
448,Joseph Bellanca,✅ Found to fetch entity
639,Olaf von Bohr,✅ Found to fetch entity
653,Giorgio Bompadre,✅ Found to fetch entity
669,Robert Bononno,✅ Found to fetch entity
697,Kenneth J. Botto,✅ Found to fetch entity
938,Jewett Campbell,✅ Found to fetch entity
949,Giacomo Caneva,✅ Found to fetch entity
1058,Paul Chaleff,✅ Found to fetch entity
1096,Lee Chesney,✅ Found to fetch entity
1098,Miriam Chiaverini,✅ Found to fetch entity
1591,William Doriani,✅ Found to fetch entity
1768,Alex J. Ettl,✅ Found to fetch entity
1773,Dennis Evans,✅ Found to fetch entity
1791,Ekkehard Fahr,✅ Found to fetch entity
1844,Frances Felten,✅ Found to fetch entity
1846,Albert Fenn,✅ Found to fetch entity
1929,Danny Ho Fong,✅ Found to fetch entity
1960,Sheila Fournier,✅ Found to fetch entity
2019,Stephen Frykholm,✅ Found to fetch entity
2048,Robert Gage,✅ Found to fetch entity
2182,Len Gittleman,✅ Found to fetch entity
2238,Jon Goodman,✅ Found to fetch entity
2329,Farrell Grehan,✅ Found to fetch entity
2376,Paul Grotz,✅ Found to fetch entity
2426,Luke Gwilliam,✅ Found to fetch entity
2430,Kenneth D. Haak,✅ Found to fetch entity
2549,Markus Hawlik,✅ Found to fetch entity
2597,Bill Henry,✅ Found to fetch entity
2709,Frank Graham Holmes,✅ Found to fetch entity
2721,Ethelyn Honig,✅ Found to fetch entity
2753,Toni Hughes,✅ Found to fetch entity
2778,Sidney Jack Hurwitz,✅ Found to fetch entity
2780,Terry Husebye,✅ Found to fetch entity
2798,Yoshiaki Iida,✅ Found to fetch entity
2825,Carlos Irizarry,✅ Found to fetch entity
2841,Junichi Itahashi,✅ Found to fetch entity
2842,Kenji Itoh,✅ Found to fetch entity
2846,Earl Iversen,✅ Found to fetch entity
2851,Yoshiyuki Iwase,✅ Found to fetch entity
3066,Colleen Frances Kenyon,✅ Found to fetch entity
3194,Nobuaki Kojima,✅ Found to fetch entity
3202,Ray Komai,✅ Found to fetch entity
3486,Eugen Lenz,✅ Found to fetch entity
3497,John Lesnick,✅ Found to fetch entity
3695,Schilli Maier,✅ Found to fetch entity
3820,George Massiot Brown,✅ Found to fetch entity
3860,Paul Mayen,✅ Found to fetch entity
3882,Elizabeth McFadden,✅ Found to fetch entity
3915,José Meléndez Contreras,✅ Found to fetch entity
3946,Gary Metz,✅ Found to fetch entity
3992,John Mills,✅ Found to fetch entity
4055,Sahlan Momo,✅ Found to fetch entity
4088,Carlo Moretti,✅ Found to fetch entity
4146,Michael Mullen,✅ Found to fetch entity
4281,Albert Newall,✅ Found to fetch entity
4429,Don Ornitz,✅ Found to fetch entity
4487,Cesare Paolini,✅ Found to fetch entity
4818,Hans H. Rath,✅ Found to fetch entity
4853,William Reimann,✅ Found to fetch entity
4877,Maria Reuter,✅ Found to fetch entity
4892,Marvin Rhodes,✅ Found to fetch entity
4914,John G. Rideout,✅ Found to fetch entity
5003,Charles Roitz,✅ Found to fetch entity
5072,Mabel Rubli,✅ Found to fetch entity
5110,George Sadek,✅ Found to fetch entity
5152,Arturo Sandoval,✅ Found to fetch entity
5158,Jerry Santbergen,✅ Found to fetch entity
5298,Joe Scorsone,✅ Found to fetch entity
5384,Musya Sheeler,✅ Found to fetch entity
5567,Paul Spina,✅ Found to fetch entity
5730,Hugo Summerville,✅ Found to fetch entity
5765,Tomasz Szulecki,✅ Found to fetch entity
5767,Carol Block Taback,✅ Found to fetch entity
5893,Hans Tollin,✅ Found to fetch entity
6039,Graziella Urbinati,✅ Found to fetch entity
6213,Marcelle Wahl,✅ Found to fetch entity
6311,Jane Wenger,✅ Found to fetch entity
6554,Walter Zehringer,✅ Found to fetch entity
6790,Penelope Bennett,✅ Found to fetch entity
6801,William Stone Reverón,✅ Found to fetch entity
6843,Stanley Stellar,✅ Found to fetch entity
6927,Paul D'Amato,✅ Found to fetch entity
6929,Trix Wetter,✅ Found to fetch entity
6978,Fallon Horne,✅ Found to fetch entity
6986,Peter Brown,✅ Found to fetch entity
6989,Paola Ferrario,✅ Found to fetch entity
7247,Paulus van Leeuwen,✅ Found to fetch entity
7451,Vincent de Rijk,✅ Found to fetch entity
7513,Harry J. Powell,✅ Found to fetch entity
7583,Rody Graumans,✅ Found to fetch entity
7601,Ben Faydherbe,✅ Found to fetch entity
7681,Paulina Wallenberg-Olsson,✅ Found to fetch entity
7714,Graham Smith,✅ Found to fetch entity
7876,Helen Gilbert,✅ Found to fetch entity
7881,Martha Keller,✅ Found to fetch entity
7997,Glen Oliver Löw,✅ Found to fetch entity
8005,Sebastian Bergne,✅ Found to fetch entity
8018,Lloyd Schwan,✅ Found to fetch entity
8221,Roberto Magris,✅ Found to fetch entity
8348,Heini Fischer-Corso,✅ Found to fetch entity
8438,Gordon Kipping,✅ Found to fetch entity
8466,Leslie Evans,✅ Found to fetch entity
8563,Bob Jackson,✅ Found to fetch entity
8629,Glenn Rudolph,✅ Found to fetch entity
19043,Cliff Baldwin,✅ Found to fetch entity
19664,Angel Abreu,✅ Found to fetch entity
22542,Mathieu,✅ Found to fetch entity
22574,Markus Nevalainen,✅ Found to fetch entity
22595,Gregg A. Pasquarelli,✅ Found to fetch entity
22677,Taylor Green,✅ Found to fetch entity
22829,Alex Wall,✅ Found to fetch entity
22895,Ernâni Vasconcelos,✅ Found to fetch entity
22953,George Krikorian,✅ Found to fetch entity
22972,Davor Vrankic,✅ Found to fetch entity
23251,Thomas Leeser,✅ Found to fetch entity
24018,Alexander Liubimov,✅ Found to fetch entity
24146,David Buryshkin,✅ Found to fetch entity
24590,Karl Grill,✅ Found to fetch entity
25515,Joey Kötting,✅ Found to fetch entity
26440,Seoungho Cho,✅ Found to fetch entity
26540,Martin Roberts,✅ Found to fetch entity
27197,Adolf Rambold,✅ Found to fetch entity
27305,Marc Räder,✅ Found to fetch entity
27881,Paul Kirps,✅ Found to fetch entity
28105,Galya Rosenfeld,✅ Found to fetch entity
28605,Benjamin Degen,✅ Found to fetch entity
28651,Debra Hampton,✅ Found to fetch entity
28653,Gerald Hayes,✅ Found to fetch entity
28665,Violet Hopkins,✅ Found to fetch entity
28718,Jason Meadows,✅ Found to fetch entity
28747,Paul P.,✅ Found to fetch entity
28790,Shinako Sato,✅ Found to fetch entity
28800,Rachel Selekman,✅ Found to fetch entity
28813,Torsten Slama,✅ Found to fetch entity
28876,Katerina Lanfranco,✅ Found to fetch entity
28934,John Swann,✅ Found to fetch entity
29238,Mark Williams,✅ Found to fetch entity
29529,Niels Due Jensen,✅ Found to fetch entity
29718,Javier Peña,✅ Found to fetch entity
29871,Ulli Maier,✅ Found to fetch entity
31054,Kamen Stoyanov,✅ Found to fetch entity
31060,Martin Koch,✅ Found to fetch entity
32173,Rhonda Abrams,✅ Found to fetch entity
32449,Julie Zando,✅ Found to fetch entity
33289,Laura Kurgan,✅ Found to fetch entity
33837,Geoffrey Mann,✅ Found to fetch entity
34785,Jessica Mein,✅ Found to fetch entity
34883,Neil Goldberg,✅ Found to fetch entity
34886,Paul Dougherty,✅ Found to fetch entity
34929,Yasuo Shinohara,✅ Found to fetch entity
35453,Bernar Hébert,✅ Found to fetch entity
35542,Sherrie Rabinowitz,✅ Found to fetch entity
35578,Morihiro Wada,✅ Found to fetch entity
35597,Dimitri Devyatkin,✅ Found to fetch entity
35637,Victor Lopes,✅ Found to fetch entity
35866,Matteo Bazzicalupo,✅ Found to fetch entity
35916,Marc Paradis,✅ Found to fetch entity
36016,Jim Gaylord,✅ Found to fetch entity
36035,Klaus Grabe,✅ Found to fetch entity
36096,Erich Mrozek,✅ Found to fetch entity
36443,Daniel Rowen,✅ Found to fetch entity
36550,Zachary Wollard,✅ Found to fetch entity
37393,John Keenen,✅ Found to fetch entity
37868,Donald Genaro,✅ Found to fetch entity
37869,Sonia Švecová,✅ Found to fetch entity
38054,Eric Lombers,✅ Found to fetch entity
38204,Gabisile Nkosi,✅ Found to fetch entity
38524,Tomasz Sarnecki,✅ Found to fetch entity
38741,Alex Dodge,✅ Found to fetch entity
39233,Max Weisel,✅ Found to fetch entity
39262,Lettie A. Allen,✅ Found to fetch entity
39283,Betsy Connors,✅ Found to fetch entity
39476,James Powderly,✅ Found to fetch entity
39611,Matt Kenyon,✅ Found to fetch entity
40247,Mihajlo Arsovski,✅ Found to fetch entity
40659,Stefan Tcherepnin,✅ Found to fetch entity
40780,Craig Dykers,✅ Found to fetch entity
40849,Ralf Hoedt,✅ Found to fetch entity
41151,Erich Gehre,✅ Found to fetch entity
41298,Brian Davis,✅ Found to fetch entity
41665,Justin Matherly,✅ Found to fetch entity
41752,Robert Wilhite,✅ Found to fetch entity
41822,Massoud Hassani,✅ Found to fetch entity
41830,Dirk Vander Kooij,✅ Found to fetch entity
42313,Jonathan Levien,✅ Found to fetch entity
42616,Carlos Herrera,✅ Found to fetch entity
42880,Michael Harvey,✅ Found to fetch entity
43442,Keith Lowe,✅ Found to fetch entity
43528,Bart Wasserman,✅ Found to fetch entity
43667,Cristobal Palma,✅ Found to fetch entity
44162,Josefa Santos,✅ Found to fetch entity
44540,Roddy Bogawa,✅ Found to fetch entity
44874,Thomas Sprechmann,✅ Found to fetch entity
46350,Edwin Middleton,✅ Found to fetch entity
46472,Tony Wright,✅ Found to fetch entity
46483,Ben Kelly,✅ Found to fetch entity
46741,Jessica Rosenkrantz,✅ Found to fetch entity
47067,John Houck,✅ Found to fetch entity
47090,Benjamin Bauer,✅ Found to fetch entity
47257,Gary Anderson,✅ Found to fetch entity
47303,Tom Hingston,✅ Found to fetch entity
47927,Tamás Soós,✅ Found to fetch entity
48559,Hisao Suzuki,✅ Found to fetch entity
48581,Tabor Robak,✅ Found to fetch entity
49103,Antonio Quintana Simonetti,✅ Found to fetch entity
50074,Heiner Reddemann,✅ Found to fetch entity
67563,Eduardo Berliner,✅ Found to fetch entity
67822,Mikhail Dlugach,✅ Found to fetch entity
68043,Uglješa Bogunović,✅ Found to fetch entity
68315,Helmut Rywelski,✅ Found to fetch entity
68343,Svetlana Kana Radević,✅ Found to fetch entity
68784,Bernadette Thompson,✅ Found to fetch entity
74006,Paul Magès,✅ Found to fetch entity
74116,David Storey,✅ Found to fetch entity
74387,Ulrik Heltoft,✅ Found to fetch entity
74565,Kari Miller,✅ Found to fetch entity
74779,Lev Evzovich,✅ Found to fetch entity
131840,Terry Dennett,✅ Found to fetch entity
132135,Ruby Sky Stiler,✅ Found to fetch entity
132160,Victoria Cabezas,✅ Found to fetch entity
132281,American Artist,✅ Found to fetch entity
132341,Sohrab Hura,✅ Found to fetch entity
132372,Cara Romero,✅ Found to fetch entity
132719,Dalton Paula,✅ Found to fetch entity
132888,Marlon Mullen,✅ Found to fetch entity
132998,Althea McNish,✅ Found to fetch entity
134731,Nadja Buttendorf,✅ Found to fetch entity
134790,Gala Porras-Kim,✅ Found to fetch entity
135403,Tarrah Krajnak,✅ Found to fetch entity
136208,Marius Sznajderman,✅ Found to fetch entity
136536,Hans Bruggeman,✅ Found to fetch entity
136619,Juan Pablo Echeverri,✅ Found to fetch entity
137009,John Digby,✅ Found to fetch entity
137042,Peter Wood,✅ Found to fetch entity
137353,Sabelo Mlangeni,✅ Found to fetch entity
138540,Rafael Rivera García,✅ Found to fetch entity
138862,Hoda Afshar,✅ Found to fetch entity
54,Milton Ackoff,✅ Found to fetch entity
89,Edgar Ainsworth,✅ Found to fetch entity
99,Joan Albert,✅ Found to fetch entity
112,José R. Alicea,✅ Found to fetch entity
176,A. Andreas,✅ Found to fetch entity
177,Henning Andreasen,✅ Found to fetch entity
275,Karl Baden,✅ Found to fetch entity
378,John Battan,✅ Found to fetch entity
388,Marilyn Baum,✅ Found to fetch entity
421,Alessandro Becchi,✅ Found to fetch entity
466,C. Whitney Bender,✅ Found to fetch entity
498,Paul Bergtold,✅ Found to fetch entity
510,Camille Bernabé,✅ Found to fetch entity
729,Su Braden,✅ Found to fetch entity
782,L. N. Britton,✅ Found to fetch entity
800,Wendell Brooks,✅ Found to fetch entity
864,Willi Bunkowski,✅ Found to fetch entity
1100,John Chick,✅ Found to fetch entity
1128,Carlo Cisventi,✅ Found to fetch entity
1162,Gerald Coble,✅ Found to fetch entity
1173,Barry Cohen,✅ Found to fetch entity
1285,Douglas Craft,✅ Found to fetch entity
1318,Jason Crum,✅ Found to fetch entity
1380,Bob Danner,✅ Found to fetch entity
1442,J. De Praetre,✅ Found to fetch entity
1454,A. R. de Ycaza,✅ Found to fetch entity
1517,Ernst Deutsch,✅ Found to fetch entity
1658,Ludvik Durchanek,✅ Found to fetch entity
1735,Horace M. Engle,✅ Found to fetch entity
1820,Carlos Faz Caimus,✅ Found to fetch entity
1888,Hella Fischer-Thorer,✅ Found to fetch entity
2031,Emily Fuller,✅ Found to fetch entity
2109,Ronald R. Geibert,✅ Found to fetch entity
2180,Harry Gitlin,✅ Found to fetch entity
2292,Martus Granirer,✅ Found to fetch entity
2311,Wayne Gravning,✅ Found to fetch entity
2522,Cedric Hartman,✅ Found to fetch entity
2531,Jan Hashey,✅ Found to fetch entity
2643,Susumu Higuchi,✅ Found to fetch entity
2729,Bruce Horowitz,✅ Found to fetch entity
2824,Richard W. Ireland,✅ Found to fetch entity
2889,Rudolph Janu,✅ Found to fetch entity
2903,Thomas Jenkins,✅ Found to fetch entity
2985,Sam Kaner,✅ Found to fetch entity
2989,Tim Kantor,✅ Found to fetch entity
2994,Peggy Jarrell Kaplan,✅ Found to fetch entity
3004,Wolf Karnagel,✅ Found to fetch entity
3096,Tchah-Sup Kim,✅ Found to fetch entity
3102,Bruce Anthony King,✅ Found to fetch entity
3182,Karl Koehler,✅ Found to fetch entity
3238,William E. Krallman,✅ Found to fetch entity
3258,Barron Krody,✅ Found to fetch entity
3316,Rainer Küschall,✅ Found to fetch entity
3363,Bengt Landin,✅ Found to fetch entity
3364,Richard W. Landis,✅ Found to fetch entity
3423,Gustavo Lazarini Terradas,✅ Found to fetch entity
3453,Colin Lee,✅ Found to fetch entity
3463,Yoram Lehman,✅ Found to fetch entity
3479,Stanley Lench,✅ Found to fetch entity
3511,Wayne Levin,✅ Found to fetch entity
3578,Jean Locey,✅ Found to fetch entity
3694,Robert Mahon,✅ Found to fetch entity
3917,Waldimiro Melgarejo Muñoz,✅ Found to fetch entity
3929,Wendy Meng,✅ Found to fetch entity
4128,Robert Mottar,✅ Found to fetch entity
4158,Gerd Alfred Müller,✅ Found to fetch entity
4168,Joe Munroe,✅ Found to fetch entity
4188,Isaac Lane Muse,✅ Found to fetch entity
4231,Carlo Nason,✅ Found to fetch entity
4562,Abigail Perlmutter,✅ Found to fetch entity
4636,Ezio Pirali,✅ Found to fetch entity
4674,Dean Pollock,✅ Found to fetch entity
4771,Herb Quick,✅ Found to fetch entity
4861,Nancy Reitkopf,✅ Found to fetch entity
4898,Burton Rice,✅ Found to fetch entity
5031,Merg Ross,✅ Found to fetch entity
5107,Deli Sacilotto,✅ Found to fetch entity
5125,Steve Salmieri,✅ Found to fetch entity
5169,Enrico Sarsini,✅ Found to fetch entity
5170,Takao Sasai,✅ Found to fetch entity
5248,Martin Schneider,✅ Found to fetch entity
5291,Emma Gismondi Schweinberger,✅ Found to fetch entity
5377,John Shaw,✅ Found to fetch entity
5379,Robert Shaw,✅ Found to fetch entity
5380,Susan Shaw,✅ Found to fetch entity
5577,Carlos Maria Miguel Squirru,✅ Found to fetch entity
8,pop art,is found in movements table
8,5577,is added in human_movement table
8,5577,is found in human_movement table
5585,Erich Walter Stadler,✅ Found to fetch entity
5605,Larry Stark,✅ Found to fetch entity
5782,Takahama Kazuhide,✅ Found to fetch entity
5925,Steven Trefonides,✅ Found to fetch entity
6051,Roger Vail,✅ Found to fetch entity
6138,Kurt Versen,✅ Found to fetch entity
6167,René Vincent,✅ Found to fetch entity
6241,Jim Ward,✅ Found to fetch entity
6286,Helen Joy Weinberg,✅ Found to fetch entity
6333,Dennis Wheeler,✅ Found to fetch entity
6359,Don Wight,✅ Found to fetch entity
6412,Francis Wishart,✅ Found to fetch entity
6449,Hal Woolf,✅ Found to fetch entity
6523,Thomas Young,✅ Found to fetch entity
6594,Werner Zyrd,✅ Found to fetch entity
6652,Emilio Malenotti,✅ Found to fetch entity
6918,Vincent Alan W,✅ Found to fetch entity
6981,H. Scott Orr,✅ Found to fetch entity
7060,Margaret Lanzetta,✅ Found to fetch entity
7091,Dennis Thomas,✅ Found to fetch entity
7092,Day Gleeson,✅ Found to fetch entity
7164,Corrado Aroldi,✅ Found to fetch entity
7195,Michael Alan Cousins,✅ Found to fetch entity
7200,Torsten Thorup,✅ Found to fetch entity
7204,Hap Sakwa,✅ Found to fetch entity
7214,Umberto Orsoni,✅ Found to fetch entity
7216,Gianfranco Facchetti,✅ Found to fetch entity
7220,John Lonczak,✅ Found to fetch entity
7242,Kari Virtanen,✅ Found to fetch entity
7388,Matthew Abbott,✅ Found to fetch entity
7429,Vijay Kumar,✅ Found to fetch entity
7516,Malcolm Sayer,✅ Found to fetch entity
7517,Cyan,✅ Found to fetch entity
7579,Ron Steiner,✅ Found to fetch entity
7598,Bent Hedegaard Nobert,✅ Found to fetch entity
7657,Gabrielle Russomagno,✅ Found to fetch entity
7659,Herman Schervee,✅ Found to fetch entity
7705,Frank Sellitto,✅ Found to fetch entity
7998,Lyn Godley,✅ Found to fetch entity
8020,Takeshi Ishiguro,✅ Found to fetch entity
8037,Giorgio Gurioli,✅ Found to fetch entity
8038,Francesco Scansetti,✅ Found to fetch entity
8046,Luba Lukova,✅ Found to fetch entity
8138,Charles Norman Sladen,✅ Found to fetch entity
8228,Alessandro Poli,✅ Found to fetch entity
8318,Jeannette Ducrocq Tanguy,✅ Found to fetch entity
8335,Victor Ancona,✅ Found to fetch entity
8340,Winfried Holtz,✅ Found to fetch entity
8391,Wilhelm Friedrich Bürger,✅ Found to fetch entity
8652,Curt Richter,✅ Found to fetch entity
8653,Carlo Mazzeri,✅ Found to fetch entity
8682,Sergio Berizzi,✅ Found to fetch entity
8845,Jacob Kohn,✅ Found to fetch entity
8933,Yushi Uehara,✅ Found to fetch entity
12727,Naum Granovskii,✅ Found to fetch entity
19042,Chris Mason,✅ Found to fetch entity
22825,Art Zaaijer,✅ Found to fetch entity
22876,Sean Keller,✅ Found to fetch entity
23858,Sergei Romanovich,✅ Found to fetch entity
24126,Moisei Fradkin,✅ Found to fetch entity
25430,Jason Middlebrook,✅ Found to fetch entity
26158,Wolfram Peters,✅ Found to fetch entity
26215,Susan Hambleton,✅ Found to fetch entity
26965,Hermann Steiner,✅ Found to fetch entity
27057,Hymen Lipman,✅ Found to fetch entity
27149,Hideo Kanbara,✅ Found to fetch entity
27243,D-L Alvarez,✅ Found to fetch entity
27259,Lindy Roy,✅ Found to fetch entity
27732,Cindy van den Bremen,✅ Found to fetch entity
27792,Martín Ruiz de Azúa,✅ Found to fetch entity
27944,Duncan Turner,✅ Found to fetch entity
28229,Naúl Ojeda,✅ Found to fetch entity
28285,Helen Marden,✅ Found to fetch entity
28592,Bjorn Copeland,✅ Found to fetch entity
28627,Ingeborg Gabriel,✅ Found to fetch entity
28629,Amy Gartrell,✅ Found to fetch entity
28682,Philip Knoll,✅ Found to fetch entity
28691,Marie Luise Lebschik,✅ Found to fetch entity
28709,Carey Maxon,✅ Found to fetch entity
28755,Jenny Perlin,✅ Found to fetch entity
28758,Ara Peterson,✅ Found to fetch entity
28760,Jerry Phillips,✅ Found to fetch entity
28832,Josephine Taylor,✅ Found to fetch entity
28841,Chris Vasell,✅ Found to fetch entity
29220,Bjørn Refsum,✅ Found to fetch entity
29625,Oliver Michaels,✅ Found to fetch entity
29918,Noriko Furunishi,✅ Found to fetch entity
30755,Gottlieb Soland,✅ Found to fetch entity
30964,Marek Kozera,✅ Found to fetch entity
30973,Vincent Leow,✅ Found to fetch entity
31015,Kerim Ragimov,✅ Found to fetch entity
31364,Magda Tothova,✅ Found to fetch entity
31369,Julia Seyr,✅ Found to fetch entity
32133,Shaun O'Dell,✅ Found to fetch entity
32905,Daria Esteva,✅ Found to fetch entity
33143,Lisa Strausfeld,✅ Found to fetch entity
33191,Theo Watson,✅ Found to fetch entity
33201,Colin Bulthaup,✅ Found to fetch entity
33245,Nicolas Roope,✅ Found to fetch entity
33370,Christopher Blizzard,✅ Found to fetch entity
33751,Will Duke,✅ Found to fetch entity
34802,John Evan Hughes,✅ Found to fetch entity
34813,Angel Velasco Shaw,✅ Found to fetch entity
34827,Chen Jue,✅ Found to fetch entity
34849,Helen De Michiel,✅ Found to fetch entity
35282,Seher Shah,✅ Found to fetch entity
35455,Bob Snyder,✅ Found to fetch entity
35479,Deanna Kamiel,✅ Found to fetch entity
35485,Doug Hall,✅ Found to fetch entity
35501,Edward Rankus,✅ Found to fetch entity
35532,Julie Gustafson,✅ Found to fetch entity
35630,Tim Hope,✅ Found to fetch entity
35898,Jorre van Ast,✅ Found to fetch entity
35907,Eder Santos,✅ Found to fetch entity
36511,Shay Alkalay,✅ Found to fetch entity
37287,Prospère Henry,✅ Found to fetch entity
37338,Stephan Van Dam,✅ Found to fetch entity
37712,Axel Schmid,✅ Found to fetch entity
37913,Pietro Gigli,✅ Found to fetch entity
38037,Enrico Imoda,✅ Found to fetch entity
38207,Sthembiso Sibisi,✅ Found to fetch entity
38551,Rafael Ortega,✅ Found to fetch entity
38639,William D. Murphy,✅ Found to fetch entity
38865,Revital Cohen,✅ Found to fetch entity
38942,Peter Hassmann,✅ Found to fetch entity
39576,Erik Hersman,✅ Found to fetch entity
39612,Douglas Easterly,✅ Found to fetch entity
39740,Robert Faludi,✅ Found to fetch entity
40054,Theo Doro (Théodore Pfeifer),✅ Found to fetch entity
40461,John Cavanaugh,✅ Found to fetch entity
41314,Gene Greif,✅ Found to fetch entity
41318,Andy Vella,✅ Found to fetch entity
41392,Rolf Tillmann,✅ Found to fetch entity
41448,Jesse Goldstein,✅ Found to fetch entity
41621,John Karidis,✅ Found to fetch entity
42611,José Guillermo Castillo,✅ Found to fetch entity
43437,Ronnie Goodman,✅ Found to fetch entity
43687,Vitale Bramani,✅ Found to fetch entity
44886,Tuur Van Balen,✅ Found to fetch entity
44959,Miguel Cruchaga Belaúnde,✅ Found to fetch entity
45354,Federico Guillermo Beckhoff,✅ Found to fetch entity
45530,Paul Kaiser,✅ Found to fetch entity
46144,Stephen Malinowski,✅ Found to fetch entity
46788,Ernie Cefalu,✅ Found to fetch entity
46866,David McMahon,✅ Found to fetch entity
47265,Andrzej Karpiński,✅ Found to fetch entity
47378,Gerard Huerta,✅ Found to fetch entity
47554,Rosemberg Sandoval,✅ Found to fetch entity
47578,Patterson Beckwith,✅ Found to fetch entity
47923,Terrol Dew Johnson,✅ Found to fetch entity
47928,György Szász,✅ Found to fetch entity
48011,Mario Gallardo,✅ Found to fetch entity
48361,Michael Bell,✅ Found to fetch entity
48578,François Blanciak,✅ Found to fetch entity
48745,Jean-Claude Moineau,✅ Found to fetch entity
48788,Marian Mahler,✅ Found to fetch entity
48790,Barbara Brown,✅ Found to fetch entity
49734,Mark Lee,✅ Found to fetch entity
49951,Janko Konstantinov,❌ Failed to fetch entity
68050,Aleksandar Stjepanović,✅ Found to fetch entity
68051,Božidar Janković,✅ Found to fetch entity
68176,Martirene Alcántara,✅ Found to fetch entity
68232,B. Ingrid Olson,✅ Found to fetch entity
68380,Sam Contis,✅ Found to fetch entity
69493,Monika Correa,✅ Found to fetch entity
69816,K-Rob,✅ Found to fetch entity
69847,Jennifer Hackshaw,✅ Found to fetch entity
70011,Zhang Ke,✅ Found to fetch entity
74357,Facundo de Zuviría,✅ Found to fetch entity
74425,Franjo Neidhardt,✅ Found to fetch entity
74775,Mikhail Belov,✅ Found to fetch entity
75064,Benjamin Bowden,✅ Found to fetch entity
84166,Louis Berger,✅ Found to fetch entity
103230,Jonathan Calm,✅ Found to fetch entity
133557,Xu Tiantian,✅ Found to fetch entity
133729,Stanley Wolukau-Wanambwa,✅ Found to fetch entity
134390,Louis Fratino,✅ Found to fetch entity
135271,Martine Gutierrez,✅ Found to fetch entity
136050,Stefen Chow,✅ Found to fetch entity
137141,Syeus Mottel,✅ Found to fetch entity
137780,Enzo Camacho,✅ Found to fetch entity
138382,Nobuo Abe,✅ Found to fetch entity
138858,Anastasia Samoylova,✅ Found to fetch entity
13,José Arellano Fischer,✅ Found to fetch entity
94,Munira Al-Kazi,✅ Found to fetch entity
160,Karin Schou Andersen,✅ Found to fetch entity
290,Larry Bair,✅ Found to fetch entity
319,Thomas Bamberger,✅ Found to fetch entity
358,Robert Bartlett,✅ Found to fetch entity
579,Dolores Dembus Bittleman,✅ Found to fetch entity
963,Luis B. Caputo Demarco,✅ Found to fetch entity
976,Richard Carlson,✅ Found to fetch entity
1019,Herbert Carroll Cassill,✅ Found to fetch entity
1120,John W. Church,✅ Found to fetch entity
1123,Michael Ciavolino,✅ Found to fetch entity
1281,Robert Cowan,✅ Found to fetch entity
1383,Avery Coffey Danziger,✅ Found to fetch entity
1476,George Delany,✅ Found to fetch entity
1522,Umberto di Lazzaro,✅ Found to fetch entity
1614,Roy R. Drasites,✅ Found to fetch entity
1668,Mario Dyyon,✅ Found to fetch entity
1769,Karen Eubel,✅ Found to fetch entity
1809,Dwain Faubion,✅ Found to fetch entity
1849,George J. Fenwick,✅ Found to fetch entity
1897,Stanley Fisher,✅ Found to fetch entity
1947,Gerhard Forster,✅ Found to fetch entity
1983,Arthur Freed,✅ Found to fetch entity
2011,Hartmut Friedrich,✅ Found to fetch entity
2066,David Gammon,✅ Found to fetch entity
2078,Lyn Gardiner,✅ Found to fetch entity
2226,Juan Gómez-Quiroz,✅ Found to fetch entity
2248,Harry Gordon,✅ Found to fetch entity
2285,Lanier Graham,✅ Found to fetch entity
2314,Larry Gray,✅ Found to fetch entity
2318,Green,✅ Found to fetch entity
2335,Otto L. Grever,✅ Found to fetch entity
2385,Nancy Guay Giesberger,✅ Found to fetch entity
2462,Bob Hall,✅ Found to fetch entity
2551,Kirsten Hawthorne,✅ Found to fetch entity
2567,Caroline Hebbe-Hammarskiold,✅ Found to fetch entity
2571,Jon Hedu,✅ Found to fetch entity
2618,Luis Herrera Guevara,✅ Found to fetch entity
2634,Kenneth Hiebert,✅ Found to fetch entity
2635,Higa Yoshiharu,✅ Found to fetch entity
2662,Randal Richard Hinz,✅ Found to fetch entity
2672,Terry Hirst,✅ Found to fetch entity
2690,Lee Hoffman,✅ Found to fetch entity
2691,Lilly E. Hoffman,✅ Found to fetch entity
2707,Gordon Holler,✅ Found to fetch entity
2708,Torben Holmback,✅ Found to fetch entity
2777,Gene Hurwitt,✅ Found to fetch entity
2785,Garth Huxtable,✅ Found to fetch entity
2864,David Jacob,✅ Found to fetch entity
2867,Aldo Jacober,✅ Found to fetch entity
2891,Richards Jarden,✅ Found to fetch entity
3052,Sherman L. Kelly,✅ Found to fetch entity
3061,Gene Kennedy,✅ Found to fetch entity
3081,Henry Khudyakov,✅ Found to fetch entity
3112,Yasuhiro Kira,✅ Found to fetch entity
3163,Karla Knight,✅ Found to fetch entity
3211,Akira Kono,✅ Found to fetch entity
3252,Paul Smith,✅ Found to fetch entity
3371,Helmut Lang,✅ Found to fetch entity
3398,Siegfried Laske,✅ Found to fetch entity
3483,Candice Lenney,✅ Found to fetch entity
3510,Robert Levin,✅ Found to fetch entity
3693,William Maguire,✅ Found to fetch entity
3798,Eugene Martinez,✅ Found to fetch entity
3953,Tommy Mew,✅ Found to fetch entity
3981,Pedro Millar,✅ Found to fetch entity
4102,George Morris,✅ Found to fetch entity
4110,Andrew Morrison,✅ Found to fetch entity
4129,Deborah de Moulpied,✅ Found to fetch entity
4174,Reiko Tanabe,✅ Found to fetch entity
4259,Robert A. Nelson,✅ Found to fetch entity
4291,Herbert B. Nichols,✅ Found to fetch entity
4317,Anthony Nobile,✅ Found to fetch entity
4387,Rikuro Okamoto,✅ Found to fetch entity
4425,Alicia Orlandi,✅ Found to fetch entity
4467,Patrick D. Pagnano,✅ Found to fetch entity
4523,Tony Paul,✅ Found to fetch entity
4623,David Pilbrow,✅ Found to fetch entity
4627,Adão Pinheiro,✅ Found to fetch entity
4653,Dimitri Petrovich Plavinsky,✅ Found to fetch entity
4699,Bruce Porter,✅ Found to fetch entity
4736,Zigmunds Priede,✅ Found to fetch entity
4743,Leah De Prizio,✅ Found to fetch entity
4753,Arthur Pulos,✅ Found to fetch entity
4802,Alfonso Ramirez Fajardo,✅ Found to fetch entity
4816,Umberto Raponi,✅ Found to fetch entity
4916,John Rieben,✅ Found to fetch entity
4936,Murray Riss,✅ Found to fetch entity
4951,David Robbins,✅ Found to fetch entity
5186,Tad Savinar,✅ Found to fetch entity
5213,Chris Schiavo,✅ Found to fetch entity
5261,Philipp Scholz Rittermann,✅ Found to fetch entity
5278,Esti Schur,✅ Found to fetch entity
5310,James A. Sebastian,✅ Found to fetch entity
5394,James Sherwood,✅ Found to fetch entity
5459,Harold Sitterle,✅ Found to fetch entity
5475,Neal Small,✅ Found to fetch entity
5647,David Stephenson,✅ Found to fetch entity
5701,Ian Stuart,✅ Found to fetch entity
5808,Jorge Tapia,✅ Found to fetch entity
5921,Neil Trager,✅ Found to fetch entity
5939,David Trowbridge,✅ Found to fetch entity
5955,Tokiyoshi Tsubouchi,✅ Found to fetch entity
5958,Tsuchiya Rakusan,✅ Found to fetch entity
5959,Akihiko Tsukamoto,✅ Found to fetch entity
5992,Richard Tyler,✅ Found to fetch entity
6035,José Urbach,✅ Found to fetch entity
6066,Philip Van Aver,✅ Found to fetch entity
6126,Ruth Velissaratos,✅ Found to fetch entity
6203,Theodore Waddell,✅ Found to fetch entity
6209,John F. Waggaman,✅ Found to fetch entity
6216,Robert Walch,✅ Found to fetch entity
6233,Bernard Walsh,✅ Found to fetch entity
6321,Timothy West,✅ Found to fetch entity
6346,Walter Whitehead,✅ Found to fetch entity
6375,Casey Williams,✅ Found to fetch entity
6389,Michael Wilson,✅ Found to fetch entity
6393,David Wing,✅ Found to fetch entity
6420,Johann Loetz,✅ Found to fetch entity
6427,Arne Wolf,✅ Found to fetch entity
6504,Yoshi,✅ Found to fetch entity
6510,Yoshio Yoshida,✅ Found to fetch entity
6585,Marco Zotta,✅ Found to fetch entity
6612,Sam Lucente,✅ Found to fetch entity
6752,Jean Margolin,✅ Found to fetch entity
6797,Ned Truss,✅ Found to fetch entity
6802,John Lange,✅ Found to fetch entity
6919,Boris Yaro,✅ Found to fetch entity
6932,Priscilla T. Forthman,✅ Found to fetch entity
6936,David Bush,✅ Found to fetch entity
6939,Michael Zimmerman,✅ Found to fetch entity
6947,Peter Moser,✅ Found to fetch entity
6985,Robert Aller,✅ Found to fetch entity
7012,Esther Parada,✅ Found to fetch entity
7040,Barbel Scianghetti,✅ Found to fetch entity
7046,Peter Cohen,✅ Found to fetch entity
7071,Gary Essert,✅ Found to fetch entity
7097,Betzaida Concepción,✅ Found to fetch entity
7100,Red David Rodriguez,✅ Found to fetch entity
7107,Walter Sipser,✅ Found to fetch entity
7150,Flemming Bo Hansen,✅ Found to fetch entity
7155,Patricia Dalzell,✅ Found to fetch entity
7203,Norbert Schlagheck,✅ Found to fetch entity
7213,Roberto Ubaldi,✅ Found to fetch entity
7221,Roald Steen Hansen,✅ Found to fetch entity
7245,Giuseppe Pensotti,✅ Found to fetch entity
7402,Jerry Manock,✅ Found to fetch entity
7445,Johann Loetz,✅ Found to fetch entity
7507,Eiji Miyamoto,✅ Found to fetch entity
7595,David Moreno,✅ Found to fetch entity
7600,Carlos Riart,✅ Found to fetch entity
7649,Per Bernsten,✅ Found to fetch entity
7703,Margaret Moulton,✅ Found to fetch entity
7858,Juha Kaakko,✅ Found to fetch entity
7860,Jari Tirkkonen,✅ Found to fetch entity
7861,Ilkka Laine,✅ Found to fetch entity
8008,Claudio Cesar,✅ Found to fetch entity
8010,Bob Evans,✅ Found to fetch entity
8031,Marc Sadler,✅ Found to fetch entity
8136,Charles Spurrier,✅ Found to fetch entity
8179,Luc Reuse,✅ Found to fetch entity
8322,Georgy Khomzor,✅ Found to fetch entity
8343,Heinz Lippert,✅ Found to fetch entity
8360,Leonard Cusden,✅ Found to fetch entity
8415,Carl Jacobs,✅ Found to fetch entity
8430,Cesare Casati,✅ Found to fetch entity
8468,Estella Conwill Majozo,✅ Found to fetch entity
8584,Richard Rothman,✅ Found to fetch entity
8615,Henry Ruschin,✅ Found to fetch entity
8691,Michio Arai,✅ Found to fetch entity
8698,Giovanni Bassi,✅ Found to fetch entity
9259,"Ekco Products Co., Chicago, IL",✅ Found to fetch entity
9550,"W.R. Case & Sons Cutlery Co., Bradford, PA",✅ Found to fetch entity
13024,John Godfrey,✅ Found to fetch entity
13206,Graeme Murray,✅ Found to fetch entity
18376,Kenneth J. Germeshausen,✅ Found to fetch entity
19529,Felix Harlan,✅ Found to fetch entity
19660,Annette Rosado,✅ Found to fetch entity
19661,José Parissi,✅ Found to fetch entity
19662,George Garces,✅ Found to fetch entity
20631,Larry Mantello,✅ Found to fetch entity
22713,James Rosen,✅ Found to fetch entity
22739,David Jeffrey,✅ Found to fetch entity
22830,Christophe Cornubert,✅ Found to fetch entity
23052,Anthony Maglica,✅ Found to fetch entity
23267,Yuh Okano,✅ Found to fetch entity
23300,Aleksandr Andreev,✅ Found to fetch entity
23316,Aleksandr Iakovlev,✅ Found to fetch entity
23417,Robert Delgado,✅ Found to fetch entity
23418,Richard Lulo,✅ Found to fetch entity
24638,Nina Ivanova,✅ Found to fetch entity
24877,Charles Corte,✅ Found to fetch entity
26650,Charles Currey,✅ Found to fetch entity
26737,Todd Greene,✅ Found to fetch entity
26808,Giorgio DeCurso,✅ Found to fetch entity
26934,Nick Schade,✅ Found to fetch entity
27003,Noel Zeller,✅ Found to fetch entity
27163,Kendra Ferguson,✅ Found to fetch entity
27503,Alan Herman,✅ Found to fetch entity
27879,Hill Jephson Robb,✅ Found to fetch entity
27953,Jan Marcussen,✅ Found to fetch entity
27997,Deborah Adler,✅ Found to fetch entity
28075,Bernard William Hanning,✅ Found to fetch entity
28086,Stephan Augustin,✅ Found to fetch entity
28168,Lionel Theodore Dean,✅ Found to fetch entity
28196,Sandile Goje,✅ Found to fetch entity
28216,Nomathemba Tana,✅ Found to fetch entity
28230,Robert Siwangaza,✅ Found to fetch entity
28575,Alex Brown,✅ Found to fetch entity
28587,Chivas Clem,✅ Found to fetch entity
28661,John Hodany,✅ Found to fetch entity
28667,Shelby Hughes,✅ Found to fetch entity
28693,Charlene Liu,✅ Found to fetch entity
28699,Michael Magnan,✅ Found to fetch entity
28743,David Opdyke,✅ Found to fetch entity
28786,Mamoru Sakagawa,✅ Found to fetch entity
28792,David Scher,✅ Found to fetch entity
28794,Mathias Schmied,✅ Found to fetch entity
28801,Randall Sellers,✅ Found to fetch entity
28929,Manuel Saez,✅ Found to fetch entity
28994,David Webster,✅ Found to fetch entity
29507,Andrew Burroughs,✅ Found to fetch entity
29535,Colin Williams,✅ Found to fetch entity
29641,Eliana Gerotto,✅ Found to fetch entity
30202,Yaron Leshem,✅ Found to fetch entity
30612,Chris Miner,✅ Found to fetch entity
30705,Luisa Cevese Riedizioni,✅ Found to fetch entity
30751,Patrick Jolley,✅ Found to fetch entity
30918,Richard Gordon,✅ Found to fetch entity
30939,Richard Hoeck,✅ Found to fetch entity
30950,Daniel Jewesbury,✅ Found to fetch entity
31330,Ellen Moffat,✅ Found to fetch entity
31431,Jeroen Verhoeven,✅ Found to fetch entity
31613,Alexander Taylor,✅ Found to fetch entity
32138,Glen Baldridge,✅ Found to fetch entity
32189,Dan Boord,✅ Found to fetch entity
32627,Steven B. Smith,✅ Found to fetch entity
33069,Nhem Ein,✅ Found to fetch entity
33129,Barrett Lyon,✅ Found to fetch entity
33145,Christian Marc Schmidt,✅ Found to fetch entity
33200,Bret Recor,✅ Found to fetch entity
33655,H.H. Blakesly,✅ Found to fetch entity
33760,Vuyile Voyiya,✅ Found to fetch entity
33812,Charles Nkosi,✅ Found to fetch entity
33830,Georgianna Stout,✅ Found to fetch entity
33849,Albin Johnson,✅ Found to fetch entity
34217,Peter Haythornthwaite,✅ Found to fetch entity
34818,Ayumi Shino,✅ Found to fetch entity
34833,David Hogan,✅ Found to fetch entity
34848,Greg Durbin,✅ Found to fetch entity
34853,Jane Veeder,✅ Found to fetch entity
34872,Mao Kawaguchi,✅ Found to fetch entity
34896,Ralph Hocking,✅ Found to fetch entity
34907,Shi Jian,✅ Found to fetch entity
34910,Skip Sweeney,✅ Found to fetch entity
35270,Yui Kugimiya,✅ Found to fetch entity
35463,Cara DeVito,✅ Found to fetch entity
35526,Jeanette Reinhardt,✅ Found to fetch entity
35543,Klaudia Kemper,✅ Found to fetch entity
35552,Liang Yue,✅ Found to fetch entity
35587,Nobuhiro Kawanaka,✅ Found to fetch entity
35593,Bill Bradbury,✅ Found to fetch entity
35611,Roman Maskalev,✅ Found to fetch entity
35733,German Bobe,✅ Found to fetch entity
35850,Elias Hjörleifsson,✅ Found to fetch entity
35873,Clemens Weisshaar,✅ Found to fetch entity
35914,Manuel Manzano,✅ Found to fetch entity
36070,Dean Lubensky,✅ Found to fetch entity
36123,Moris (Israel Meza Moreno),✅ Found to fetch entity
37000,Jeff Berner,✅ Found to fetch entity
37289,Barbara Moore,✅ Found to fetch entity
38158,Jacob Gayer,✅ Found to fetch entity
38192,Alex Flett,✅ Found to fetch entity
38213,Mduduzi Xakaza,✅ Found to fetch entity
38246,Ernestine White,✅ Found to fetch entity
38263,Virgilio Forchiassin,✅ Found to fetch entity
38921,Emiliano Godoy,✅ Found to fetch entity
39112,Kacie Kinzer,✅ Found to fetch entity
39306,Julien Devaux,✅ Found to fetch entity
39361,Gloria Caranica,✅ Found to fetch entity
39562,Zach Adams,✅ Found to fetch entity
39637,Gary Bigot,✅ Found to fetch entity
40397,Hans Joachim Dietrich,✅ Found to fetch entity
41154,Wilhelm Schuler,✅ Found to fetch entity
41164,Erich Goldbaum,✅ Found to fetch entity
41201,Arthur Goetz,✅ Found to fetch entity
42011,Bernhard Höke,✅ Found to fetch entity
42208,Edwin Locke,✅ Found to fetch entity
42757,Miguel Hidalgo,✅ Found to fetch entity
43693,Dave Theurer,✅ Found to fetch entity
44161,Javier Sánchez Gómez,✅ Found to fetch entity
44542,Tim Ferguson Sauder,✅ Found to fetch entity
44598,Jens Eilstrup Rasmussen,✅ Found to fetch entity
44774,Edi Hirose,✅ Found to fetch entity
44873,Ramiro Bascans,✅ Found to fetch entity
44954,Miguel Rodrigo Mazuré,✅ Found to fetch entity
45461,Jakub Szczęsny,✅ Found to fetch entity
45592,Sofía von Ellrichshausen,✅ Found to fetch entity
45982,José Carlos Martinat,✅ Found to fetch entity
46213,Eric Rosenbaum,✅ Found to fetch entity
46529,Joseph Pleass,✅ Found to fetch entity
46742,Jesse Louis-Rosenberg,✅ Found to fetch entity
46862,Paul McMahon,✅ Found to fetch entity
46874,Joe Colley,✅ Found to fetch entity
47362,Andrea Klein,✅ Found to fetch entity
47650,Alejandro Cohen,✅ Found to fetch entity
47886,Lionel Maunz,✅ Found to fetch entity
48226,Željko Stojanović,✅ Found to fetch entity
49344,Paulo Pires da Silva,✅ Found to fetch entity
49367,Melvin Mills,✅ Found to fetch entity
49369,Calvin Wilson,✅ Found to fetch entity
49495,Joshua White,✅ Found to fetch entity
49597,Ivo Ferreira da Silva,✅ Found to fetch entity
49733,Sharon Johnston,✅ Found to fetch entity
61633,Milton Weiner,✅ Found to fetch entity
66807,Charles A. Arnold Jr.,✅ Found to fetch entity
67783,Frazer Dougherty,✅ Found to fetch entity
67856,Zhijun Wang,✅ Found to fetch entity
68676,Andrzej Steinbach,✅ Found to fetch entity
68837,Giancarlo Zanatta,✅ Found to fetch entity
69857,Jean Chopin,✅ Found to fetch entity
74199,Park Hyunki,✅ Found to fetch entity
74479,Martha Tuttle,✅ Found to fetch entity
74539,Jorge Ortiz,✅ Found to fetch entity
74551,Elle Pérez,✅ Found to fetch entity
75581,Tosh Matsumoto,✅ Found to fetch entity
131770,Farah Al Qasimi,✅ Found to fetch entity
132163,Vladan Joler,✅ Found to fetch entity
133357,Lu Wenyu,✅ Found to fetch entity
133429,Arlington Nelson Lindenmuth,✅ Found to fetch entity
134077,Randy Williams,✅ Found to fetch entity
135441,Olivier van Herpt,✅ Found to fetch entity
136594,Alexandre Estrela,✅ Found to fetch entity
137034,Gustavo Ramos Rivera,✅ Found to fetch entity
137035,Virginia Cox,✅ Found to fetch entity
138494,Ficre Ghebreyesus,✅ Found to fetch entity
24,Donald Ashcraft,✅ Found to fetch entity
26,Göran Åslin,✅ Found to fetch entity
81,Kathleen Agnoli,✅ Found to fetch entity
126,Henry Altchek,✅ Found to fetch entity
157,Stephen Ancona,✅ Found to fetch entity
166,Jerry Anderson,✅ Found to fetch entity
168,Neil Anderson,✅ Found to fetch entity
170,Monika Andersson,✅ Found to fetch entity
270,Olof Backman,✅ Found to fetch entity
315,Alexander Bally,✅ Found to fetch entity
320,McDonald (Mackey Jeffries) Bane,✅ Found to fetch entity
368,Mati Basis,✅ Found to fetch entity
423,Thelma Becherer,✅ Found to fetch entity
459,Antoli Pawlowitsch Belski,✅ Found to fetch entity
467,Niels Sylvester Bendtsen,✅ Found to fetch entity
481,David Bentley,✅ Found to fetch entity
536,Alan Randall Best,✅ Found to fetch entity
644,Richard Boix,✅ Found to fetch entity
671,Fabio Bonzi,✅ Found to fetch entity
739,Hans Brand,✅ Found to fetch entity
742,Robert Brandwein,✅ Found to fetch entity
791,Stephen Brody,✅ Found to fetch entity
810,Ray Brown,✅ Found to fetch entity
817,Kenneth Brozen,✅ Found to fetch entity
832,Norman Bruns,✅ Found to fetch entity
841,Erich Buchegger,✅ Found to fetch entity
881,Joseph Burnett,✅ Found to fetch entity
911,Deborah Fleming Caffery,✅ Found to fetch entity
923,Dale R. Caldwell,✅ Found to fetch entity
937,Nickie Campbell,✅ Found to fetch entity
981,John William Carnell,✅ Found to fetch entity
996,Patricia Jon Carroll,✅ Found to fetch entity
999,Paul Carter,✅ Found to fetch entity
1068,Linda Chapman,✅ Found to fetch entity
1095,Michael Chernyshov,✅ Found to fetch entity
1140,Cléanthe (Cléante Carr),✅ Found to fetch entity
1157,John Timothy Close,✅ Found to fetch entity
1232,Frederick George Cooper,✅ Found to fetch entity
1241,Al Corchia,✅ Found to fetch entity
1250,Hector Coronado,✅ Found to fetch entity
1255,Gloria Cortella,✅ Found to fetch entity
1330,Robert Cumming,✅ Found to fetch entity
1334,John Timothy Curran,✅ Found to fetch entity
1335,Anthony Currell,✅ Found to fetch entity
1386,Pan Daqiang,✅ Found to fetch entity
1399,Hal Davidson,✅ Found to fetch entity
1462,Robert J. Debrey,✅ Found to fetch entity
1555,Wes Disney,✅ Found to fetch entity
1571,Wesley Coe Doherty,✅ Found to fetch entity
1593,Mary Ann Dorr,✅ Found to fetch entity
1626,Aleksandr Vasilevich Druzhkov,✅ Found to fetch entity
1656,Sylvain Durand,✅ Found to fetch entity
1661,Stephen Durkee,✅ Found to fetch entity
1666,Suzanne R. Dworsky,✅ Found to fetch entity
1674,José Echavé,✅ Found to fetch entity
1682,Leonard Edmonson,✅ Found to fetch entity
1692,Shyu Eguchi,✅ Found to fetch entity
1699,Horst Eigen,✅ Found to fetch entity
1706,Chester Eisenhuth,✅ Found to fetch entity
1762,Bud Esry,✅ Found to fetch entity
1783,Juanita (Jean) Exley,✅ Found to fetch entity
1795,James (Arthur) Fallon,✅ Found to fetch entity
1819,John Fawcett,✅ Found to fetch entity
1829,Idelle L. Feinberg,✅ Found to fetch entity
1845,Jonas J. Fendell,✅ Found to fetch entity
1875,Harvey J. Finison,✅ Found to fetch entity
1887,Fritz Fischer-Nosbisch,✅ Found to fetch entity
1895,Dean L. Fisher,✅ Found to fetch entity
1954,Steven D. Foster,✅ Found to fetch entity
1961,Richard Alan Fox,✅ Found to fetch entity
1964,Mercedes Franchini,✅ Found to fetch entity
1970,Huguette Franco,✅ Found to fetch entity
1986,John Freeman,✅ Found to fetch entity
2006,Julius K. Friedman,✅ Found to fetch entity
2008,Robert N. Friedman,✅ Found to fetch entity
2034,Barbara E. Fumagalli,✅ Found to fetch entity
2040,Simon Fussell,✅ Found to fetch entity
2113,Udo M. Geissler,✅ Found to fetch entity
2144,Umberto Giangrandi,✅ Found to fetch entity
2183,Allan Gittler (Avraham Bar Rashi),✅ Found to fetch entity
2205,Giuseppe de Goetzen,✅ Found to fetch entity
2216,Raphael Goldchain,✅ Found to fetch entity
2270,Robert P. Gottlieb,✅ Found to fetch entity
2275,Roy Grace,✅ Found to fetch entity
2282,David Marshall Graham,✅ Found to fetch entity
2289,Carlos Granada,✅ Found to fetch entity
2333,Robert Gretczko,✅ Found to fetch entity
2339,John Griffiths,✅ Found to fetch entity
2343,William Grigsby,✅ Found to fetch entity
2346,Dimitri Grinevich,✅ Found to fetch entity
2437,Reinhold Häcker,✅ Found to fetch entity
2447,Charles Hagen,✅ Found to fetch entity
2449,Hideoki Hagiwara,✅ Found to fetch entity
2478,Peter Hamburger,✅ Found to fetch entity
2480,James Hamilton,✅ Found to fetch entity
2490,Aage Helbig Hansen,✅ Found to fetch entity
2541,Suzanne Hausammann,✅ Found to fetch entity
2548,Elizabeth King Hawley,✅ Found to fetch entity
2641,Ernest C. Higgins,✅ Found to fetch entity
2674,Erik Hjorth,✅ Found to fetch entity
2688,Arlene Hoffman,✅ Found to fetch entity
2692,Phillip W. Hoffman,✅ Found to fetch entity
2699,Christopher Martin Hofstetter,✅ Found to fetch entity
2711,Robert Holmgren,✅ Found to fetch entity
2716,David Holzman,✅ Found to fetch entity
2728,Barbara Horosko,✅ Found to fetch entity
2770,John Hunter,✅ Found to fetch entity
2813,Anthony Ingolia,✅ Found to fetch entity
2848,Koji Iwagami,✅ Found to fetch entity
2883,Tony Jannetti,✅ Found to fetch entity
2966,Richard Kahn,✅ Found to fetch entity
2970,Viaceslav Kalinin,✅ Found to fetch entity
2975,Takahisa Kamijyo,✅ Found to fetch entity
3025,Willy Kaufmann,✅ Found to fetch entity
3046,Jean Kellogg,✅ Found to fetch entity
3076,Mar Jean Kettunen,✅ Found to fetch entity
3138,Richard Kleinberg,✅ Found to fetch entity
3139,Lea Kleiner,✅ Found to fetch entity
3165,Donald R. Knorr,✅ Found to fetch entity
3166,Charles Knowles,✅ Found to fetch entity
3169,Jonathan Knowlton,✅ Found to fetch entity
3181,Reina Kochashian,✅ Found to fetch entity
3236,Kirsten Kraa,✅ Found to fetch entity
3282,Ivan Kudriashov,✅ Found to fetch entity
3314,Kenji Kusaka,✅ Found to fetch entity
3339,Adriano Lagostina,✅ Found to fetch entity
3340,Massimo Lagostina,✅ Found to fetch entity
3365,Darrell Landrum,✅ Found to fetch entity
3375,Wilfred O. Langille,✅ Found to fetch entity
3380,Louis Lanzano,✅ Found to fetch entity
3414,Ray Lauzzana,✅ Found to fetch entity
3424,Giulio Lazzotti,✅ Found to fetch entity
3445,Dick Lebowitz,✅ Found to fetch entity
3456,Tom Lee,✅ Found to fetch entity
3478,Luis Lemus,✅ Found to fetch entity
3491,Gustav Lepschy,✅ Found to fetch entity
3492,Norman Lerner,✅ Found to fetch entity
3573,Ludwig Littmann,✅ Found to fetch entity
3589,Eckersley Lombers,✅ Found to fetch entity
3644,Nicholas Luttinger,✅ Found to fetch entity
3649,George Lynn,✅ Found to fetch entity
3704,Mitsuo Maki,✅ Found to fetch entity
3735,Russell Manoy,✅ Found to fetch entity
3744,Kumberai Mapanda,✅ Found to fetch entity
3776,Jyrki Markkanen,✅ Found to fetch entity
3806,Mort N. Marton,✅ Found to fetch entity
3892,Michael McLoughlin,✅ Found to fetch entity
3959,Robert Meyers,✅ Found to fetch entity
3969,James Miho,✅ Found to fetch entity
3976,Stephen R. Milanowski,✅ Found to fetch entity
3984,John Miller,✅ Found to fetch entity
3990,Peter Caldwell Millett,✅ Found to fetch entity
4001,Stephen Mindel,✅ Found to fetch entity
4060,Jay Monroe,✅ Found to fetch entity
4061,Gustavo Monroy,✅ Found to fetch entity
4066,Robert Moon,✅ Found to fetch entity
4072,Margaret Ann Moorman,✅ Found to fetch entity
4087,Gabriel Morera,✅ Found to fetch entity
4094,Shigeyoshi Morioka,✅ Found to fetch entity
4116,Mike Mosco,✅ Found to fetch entity
4123,Charles William Moss,✅ Found to fetch entity
4145,Mark W. Mulhern,✅ Found to fetch entity
4171,Donald Munson,✅ Found to fetch entity
4221,Mauricio Nannucci,✅ Found to fetch entity
4230,Ben Nason,✅ Found to fetch entity
4233,Umberto Nason,✅ Found to fetch entity
4262,Virginia Nepodal,✅ Found to fetch entity
4289,Gordon Newton,✅ Found to fetch entity
4292,Jim Nichols,✅ Found to fetch entity
4319,Francis Noel,✅ Found to fetch entity
4331,John Noneman,✅ Found to fetch entity
4350,Futzie Nutzle,✅ Found to fetch entity
4362,John O'Reilly,✅ Found to fetch entity
4364,Shuichi Obata,✅ Found to fetch entity
4453,Marion Overby,✅ Found to fetch entity
4537,Paolo Pedrizzetti,✅ Found to fetch entity
4538,Eleanore Peduzzi-Riva,✅ Found to fetch entity
4581,Paul Petricone,✅ Found to fetch entity
4582,Wolfgang Petrik,✅ Found to fetch entity
4593,Wilfred Pezold,✅ Found to fetch entity
4663,Marcel Polak,✅ Found to fetch entity
4689,C. Emanuele Ponzio,✅ Found to fetch entity
4696,James Poppitz,✅ Found to fetch entity
4697,V. Lorenzo Porcelli,✅ Found to fetch entity
4737,David Prifti,✅ Found to fetch entity
4759,Theodor Puschkarski,✅ Found to fetch entity
4846,Johannes Regn,✅ Found to fetch entity
4917,Claus Joseph Riedel,✅ Found to fetch entity
4937,James Risser,✅ Found to fetch entity
4969,Gunther Rochelt,✅ Found to fetch entity
5049,H. D. Rothschild,✅ Found to fetch entity
5082,Margit Ruoff,✅ Found to fetch entity
5118,Asao Sakamoto,✅ Found to fetch entity
5161,Pasquale Santoro,✅ Found to fetch entity
5232,Arthur Schmidt,✅ Found to fetch entity
5236,Louis A. Schmidt,✅ Found to fetch entity
5292,Johan Bernhard Schweitz,✅ Found to fetch entity
5307,Gilbert H. Seaver,✅ Found to fetch entity
5362,Ron Sewell,✅ Found to fetch entity
5369,Ted Shaine,✅ Found to fetch entity
5375,Dmitri M. Shashurin,✅ Found to fetch entity
5415,Thomas Sicurella,✅ Found to fetch entity
5438,Jerome Simon,✅ Found to fetch entity
5460,Trudi Sitterle,✅ Found to fetch entity
5466,Hella Skowronski,✅ Found to fetch entity
5510,Jaume Solá Valleys,✅ Found to fetch entity
5534,László Sós,✅ Found to fetch entity
5565,Alan Spigelman,✅ Found to fetch entity
5573,Charles W. Springman,✅ Found to fetch entity
5586,Hans Staeger,✅ Found to fetch entity
5610,David Staub,✅ Found to fetch entity
5635,Joe Steinmetz,✅ Found to fetch entity
5678,Marly Stone,✅ Found to fetch entity
5741,William B. Suttle,✅ Found to fetch entity
5742,William Stephen Sutton,✅ Found to fetch entity
5750,George A. Swanson,✅ Found to fetch entity
5775,Kenji Tadamoto,✅ Found to fetch entity
5805,Richard Taninbaum,✅ Found to fetch entity
5810,Leopoldo Tartarini,✅ Found to fetch entity
5819,Terrance Nelson Taylor,✅ Found to fetch entity
5845,Forrest Thayer,✅ Found to fetch entity
5862,William Thompson,✅ Found to fetch entity
5888,Hap Tivey,✅ Found to fetch entity
5976,Roberto Turnbull Buenrostro,✅ Found to fetch entity
6003,Ulla af Ugglas,✅ Found to fetch entity
6073,Frans van der Steen,✅ Found to fetch entity
6143,Heinz Veuhoff,✅ Found to fetch entity
6151,Constance Brenner Vieira Da Cunha,✅ Found to fetch entity
6172,Carmel Vitullo,✅ Found to fetch entity
6176,Michael Vivo,✅ Found to fetch entity
6178,Lucien Vlerick,✅ Found to fetch entity
6206,Len Waernberg,✅ Found to fetch entity
6235,Ernest Walters,✅ Found to fetch entity
6236,Eugene Walters,✅ Found to fetch entity
6262,Gilbert A. Watrous,✅ Found to fetch entity
6264,Brian J. Watson,✅ Found to fetch entity
6299,Susan Weitzman,✅ Found to fetch entity
6304,W. Archibald Welden,✅ Found to fetch entity
6331,Bengt Westrell,✅ Found to fetch entity
6344,Stephen White,✅ Found to fetch entity
6367,Adolpho Wildt,✅ Found to fetch entity
6376,Daniel S. Williams,✅ Found to fetch entity
6391,Scott Wilson,✅ Found to fetch entity
6440,Gross Wood,✅ Found to fetch entity
6441,J. Trevor Wood,✅ Found to fetch entity
6444,Pamela Woodhead,✅ Found to fetch entity
6488,Tad Yamashiro,✅ Found to fetch entity
6499,George Ygfors,✅ Found to fetch entity
6513,Naoki Yoshimoto,✅ Found to fetch entity
6528,Teresa Zabala,✅ Found to fetch entity
6529,Melvin Zabarsky,✅ Found to fetch entity
6543,Michael S. Zane,✅ Found to fetch entity
6547,Bronislaw Zapolski,✅ Found to fetch entity
6564,Lina Zervudaki,✅ Found to fetch entity
6571,Mac Zimmerman,✅ Found to fetch entity
6572,Tom Zimmermann,✅ Found to fetch entity
6576,Alfred Karl Zlevor,✅ Found to fetch entity
6579,Harry Zolotow,✅ Found to fetch entity
6597,Donald C. Fritz,✅ Found to fetch entity
6599,Sean Kalish,✅ Found to fetch entity
6600,Berndt Kerkin,✅ Found to fetch entity
6608,Robin Chu,✅ Found to fetch entity
6610,Christopher Loew,✅ Found to fetch entity
6611,Jim Gentes,✅ Found to fetch entity
6614,William L. Tolan,✅ Found to fetch entity
6651,Fabrizio Gori,✅ Found to fetch entity
6653,Liberia Pini,✅ Found to fetch entity
6656,Joy Jacobs,✅ Found to fetch entity
6762,John Meredith,✅ Found to fetch entity
6772,Galina Bitt,✅ Found to fetch entity
6793,Fernando Grillón,✅ Found to fetch entity
6803,Hugo Arapé,✅ Found to fetch entity
6831,Don Rodan,✅ Found to fetch entity
6869,Richard Lazzaro,✅ Found to fetch entity
6938,Brian Lepine,✅ Found to fetch entity
6942,Hiroaki Kozu,✅ Found to fetch entity
6944,Steve McGugan,✅ Found to fetch entity
6958,Stephen Armellino,✅ Found to fetch entity
6970,Ari 't Hart,✅ Found to fetch entity
7036,Barbara Jaffe,✅ Found to fetch entity
7048,B. Tillmann,✅ Found to fetch entity
7064,Rolf Kothrade,✅ Found to fetch entity
7072,John Cline,✅ Found to fetch entity
7085,Paul Castrucci,✅ Found to fetch entity
7131,Guy Teschmacher,✅ Found to fetch entity
7136,Manfred Malzacher,✅ Found to fetch entity
7137,Jack Stringer,✅ Found to fetch entity
7142,Robert Dumas-Hermes,✅ Found to fetch entity
7146,Thomas V. Paulson,✅ Found to fetch entity
7149,Frank Heacox,✅ Found to fetch entity
7152,Bill Stewart,✅ Found to fetch entity
7157,Pierangela d'Aniello,✅ Found to fetch entity
7167,Dante Bandini,✅ Found to fetch entity
7188,Hancock Laverne,✅ Found to fetch entity
7190,Allen John Bootroyd,✅ Found to fetch entity
7194,Harry V. Cremonese,✅ Found to fetch entity
7198,Eric Rivkin,✅ Found to fetch entity
7205,Hosowo Tomohiro,✅ Found to fetch entity
7207,Stephen Hobson,✅ Found to fetch entity
7208,Glenn Edens,✅ Found to fetch entity
7217,Peter L. Zane,✅ Found to fetch entity
7218,Bengt Palmgren,✅ Found to fetch entity
7219,Kevan Laycraft,✅ Found to fetch entity
7223,Davide Mercatali,✅ Found to fetch entity
7225,Carmen Basile,✅ Found to fetch entity
7238,Stephen Peart,✅ Found to fetch entity
7239,Steven T. Kaneko,✅ Found to fetch entity
7249,Alice von Pechmann,✅ Found to fetch entity
7275,John Barnard,✅ Found to fetch entity
7278,Franco Raggi,✅ Found to fetch entity
7280,Tim Parsey,✅ Found to fetch entity
7282,Bashir Zivari,✅ Found to fetch entity
7365,Gretl Wollner,✅ Found to fetch entity
7393,William Stumpf,✅ Found to fetch entity
7417,Otto Struck,✅ Found to fetch entity
7423,Karen Fairbanks,✅ Found to fetch entity
7426,Martin Diethelm,✅ Found to fetch entity
7443,David Law,✅ Found to fetch entity
7448,Rodolfo Bretzel,✅ Found to fetch entity
7466,Cliff Chi,✅ Found to fetch entity
7468,Charles B. Kaufmann,✅ Found to fetch entity
7505,Koichi Yoshimura,✅ Found to fetch entity
7577,Ray Maggiore,✅ Found to fetch entity
7578,Vince Scirano,✅ Found to fetch entity
7594,Maurizio Ficcadenti,✅ Found to fetch entity
7621,Edwin Vollebergh,✅ Found to fetch entity
7698,David Spear,✅ Found to fetch entity
7742,Robert Walters,✅ Found to fetch entity
7753,Jack Garver,✅ Found to fetch entity
7855,Rachel Harrison,✅ Found to fetch entity
8007,Santina Bonini,✅ Found to fetch entity
8012,Gordon Randall Perry,✅ Found to fetch entity
8014,Joseph Forakis,✅ Found to fetch entity
8015,Eric Goetz,✅ Found to fetch entity
8019,Ernesto Spicciolato,✅ Found to fetch entity
8021,Per Jari,✅ Found to fetch entity
8022,Jan Ohrn,✅ Found to fetch entity
8023,Doug Olson,✅ Found to fetch entity
8026,Christopher Connell,✅ Found to fetch entity
8030,Scott Riegleman,✅ Found to fetch entity
8036,Wayman R. Spence,✅ Found to fetch entity
8039,Bradford Bissell,✅ Found to fetch entity
8082,Thomas Mohr,✅ Found to fetch entity
8119,Mark Bennett,✅ Found to fetch entity
8142,Wilhelm Ebentreich,✅ Found to fetch entity
8145,Siegfried Jablonsky,✅ Found to fetch entity
8175,Jeroen Thomas,✅ Found to fetch entity
8178,Brigitte Kochta,✅ Found to fetch entity
8240,Richard Gangle,✅ Found to fetch entity
8262,Yves José Zimmerman,✅ Found to fetch entity
8270,Jacek Neugebauer,✅ Found to fetch entity
8279,Dan Olson,✅ Found to fetch entity
8299,Richard Mantel,✅ Found to fetch entity
8300,Leslie Sweet,✅ Found to fetch entity
8309,Eberhard Marhold,✅ Found to fetch entity
8320,John Morris,✅ Found to fetch entity
8345,Karl Michel,✅ Found to fetch entity
8347,Brian Tattersfield,✅ Found to fetch entity
8351,Alfred Bernard Stein,✅ Found to fetch entity
8378,Efim Mezhbarg,✅ Found to fetch entity
8398,Werner Zryd,✅ Found to fetch entity
8408,Kurt Wenzel,✅ Found to fetch entity
8411,Kevin Dwyer,✅ Found to fetch entity
8419,Akihiro Kaneko,✅ Found to fetch entity
8420,Yoshihiro Kimura,✅ Found to fetch entity
8426,Bruce Ancona,✅ Found to fetch entity
8446,Jodiah Jacobs,✅ Found to fetch entity
8462,Louis Maslow,✅ Found to fetch entity
8500,Christopher Giglio,✅ Found to fetch entity
8585,Günther Ssymmank,✅ Found to fetch entity
8661,David Shen,✅ Found to fetch entity
8665,Theodore C. Brookhart,✅ Found to fetch entity
8681,Dario Montagni,✅ Found to fetch entity
8683,Cesare Butté,✅ Found to fetch entity
8700,Saul Nesbitt,✅ Found to fetch entity
8703,Kikukawa Katsuyoshi,✅ Found to fetch entity
8705,John Mascheroni,✅ Found to fetch entity
11426,Wolf Zimmerman,✅ Found to fetch entity
19667,Joseph De Pace,✅ Found to fetch entity
22547,Roger Riche,✅ Found to fetch entity
22557,Brian Alexander,✅ Found to fetch entity
22566,Luigi Baroli,✅ Found to fetch entity
22569,Nick Butler,✅ Found to fetch entity
22576,Rick Galezowski,✅ Found to fetch entity
22584,David Sandbach,✅ Found to fetch entity
22588,Jay Kyu Lee,✅ Found to fetch entity
22676,Hendrik Van Keppel,✅ Found to fetch entity
22828,Heike Lohmann,✅ Found to fetch entity
22831,Ramon Klein,✅ Found to fetch entity
22837,Julien Monfort,✅ Found to fetch entity
22838,Yo Yamagata,✅ Found to fetch entity
22840,Chris Dondorp,✅ Found to fetch entity
22848,Mark Wamble,✅ Found to fetch entity
22945,William Sharples,✅ Found to fetch entity
22955,David Walter Beck,✅ Found to fetch entity
23025,Barbara Ambrosz,✅ Found to fetch entity
23056,W. D. Slater,✅ Found to fetch entity
23503,Kseniia Boguslavskaia,✅ Found to fetch entity
23604,Viacheslav Ivanov,✅ Found to fetch entity
23778,Iosef Chaikov,✅ Found to fetch entity
23865,Marko Epshtein,✅ Found to fetch entity
23893,Ignatii Nivinskii,✅ Found to fetch entity
23994,Vladimir Egorov,✅ Found to fetch entity
24594,J. Jay Hirz,✅ Found to fetch entity
24628,Sebastian Finckh,✅ Found to fetch entity
25520,Jerome Neuner,✅ Found to fetch entity
25964,Marlon Castellanos,✅ Found to fetch entity
26145,Robert James Leonetti,✅ Found to fetch entity
26160,Janwillem Bouwknegt,✅ Found to fetch entity
26216,Sang-Ah Choi,✅ Found to fetch entity
26342,Michael Kalil,✅ Found to fetch entity
26370,Li Yongbin,✅ Found to fetch entity
26444,Cedric Buchet,✅ Found to fetch entity
26470,Alejandro Ruiz,✅ Found to fetch entity
26545,Melinda Morey,✅ Found to fetch entity
26589,Bob Olodort,✅ Found to fetch entity
26838,Hugo Dreyfuss,✅ Found to fetch entity
26969,Marc A. Chavannes,✅ Found to fetch entity
26996,Warren Franscioni,✅ Found to fetch entity
27005,Herman Goelitz Rowland,✅ Found to fetch entity
27032,Edwin Moore,✅ Found to fetch entity
27081,Daniel F. Cudzik,✅ Found to fetch entity
27148,Brad Brown,✅ Found to fetch entity
27185,Stephen Metts,✅ Found to fetch entity
27262,Thomas E. Noy,✅ Found to fetch entity
27433,Peter Frankfurt,✅ Found to fetch entity
27469,Christian Sander,✅ Found to fetch entity
27680,Bruce Gitlin,✅ Found to fetch entity
27684,Neil Katz,✅ Found to fetch entity
27777,Marcus Willcocks,✅ Found to fetch entity
27781,Carolien Vlieger,✅ Found to fetch entity
27853,Kazuhiro Yamanaka,✅ Found to fetch entity
27888,Ralph Borland,✅ Found to fetch entity
27898,Carl Mertens,✅ Found to fetch entity
27918,Olivier Peyricot,✅ Found to fetch entity
27947,Elizabeth A. Wilkes,✅ Found to fetch entity
28002,Craig Grimes,✅ Found to fetch entity
28020,Sigi Moeslinger,✅ Found to fetch entity
28076,Vernon Pascoe,✅ Found to fetch entity
28082,Jakob Wagner,✅ Found to fetch entity
28147,Stephanie Forsythe,✅ Found to fetch entity
28185,Paul Edmunds,✅ Found to fetch entity
28187,Lisa Fromartz,✅ Found to fetch entity
28279,Ronald J. French,✅ Found to fetch entity
28316,Harvey Tulcensky,✅ Found to fetch entity
28326,Caleb Crye,✅ Found to fetch entity
28353,Twan Verdonck,✅ Found to fetch entity
28382,Mia Ferrara,✅ Found to fetch entity
28395,Nikhil Garde,✅ Found to fetch entity
28397,Aldo DiBelardino,✅ Found to fetch entity
28398,Ezio DiBelardino,✅ Found to fetch entity
28459,Edward Hoole,✅ Found to fetch entity
28495,Sara Shaughnessy,✅ Found to fetch entity
28515,Gin L. Eng,✅ Found to fetch entity
28544,Reed Anderson,✅ Found to fetch entity
28557,Gary Batty,✅ Found to fetch entity
28558,Michael Gerald Bauer,✅ Found to fetch entity
28559,Jarrod Beck,✅ Found to fetch entity
28564,Rebecca Bird,✅ Found to fetch entity
28574,Beth Brideau,✅ Found to fetch entity
28590,Prince Toffee,✅ Found to fetch entity
28593,Marti Cormand,✅ Found to fetch entity
28599,Meredith Danluck,✅ Found to fetch entity
28607,Kirsten Deirup,✅ Found to fetch entity
28616,Lori Ellison,✅ Found to fetch entity
28619,Chad Ferber,✅ Found to fetch entity
28631,Tamara Gayer,✅ Found to fetch entity
28640,Greg Goldberg,✅ Found to fetch entity
28650,Chris Hammerlein,✅ Found to fetch entity
28657,Jonathan Herder,✅ Found to fetch entity
28669,Jun Iseyama,✅ Found to fetch entity
28697,Cotter Luppi,✅ Found to fetch entity
28700,Frank Magnotta,✅ Found to fetch entity
28706,Alfredo Martinez,✅ Found to fetch entity
28744,Renato Orara,✅ Found to fetch entity
28746,Sally Osborn,✅ Found to fetch entity
28783,Gavin R. Russom,✅ Found to fetch entity
28787,Sam Salisbury,✅ Found to fetch entity
28804,David Shaw,✅ Found to fetch entity
28805,Simone Shubuck,✅ Found to fetch entity
28809,Elizabeth Simonson,✅ Found to fetch entity
28819,Joseph Stalnaker,✅ Found to fetch entity
28821,Lyle Starr,✅ Found to fetch entity
28825,Xenon Straub,✅ Found to fetch entity
28848,Sarah Walker,✅ Found to fetch entity
28854,Benji Whalen,✅ Found to fetch entity
28855,John Cerasulo,✅ Found to fetch entity
28856,Jon Widman,✅ Found to fetch entity
28883,Jay D. Sorensen,✅ Found to fetch entity
28914,Klaus Rosburg,✅ Found to fetch entity
28926,Ed Kilduff,✅ Found to fetch entity
28927,Paul Treible,✅ Found to fetch entity
28930,Marc Plawner,✅ Found to fetch entity
28931,Erika Gerzsenyi,✅ Found to fetch entity
28977,Edward G. Sutt Jr.,✅ Found to fetch entity
29003,Jim Traut,✅ Found to fetch entity
29048,Barnabas Wetton,✅ Found to fetch entity
29181,Hiroyuki Tazawa,✅ Found to fetch entity
29230,Derek Ryden,✅ Found to fetch entity
29233,Al Heenan,✅ Found to fetch entity
29240,Sam Scheinberg,✅ Found to fetch entity
29242,Greg Marting,✅ Found to fetch entity
29505,Eli Marmar,✅ Found to fetch entity
29506,John Hunter,✅ Found to fetch entity
29508,Dickon Isaacs,✅ Found to fetch entity
29512,Jerry O'Leary,✅ Found to fetch entity
29517,David Kravitz,✅ Found to fetch entity
29518,Douglas Schein,✅ Found to fetch entity
29523,Chikara Ohtagaki,✅ Found to fetch entity
29533,Thomas W. Fleming,✅ Found to fetch entity
29534,Howard S. Leight,✅ Found to fetch entity
29536,"John A. Jenkins, Jr.",✅ Found to fetch entity
29541,Robert D. Galli,✅ Found to fetch entity
29547,Kanji Hongu,✅ Found to fetch entity
29558,Ken Solomon,✅ Found to fetch entity
29631,Steven K. Levine,✅ Found to fetch entity
29646,Fabio Lenci,✅ Found to fetch entity
29743,Yukiyo Matsushita,✅ Found to fetch entity
30223,Scott King,✅ Found to fetch entity
30945,Aleksandar Battista Ilic,✅ Found to fetch entity
31455,Akihiko Kotani,✅ Found to fetch entity
31617,Coren Sharples,✅ Found to fetch entity
32203,Joseph Chaiken,✅ Found to fetch entity
32327,Orlando Mesquita,✅ Found to fetch entity
32653,Alex Ku,✅ Found to fetch entity
32741,Kenzo Minami,✅ Found to fetch entity
32947,Nelson Ricardo Savinon,✅ Found to fetch entity
32965,Noam Toran,✅ Found to fetch entity
32981,James Auger,✅ Found to fetch entity
32982,Jimmy Loizeau,✅ Found to fetch entity
33000,Eyal Burstein,✅ Found to fetch entity
33001,Michele Gauler,✅ Found to fetch entity
33004,Susana Soares,✅ Found to fetch entity
33050,Jayden D. Harman,✅ Found to fetch entity
33072,Samuel Cabot Cochran,✅ Found to fetch entity
33097,James King,✅ Found to fetch entity
33115,Rachel Wingfield,✅ Found to fetch entity
33146,Takaaki Okada,✅ Found to fetch entity
33147,Eben Eliason,✅ Found to fetch entity
33150,Marco Pesenti Gritti,✅ Found to fetch entity
33210,Crispin Jones,✅ Found to fetch entity
33226,Scott Christensen,✅ Found to fetch entity
33301,Michael Watling,✅ Found to fetch entity
33802,Gianni Ferrara,✅ Found to fetch entity
34141,Benjamin Wheeler Howes,✅ Found to fetch entity
34829,Claude Beller,✅ Found to fetch entity
34831,Dale Hoyt,✅ Found to fetch entity
34844,Fred Simon,✅ Found to fetch entity
34865,Jules Backus,✅ Found to fetch entity
34866,Keiko Tsuno,✅ Found to fetch entity
34873,Mark Magill,✅ Found to fetch entity
34887,Paul Harrison,✅ Found to fetch entity
34919,Teodoro Maus,✅ Found to fetch entity
35478,David Cort,✅ Found to fetch entity
35482,Dimitrije Martinovic,✅ Found to fetch entity
35486,Doug Melnyck,✅ Found to fetch entity
35514,Pablo Lavin,✅ Found to fetch entity
35518,Hironori Terai,✅ Found to fetch entity
35535,Emi Segawa,✅ Found to fetch entity
35539,Katsuya Taka,✅ Found to fetch entity
35548,Kumiko Kushiyama,✅ Found to fetch entity
35549,Kunio Noda,✅ Found to fetch entity
35551,Li Hong,✅ Found to fetch entity
35557,Lu Chunsheng,✅ Found to fetch entity
35566,Marcela Poch,✅ Found to fetch entity
35569,Margaret Moores,✅ Found to fetch entity
35588,Noriyuki Okuda,✅ Found to fetch entity
35594,Osamu Nagata,✅ Found to fetch entity
35622,Shoichiro Azuma,✅ Found to fetch entity
35636,Victor Huey,✅ Found to fetch entity
35874,Christoph Weisshaar,✅ Found to fetch entity
35908,Alan Scarritt,✅ Found to fetch entity
36206,H. William Tupper,✅ Found to fetch entity
36254,Robert H. Bergman,✅ Found to fetch entity
36688,John Andrew,✅ Found to fetch entity
36929,Paul Henry,✅ Found to fetch entity
36997,Jun Homma,✅ Found to fetch entity
37139,Giancarlo Mattioli,✅ Found to fetch entity
37335,Matteo Borghi,✅ Found to fetch entity
37374,Young Joon Kim,✅ Found to fetch entity
37484,Phu-Nam Thuc Ha,✅ Found to fetch entity
37498,Greg Sharits,✅ Found to fetch entity
37557,Holger Nielsen,✅ Found to fetch entity
37627,Freddie Yauner,✅ Found to fetch entity
37661,Julie Joliat,✅ Found to fetch entity
37664,Hân Pham,✅ Found to fetch entity
37669,Lino Manfrotto,✅ Found to fetch entity
37671,Gilberto Battocchio,✅ Found to fetch entity
37755,Jane Crawford,✅ Found to fetch entity
37887,Paul Cocksedge,✅ Found to fetch entity
38023,Frederic Lieberman,✅ Found to fetch entity
38127,Jill Richards,✅ Found to fetch entity
38184,Giselle Baillie,✅ Found to fetch entity
38188,Kanuge John Bosco,✅ Found to fetch entity
38191,Bronwen Findlay,✅ Found to fetch entity
38194,Sister Sheila Flynn,✅ Found to fetch entity
38202,Sipho Mdanda,✅ Found to fetch entity
38203,Martin Moratillo,✅ Found to fetch entity
38205,Daniel Ohene-Adu,✅ Found to fetch entity
38209,Yusuf Vahed,✅ Found to fetch entity
38211,Judy Woodborne,✅ Found to fetch entity
38212,Nhlanhla Xaba,✅ Found to fetch entity
38240,Laurence Humier,✅ Found to fetch entity
38411,Granger Moorhead,✅ Found to fetch entity
38412,Robert Moorhead,✅ Found to fetch entity
38486,Barry Deck,✅ Found to fetch entity
38941,William Plumb,✅ Found to fetch entity
38945,Kirsten Everberg,✅ Found to fetch entity
39147,Benjamin Dennel,✅ Found to fetch entity
39156,Soner Ozenc,✅ Found to fetch entity
39266,Auguste Cohn,✅ Found to fetch entity
39377,Jack Schulze,✅ Found to fetch entity
39477,Chris Sugrue,✅ Found to fetch entity
39544,Campbell Orme,✅ Found to fetch entity
39583,Shigeru Ishitsuka,✅ Found to fetch entity
39584,Misako Kirigaya,✅ Found to fetch entity
39639,Robert De Boeck,✅ Found to fetch entity
39741,Kati London,✅ Found to fetch entity
40190,Werner John,✅ Found to fetch entity
41033,Yuya Ushida,✅ Found to fetch entity
41144,Giorgio Berretti,✅ Found to fetch entity
41169,Shambhavi,✅ Found to fetch entity
41296,Bob Heimall,✅ Found to fetch entity
41332,Bernardo Ortiz Campo,✅ Found to fetch entity
41472,Peter Stathis,✅ Found to fetch entity
41953,Randy Tuten,✅ Found to fetch entity
42000,Danilo Barbosa,✅ Found to fetch entity
42156,Song Tao,✅ Found to fetch entity
42157,Ji Weiyu,✅ Found to fetch entity
42283,James McCaffry,✅ Found to fetch entity
42345,Monteiro Filho,✅ Found to fetch entity
42349,Paolo Labañino,✅ Found to fetch entity
42350,González Ruiz,✅ Found to fetch entity
42366,Markus Kayser,✅ Found to fetch entity
42480,David Arnoff,✅ Found to fetch entity
42519,Augustin Scott de Martinville,✅ Found to fetch entity
42863,William Scott,✅ Found to fetch entity
42922,Allen Hawthorne,✅ Found to fetch entity
43070,Bruce Fleming,✅ Found to fetch entity
8,pop art,is found in movements table
8,43070,is added in human_movement table
8,43070,is found in human_movement table
43429,Rich Black,✅ Found to fetch entity
43430,Anthony Nomorosa,✅ Found to fetch entity
43431,Brad Kayal,✅ Found to fetch entity
43434,Jeanne Verdoux,✅ Found to fetch entity
43438,Manya Kuzemchenko,✅ Found to fetch entity
43527,Amanda Guest,✅ Found to fetch entity
43907,V. Liushin,✅ Found to fetch entity
44471,Joe Thompson,✅ Found to fetch entity
44472,John Emerson,✅ Found to fetch entity
44956,Frederick Cooper Llosa,✅ Found to fetch entity
45151,Manfred Montwé,✅ Found to fetch entity
45346,John R. Carroll,✅ Found to fetch entity
45416,Jorge Rigamonti,✅ Found to fetch entity
45528,Marc Downie,✅ Found to fetch entity
45674,Colin Griffiths,✅ Found to fetch entity
45677,David Wisdom,✅ Found to fetch entity
46143,Nikki Dibben,✅ Found to fetch entity
46378,Arjen Bangma,✅ Found to fetch entity
46418,Oscar Tenreiro Degwitz,✅ Found to fetch entity
46442,Joe Hicklin,✅ Found to fetch entity
46481,Jimmy Garcia,✅ Found to fetch entity
46528,Naomi Elliott,✅ Found to fetch entity
46534,Martyn Atkins,✅ Found to fetch entity
46540,Turlif Vilbrandt,✅ Found to fetch entity
46633,Gianluca Martino,✅ Found to fetch entity
46634,David Mellis,✅ Found to fetch entity
47088,Ryan Junell,✅ Found to fetch entity
47172,Nick Fasciano,✅ Found to fetch entity
47173,Robert Fisher,✅ Found to fetch entity
47415,Rick Mann,✅ Found to fetch entity
47925,György Soós,❌ Failed to fetch entity
47990,Eleanor Kluck,✅ Found to fetch entity
48043,Joseph Schwartz,✅ Found to fetch entity
48189,Matt Lucero,✅ Found to fetch entity
48198,Philibert-Paul Charbonnier,✅ Found to fetch entity
48629,Steven Hull,✅ Found to fetch entity
48659,Roger Herman,✅ Found to fetch entity
48748,Julio César Morales,✅ Found to fetch entity
48848,Vuokko Eskolin,✅ Found to fetch entity
48917,Tamar Cohen,✅ Found to fetch entity
48928,Ian Murray,✅ Found to fetch entity
49102,Tvar Schlosser,✅ Found to fetch entity
49244,Moon Hoon,✅ Found to fetch entity
49504,Louise Despont,✅ Found to fetch entity
49594,Julio Agostinelli,✅ Found to fetch entity
49599,Aldo Augusto de Souza Lima,✅ Found to fetch entity
49600,João Bizarro Da Nave Filho,✅ Found to fetch entity
49614,Aslı Çavuşoğlu,✅ Found to fetch entity
49816,Dale Henry,✅ Found to fetch entity
67437,Sebastian Black,✅ Found to fetch entity
67620,Francisco Casas Silva,✅ Found to fetch entity
67762,Li Ming,✅ Found to fetch entity
67952,Maria Laet,✅ Found to fetch entity
68145,Yara Said,✅ Found to fetch entity
68163,Darko Marušić,✅ Found to fetch entity
68275,Luis Molina-Pantin,✅ Found to fetch entity
69495,Hal Fischer,✅ Found to fetch entity
69703,Jean Sellem,✅ Found to fetch entity
183,Mail-Art,is found in movements table
183,69703,is added in human_movement table
183,69703,is found in human_movement table
74187,Wang Ziling,✅ Found to fetch entity
74401,Leopold Strobl,✅ Found to fetch entity
74435,Gareth Nyandoro,✅ Found to fetch entity
74780,Mark Khaisman,✅ Found to fetch entity
75536,Dulce Carneiro,✅ Found to fetch entity
131875,Azusa Murakami,✅ Found to fetch entity
133412,Xia Shi,✅ Found to fetch entity
133552,Liu Yichun,✅ Found to fetch entity
133571,Joshua Bolchover,✅ Found to fetch entity
133932,Cheryl Banks-Smith,✅ Found to fetch entity
134092,Judy Gelles,✅ Found to fetch entity
136114,Sander Wassink,✅ Found to fetch entity
137310,Marina Tabassum,✅ Found to fetch entity
16,Cristobal Arteche,✅ Found to fetch entity
119,Harry Allen,✅ Found to fetch entity
222,F. Armbruster,✅ Found to fetch entity
228,Arndt,✅ Found to fetch entity
415,Beath,✅ Found to fetch entity
426,A. Becker,✅ Found to fetch entity
436,Hedda Beese,✅ Found to fetch entity
440,John Behringer,✅ Found to fetch entity
490,Stephen Lynn Berens,✅ Found to fetch entity
492,Charles Berger,✅ Found to fetch entity
584,Wendell Black,✅ Found to fetch entity
627,Peter Bodnar,✅ Found to fetch entity
700,Jean Boucher,✅ Found to fetch entity
730,Martin Bradley,✅ Found to fetch entity
908,John Cadenhead,✅ Found to fetch entity
1065,Bruce Chandler,✅ Found to fetch entity
1207,Edward Condak,✅ Found to fetch entity
1272,Coulon,✅ Found to fetch entity
1584,Anthony Donaldson,✅ Found to fetch entity
1600,Edward Douglas,✅ Found to fetch entity
1848,William Fenton,✅ Found to fetch entity
1994,David Freund,✅ Found to fetch entity
2168,Roy Ginstrom,✅ Found to fetch entity
2219,Morton Goldsholl,✅ Found to fetch entity
2298,James Bruce Grashow,✅ Found to fetch entity
2320,Randall Green,✅ Found to fetch entity
2379,Ronald L. Grow,✅ Found to fetch entity
2492,Bill Hanson,✅ Found to fetch entity
2499,Elizabeth Harding,✅ Found to fetch entity
2752,Ralph Hughes,✅ Found to fetch entity
2796,Sakiko Ide,✅ Found to fetch entity
2905,Payne Jennings,✅ Found to fetch entity
3009,Pentti Kaskipuo,✅ Found to fetch entity
3017,Joel Katz,✅ Found to fetch entity
3295,Kipton Cornelius Kumler,✅ Found to fetch entity
3318,Waldemar Kutner,✅ Found to fetch entity
3370,David Lang,✅ Found to fetch entity
3466,Leonard Lehrer,✅ Found to fetch entity
3507,Hans Levi,✅ Found to fetch entity
3530,Sonia Lewitzka,✅ Found to fetch entity
3597,Domingo López,✅ Found to fetch entity
3674,William E. Macnaughtan,✅ Found to fetch entity
3761,Ludovico Mares,❌ Failed to fetch entity
3802,Ricardo Martinez,✅ Found to fetch entity
3818,Kristen Corinne Masri,✅ Found to fetch entity
4051,Antonio Ares Moliné,✅ Found to fetch entity
4067,John D. Mooney,✅ Found to fetch entity
4069,David Moore,✅ Found to fetch entity
4111,Jonathan Morse,✅ Found to fetch entity
4183,Michaela Allan Murphy,✅ Found to fetch entity
4190,Peter Mussfeldt,✅ Found to fetch entity
4203,John Nagel,✅ Found to fetch entity
4213,Yoshinobu Nakamura,✅ Found to fetch entity
4269,Steven E. Nestler,✅ Found to fetch entity
4301,Palle Nielson,✅ Found to fetch entity
4361,Jon T. O'Neal,✅ Found to fetch entity
4374,Will Hiroshi Oda,✅ Found to fetch entity
4447,Ryszard K. Otreba,✅ Found to fetch entity
4470,Timo Tauno Pajunen,✅ Found to fetch entity
4528,José Pavón,✅ Found to fetch entity
4628,I. G. Pinlats,✅ Found to fetch entity
4742,Antoine Prinner,✅ Found to fetch entity
4830,Josef Raynefeld,✅ Found to fetch entity
4868,Eric P. Renner,✅ Found to fetch entity
5029,Brown Ross,✅ Found to fetch entity
5079,Gregory Rukavina,✅ Found to fetch entity
5214,Elso Schiavo,✅ Found to fetch entity
5233,Charlotte Schmidt,✅ Found to fetch entity
5249,Robert Schneider,✅ Found to fetch entity
5253,Klaus A. Schnitzer,✅ Found to fetch entity
5338,David Seltzer,✅ Found to fetch entity
5344,Artemio Sepulveda,✅ Found to fetch entity
5428,Joyce Sills,✅ Found to fetch entity
5557,Paul Sparks,✅ Found to fetch entity
5716,Richard Tum Suden,✅ Found to fetch entity
5787,Takeshi Imaji,✅ Found to fetch entity
5867,Esias Thoren,✅ Found to fetch entity
5891,Charles S. Todd,✅ Found to fetch entity
5909,Carl Toth,✅ Found to fetch entity
5911,William N. Touzani,✅ Found to fetch entity
5919,Bertha Trabich,✅ Found to fetch entity
5961,Nicolas Tucker,✅ Found to fetch entity
5985,Guenter Tuzina,✅ Found to fetch entity
5990,Alexei Alexandrovich Tyapushkin,✅ Found to fetch entity
6144,Ivan (Vial Williams) Vial,✅ Found to fetch entity
6268,Henning Watterston,✅ Found to fetch entity
6343,Neal White,✅ Found to fetch entity
6492,Kō Yanome,✅ Found to fetch entity
6596,Eric Erickson,✅ Found to fetch entity
6670,J. Wély,✅ Found to fetch entity
6688,J. G. Besson,✅ Found to fetch entity
6743,Willson Y. Stamper,✅ Found to fetch entity
6766,Horst B. Baerenz,✅ Found to fetch entity
6768,Wolfgang Schlick,✅ Found to fetch entity
6779,Phanor Leon,✅ Found to fetch entity
6821,Sonia Katchian,✅ Found to fetch entity
6825,David Lusby,✅ Found to fetch entity
6828,Joan Nelsen,✅ Found to fetch entity
6829,Richard Olson,✅ Found to fetch entity
6830,Kingsley Parker,✅ Found to fetch entity
6844,Benedict Tisa,✅ Found to fetch entity
6845,Curtis Van Buren,✅ Found to fetch entity
6846,Philip Warner,✅ Found to fetch entity
6983,Leslie Starobin,✅ Found to fetch entity
7000,Francois Deschamps,✅ Found to fetch entity
7010,Sergei Gitman,✅ Found to fetch entity
7030,Karen Klugman,✅ Found to fetch entity
7075,Mortimer,✅ Found to fetch entity
7096,Andrew Castrucci,✅ Found to fetch entity
7105,Sebastian Schroder,✅ Found to fetch entity
7109,Will Sales,✅ Found to fetch entity
7183,Olivier,✅ Found to fetch entity
7233,William de Vries,✅ Found to fetch entity
7327,Lynn Alexander,✅ Found to fetch entity
7329,Emily Belding,✅ Found to fetch entity
7454,Boni,✅ Found to fetch entity
7654,Carl Martin,✅ Found to fetch entity
7695,José Gabriel Gonzáles,✅ Found to fetch entity
7756,John Wood,✅ Found to fetch entity
7819,Kirill Rozhdestvenskii,✅ Found to fetch entity
7820,Alexander Slussarev,✅ Found to fetch entity
7850,Sanjeev Saith,✅ Found to fetch entity
7975,Arkadii Shishkin,✅ Found to fetch entity
8029,Sanford Redmond,✅ Found to fetch entity
8134,Robert Cole,✅ Found to fetch entity
8148,Guglielmo Berchicci,✅ Found to fetch entity
8243,Martin Manz,✅ Found to fetch entity
8298,Ken Miller,✅ Found to fetch entity
8407,Anibal Gil,✅ Found to fetch entity
8644,Bert Six,✅ Found to fetch entity
12996,Mikhail Plaksin,✅ Found to fetch entity
22598,Christopher R. Sharples,✅ Found to fetch entity
22621,Emil Roth,✅ Found to fetch entity
22631,Hiroji Yamada,✅ Found to fetch entity
23386,Nadezhda Liubavina,✅ Found to fetch entity
23448,Aleksandr Lopukhin,✅ Found to fetch entity
23723,Viktor Pal'mov,✅ Found to fetch entity
23845,Mikhail Sokolov,✅ Found to fetch entity
24211,Anatol' Petryts'kyi,✅ Found to fetch entity
24554,Vitalii Lavrov,✅ Found to fetch entity
24558,Mykola Pavliuk,✅ Found to fetch entity
24597,"Walter R. Latimer, Sr.",✅ Found to fetch entity
26171,George Dodson,✅ Found to fetch entity
26271,Vladimir Borissovitch Yankilevsky,✅ Found to fetch entity
26316,Sigríður Björnsdóttir,✅ Found to fetch entity
26806,Alberto Churba,✅ Found to fetch entity
26951,Andy Diaz Hope,✅ Found to fetch entity
27532,Victoria Gil,✅ Found to fetch entity
27660,Glenn A. Davis,✅ Found to fetch entity
28827,Peter Sullivan,✅ Found to fetch entity
28935,Ernest Kortschak,✅ Found to fetch entity
29036,John Hutchinson,✅ Found to fetch entity
30854,Isabelle Arthuis,✅ Found to fetch entity
30855,Sule Attems,✅ Found to fetch entity
30856,Christy Astuy,✅ Found to fetch entity
30868,Max Boehme,✅ Found to fetch entity
30901,Mehmet Emir,✅ Found to fetch entity
30902,Memed Erdener,✅ Found to fetch entity
30907,Richard Fenwick,✅ Found to fetch entity
30912,Ali Gedik,✅ Found to fetch entity
30954,Helmut Kandl,✅ Found to fetch entity
30965,Reed Kram,✅ Found to fetch entity
30986,Michaela Math,✅ Found to fetch entity
30987,Stephen Mathewson,✅ Found to fetch entity
31003,Edith Payer,✅ Found to fetch entity
31063,Tomato,✅ Found to fetch entity
31299,Edward Herman,✅ Found to fetch entity
31344,Michael Hvorecky,✅ Found to fetch entity
31350,Alexander Felch,✅ Found to fetch entity
31353,Chen Xi,✅ Found to fetch entity
31357,Johanna Rille,✅ Found to fetch entity
31912,Harry Lambert,✅ Found to fetch entity
32739,David Flores,✅ Found to fetch entity
32794,Kenichiro Ina,✅ Found to fetch entity
33096,Christopher Woebken,✅ Found to fetch entity
33207,Jan Edler,✅ Found to fetch entity
33214,Gregor Zivic,✅ Found to fetch entity
33218,Bernhard Fruehwirth,✅ Found to fetch entity
34045,Richard Jost,✅ Found to fetch entity
34537,Zeilinger,✅ Found to fetch entity
34540,Beckermann,✅ Found to fetch entity
34952,Walter Stern,✅ Found to fetch entity
35646,Chi Jian,✅ Found to fetch entity
35890,Joseph Charles Parker,✅ Found to fetch entity
37602,Robert Dawson,✅ Found to fetch entity
38197,Deryck Healy,✅ Found to fetch entity
39013,Sophie Peters,✅ Found to fetch entity
40304,Bob Sheff,✅ Found to fetch entity
40544,Margaret Rose,✅ Found to fetch entity
41162,Jerzy von Hulewicz,✅ Found to fetch entity
41202,Wladislav Skotarek,✅ Found to fetch entity
41368,Stefan Szmai,✅ Found to fetch entity
41764,Augusto,✅ Found to fetch entity
42190,Jeff Perkins,✅ Found to fetch entity
43077,Aaron Kuriloff,✅ Found to fetch entity
43134,Franz Josef van der Grinten,✅ Found to fetch entity
43465,Sohei Hashimoto,✅ Found to fetch entity
43498,Alexandra Clotfelter,✅ Found to fetch entity
44936,Antonio Puente,✅ Found to fetch entity
45970,Miguel Cervantes,✅ Found to fetch entity
46154,Antonio Diaz,✅ Found to fetch entity
46299,Courttney Cooper,✅ Found to fetch entity
46778,Tony Meeviwiffen,✅ Found to fetch entity
47179,DIS,✅ Found to fetch entity
47238,Keith Morris,✅ Found to fetch entity
47242,Alex Roberts,✅ Found to fetch entity
47256,Charles Baldwin,✅ Found to fetch entity
47513,Laura Graham,✅ Found to fetch entity
47678,Manuel Rocha,✅ Found to fetch entity
47760,Toshio Sasaki,✅ Found to fetch entity
48071,Roland Shakespear,✅ Found to fetch entity
48533,Nancy Evans,✅ Found to fetch entity
49370,Larry Stewart,✅ Found to fetch entity
49373,David Carter,✅ Found to fetch entity
50019,Juan Alberto Molenberg,✅ Found to fetch entity
67661,Elena Semenova,✅ Found to fetch entity
67980,Christian Vinck Henriquez,✅ Found to fetch entity
67986,Alejandro Paz Navas,✅ Found to fetch entity
68083,Gene Friedman,✅ Found to fetch entity
68177,Charles Morgan,✅ Found to fetch entity
68230,Em Rooney,✅ Found to fetch entity
68679,Hương Ngô,✅ Found to fetch entity
69266,Richard Malone,✅ Found to fetch entity
69548,Károly Kismányoky,✅ Found to fetch entity
69867,Mark Tomlinson,✅ Found to fetch entity
74159,Bogdan Spindler,✅ Found to fetch entity
74860,Anna Andreeva,✅ Found to fetch entity
75505,Habib Rahman,✅ Found to fetch entity
131700,Arisztid Uher,❌ Failed to fetch entity
132343,Irina Rozovsky,✅ Found to fetch entity
133211,Jocelyne Coster,✅ Found to fetch entity
133411,Hao Chen,✅ Found to fetch entity
133427,Helen Rae,✅ Found to fetch entity
133840,Norman Teague,✅ Found to fetch entity
134447,Sheroanawe Hakihiiwe,✅ Found to fetch entity
134497,Nora Turato,✅ Found to fetch entity
135165,Aline Motta,✅ Found to fetch entity
135272,Joiri Minaya,✅ Found to fetch entity
136154,Federica Fragapane,✅ Found to fetch entity
136926,Tadáskía,✅ Found to fetch entity
137318,Telfar Clemens,✅ Found to fetch entity
137386,Nafiseh Riahi,✅ Found to fetch entity
137390,Gabrielle Goliath,✅ Found to fetch entity
163,Dennis Anderson,✅ Found to fetch entity
1903,James Fitzsimmons,✅ Found to fetch entity
2126,Léon Gérard,✅ Found to fetch entity
3100,Shigeru Kimura,✅ Found to fetch entity
4693,Josephie Pootoogook,✅ Found to fetch entity
4992,John C. Rogers,✅ Found to fetch entity
5490,Mike Smith,✅ Found to fetch entity
5816,Jack Taylor,✅ Found to fetch entity
6159,Juan Vila Vilacasas,✅ Found to fetch entity
6292,John Spence Weir,✅ Found to fetch entity
7976,Anatoly Skurikhin,✅ Found to fetch entity
8236,Walter Seifert,✅ Found to fetch entity
10105,Hutzler Manufacturing Co.,✅ Found to fetch entity
12556,John Moore,✅ Found to fetch entity
18963,John Wilson,✅ Found to fetch entity
22709,Joseph Fenton,✅ Found to fetch entity
22810,Fred Taylor,✅ Found to fetch entity
23471,Aleksei Grishchenko,✅ Found to fetch entity
24568,Nikolai Alekseev,✅ Found to fetch entity
24640,Mikhail Makarov,✅ Found to fetch entity
26359,John Wood,✅ Found to fetch entity
27052,Tetra Pak Research Laboratories,✅ Found to fetch entity
28015,Schoeller Textil AG,✅ Found to fetch entity
28019,Masamichi Udagawa,✅ Found to fetch entity
29760,Jeff Davis,✅ Found to fetch entity
30925,Dejan Grba,✅ Found to fetch entity
31327,Daniel Blochwitz,✅ Found to fetch entity
31343,Allan Currall,✅ Found to fetch entity
33371,Mark Foster,✅ Found to fetch entity
34545,Endlicher,✅ Found to fetch entity
34840,Don Munroe,✅ Found to fetch entity
35498,Victor Sanchez,✅ Found to fetch entity
39014,Grant Schreiber,✅ Found to fetch entity
43092,Richard Garet,✅ Found to fetch entity
43435,Colin Smith,✅ Found to fetch entity
43509,Renan,✅ Found to fetch entity
43512,Wila,✅ Found to fetch entity
44208,Hans Frei,✅ Found to fetch entity
44250,Ding Dong,✅ Found to fetch entity
44478,Cactus,✅ Found to fetch entity
44480,Santana,✅ Found to fetch entity
47511,Richie Lee,✅ Found to fetch entity
47903,Bob,✅ Found to fetch entity
48010,Francisco Blanco,✅ Found to fetch entity
48285,Mary Curtis,✅ Found to fetch entity
50059,Speedo,✅ Found to fetch entity
67566,Repetto,✅ Found to fetch entity
67722,Unmade,✅ Found to fetch entity
67948,Pedro Manrique Figueroa,✅ Found to fetch entity
68785,Irving Schott,✅ Found to fetch entity
68868,Champion,✅ Found to fetch entity
69374,Matthew Connors,✅ Found to fetch entity
69402,Ann Moore,✅ Found to fetch entity
69471,Jeffrey Lew,✅ Found to fetch entity
69644,Daniel González,✅ Found to fetch entity
69817,Paddy Johnson,✅ Found to fetch entity
69885,Luigi Ferro,✅ Found to fetch entity
74095,Miguel Calvo,✅ Found to fetch entity
74165,Li Binyuan,✅ Found to fetch entity
74177,Nedeljko Borovnica,✅ Found to fetch entity
74774,Vyacheslav Petrenko,✅ Found to fetch entity
74782,Boris Levyant,✅ Found to fetch entity
74784,Ivan Shalmin,✅ Found to fetch entity
74789,Mikhail Labazov,✅ Found to fetch entity
74791,Alexander Zossimov,✅ Found to fetch entity
74796,Vladimir Tyurin,✅ Found to fetch entity
74801,Alexander Khomyakov,✅ Found to fetch entity
74805,Andrei Chernov,✅ Found to fetch entity
74998,Leandro Feal,✅ Found to fetch entity
75063,LaGardo Tackett,✅ Found to fetch entity
75076,Zoltán Réczey,✅ Found to fetch entity
75301,Mario Meier,✅ Found to fetch entity
75341,Christopher Williamson,✅ Found to fetch entity
75477,Kuldip Singh,✅ Found to fetch entity
75662,Raha Raissnia,✅ Found to fetch entity
131874,Alexander Groves,✅ Found to fetch entity
131931,Sachiko Kazama,✅ Found to fetch entity
132591,Simon Morgan,✅ Found to fetch entity
133330,Kurt Zimmerli,✅ Found to fetch entity
133873,William Kolakoski,✅ Found to fetch entity
134749,Wolf Hilbertz,✅ Found to fetch entity
135439,Adhi Nugraha,✅ Found to fetch entity
136562,Tania Franco Klein,✅ Found to fetch entity
136659,Sheelasha Rajbhandari,✅ Found to fetch entity
136817,Benjamin de Burca,✅ Found to fetch entity
136899,Mame-Diarra Niang,✅ Found to fetch entity
137599,Ann Leda Shapiro,✅ Found to fetch entity
138043,Ayoung Kim,✅ Found to fetch entity
138469,Michael Ross,✅ Found to fetch entity
138541,Rafael López del Campo,✅ Found to fetch entity
4273,Neumann,✅ Found to fetch entity
4825,Peter Ray,✅ Found to fetch entity
5177,Saul,✅ Found to fetch entity
5977,Turner,✅ Found to fetch entity
7341,Martin,✅ Found to fetch entity
7360,Ellen Siegel,✅ Found to fetch entity
7459,Juan Parrilla,✅ Found to fetch entity
23361,Weber,✅ Found to fetch entity
23704,Vera Aleksandrova,✅ Found to fetch entity
23933,Beno Gordeziani,✅ Found to fetch entity
23983,Grigorii Zimin,✅ Found to fetch entity
26133,Schuhmacher,✅ Found to fetch entity
46288,John Adams,✅ Found to fetch entity
49662,Yin Yin Wong,✅ Found to fetch entity
68382,Sofia Borges,✅ Found to fetch entity
69403,Lucille Aukerman,✅ Found to fetch entity
69474,Ana Maria Millan,✅ Found to fetch entity
69856,Denis Chopin,✅ Found to fetch entity
74066,Mahendra Raj,✅ Found to fetch entity
74388,Miljohn Ruperto,✅ Found to fetch entity
132947,Kamala Ibrahim Ishag,✅ Found to fetch entity
135042,Arnt Jensen,✅ Found to fetch entity
136211,Miquel Vilà,✅ Found to fetch entity
137240,Richard Danne,✅ Found to fetch entity
